station,condition,model,horizon,n_eval,mae,rmse,mae_persistence,rmse_persistence,skill_mae_vs_persistence,skill_rmse_vs_persistence
Birr co offlay,reference,persistence,1,211,8.473596046303319,14.12406006673371,8.473596046303319,14.12406006673371,,
Birr co offlay,reference,persistence,2,212,8.659978836462264,14.533548890991174,8.659978836462264,14.533548890991174,,
Birr co offlay,reference,persistence,3,212,8.624216583820754,14.701264015382009,8.624216583820754,14.701264015382009,,
Birr co offlay,reference,persistence,4,212,8.785980914764151,14.87352355890036,8.785980914764151,14.87352355890036,,
Birr co offlay,reference,persistence,5,212,8.990306351367924,14.95049002185638,8.990306351367924,14.95049002185638,,
Birr co offlay,reference,persistence,6,212,9.243238354150945,15.105319897589112,9.243238354150945,15.105319897589112,,
Birr co offlay,reference,persistence,7,212,9.398566399103776,15.071642496595285,9.398566399103776,15.071642496595285,,
Birr co offlay,reference,persistence,8,212,9.949191829481132,15.604968877578816,9.949191829481132,15.604968877578816,,
Birr co offlay,reference,persistence,9,212,9.644616588443396,14.845672831313207,9.644616588443396,14.845672831313207,,
Birr co offlay,reference,persistence,10,212,10.012999592273584,15.328205345664143,10.012999592273584,15.328205345664143,,
Birr co offlay,reference,persistence,11,212,9.785991932273586,15.38092581256083,9.785991932273586,15.38092581256083,,
Birr co offlay,reference,persistence,12,212,9.526130719575471,15.692270620784226,9.526130719575471,15.692270620784226,,
Birr co offlay,reference,persistence,13,212,9.151914323867926,15.12706082804524,9.151914323867926,15.12706082804524,,
Birr co offlay,reference,persistence,14,212,8.806124925047172,14.790613826526991,8.806124925047172,14.790613826526991,,
Birr co offlay,reference,persistence,15,211,8.390366017393365,14.098457790948576,8.390366017393365,14.098457790948576,,
Birr co offlay,reference,persistence,16,211,8.338578147488152,14.127488764711272,8.338578147488152,14.127488764711272,,
Birr co offlay,reference,persistence,17,212,8.476087709339623,14.522899445768996,8.476087709339623,14.522899445768996,,
Birr co offlay,reference,persistence,18,212,9.711468644433962,16.749104897509746,9.711468644433962,16.749104897509746,,
Birr co offlay,reference,persistence,19,212,11.167648273820756,19.541219110543636,11.167648273820756,19.541219110543636,,
Birr co offlay,reference,persistence,20,212,12.099985763726416,21.467150083627505,12.099985763726416,21.467150083627505,,
Birr co offlay,reference,persistence,21,212,11.91951525754717,21.675368351870524,11.91951525754717,21.675368351870524,,
Birr co offlay,reference,persistence,22,212,9.997427804245282,16.419249589858655,9.997427804245282,16.419249589858655,,
Birr co offlay,reference,persistence,23,212,9.696251708679243,16.221772354270485,9.696251708679243,16.221772354270485,,
Birr co offlay,reference,persistence,24,212,10.198217364292452,15.720667298345692,10.198217364292452,15.720667298345692,,
Birr co offlay,reference,sarima,1,211,7.978744875148839,12.945481249769712,8.473596046303319,14.12406006673371,0.0583991930286036,0.0834447610244801
Birr co offlay,reference,sarima,2,212,7.392462125170887,12.003499253742792,8.659978836462264,14.533548890991174,0.1463648740057633,0.1740834022182062
Birr co offlay,reference,sarima,3,212,6.696141370728179,10.942568681083504,8.624216583820754,14.701264015382009,0.223565258867651,0.2556715756118495
Birr co offlay,reference,sarima,4,212,6.454590884341514,10.0895969071481,8.785980914764151,14.87352355890036,0.2653534139261466,0.3216404393220963
Birr co offlay,reference,sarima,5,212,6.02900153041568,9.261962749871858,8.990306351367924,14.95049002185638,0.3293886443037244,0.3804910249542568
Birr co offlay,reference,sarima,6,212,6.199077888480821,9.09947099418699,9.243238354150945,15.105319897589112,0.3293391719475734,0.3975982596939695
Birr co offlay,reference,sarima,7,212,6.403850325615476,8.9039776629929,9.398566399103776,15.071642496595285,0.3186354116489369,0.4092231377565962
Birr co offlay,reference,sarima,8,212,7.520916226246428,10.824012876327473,9.949191829481132,15.604968877578816,0.2440676232655715,0.3063739529862574
Birr co offlay,reference,sarima,9,212,7.966804098647954,10.200358897588185,9.644616588443396,14.845672831313207,0.1739636277305072,0.3129069316364634
Birr co offlay,reference,sarima,10,212,8.723497502651622,11.335363235531249,10.012999592273584,15.328205345664143,0.1287827965774602,0.2604898629742288
Birr co offlay,reference,sarima,11,212,8.870911191648476,11.958314667355108,9.785991932273586,15.38092581256083,0.0935092473975204,0.2225230904118039
Birr co offlay,reference,sarima,12,212,9.062758905179397,13.205686413689524,9.526130719575471,15.692270620784226,0.0486421851679909,0.1584591718550437
Birr co offlay,reference,sarima,13,212,9.566834046259077,13.646260039429247,9.151914323867926,15.12706082804524,-0.0453369325485324,0.0978908464406131
Birr co offlay,reference,sarima,14,212,9.696559606153878,13.681250731510383,8.806124925047172,14.790613826526991,-0.1011153814743248,0.0750045338231306
Birr co offlay,reference,sarima,15,211,9.02633772024524,12.273296446929598,8.390366017393365,14.098457790948576,-0.0757978497640621,0.1294582266431126
Birr co offlay,reference,sarima,16,211,9.4760949505481,12.57785182112582,8.338578147488152,14.127488764711272,-0.1364161590789439,0.1096894833465559
Birr co offlay,reference,sarima,17,212,10.863461322168268,14.64587163652165,8.476087709339623,14.522899445768996,-0.2816598523630245,-0.0084674683049243
Birr co offlay,reference,sarima,18,212,13.205310621190373,19.24988441776701,9.711468644433962,16.749104897509746,-0.3597645325003311,-0.1493082487428376
Birr co offlay,reference,sarima,19,212,14.949450253072012,22.46717272846645,11.167648273820756,19.541219110543636,-0.3386390658556619,-0.1497323990571344
Birr co offlay,reference,sarima,20,212,16.036189824653526,24.962851828211885,12.099985763726416,21.467150083627505,-0.3253065034776441,-0.1628395819177912
Birr co offlay,reference,sarima,21,212,16.255942013959757,24.875781664881572,11.91951525754717,21.675368351870524,-0.3638089857443538,-0.1476520842025213
Birr co offlay,reference,sarima,22,212,14.33514814690584,19.02256976601523,9.997427804245282,16.419249589858655,-0.4338836376311312,-0.1585529327579329
Birr co offlay,reference,sarima,23,212,13.740988483455146,18.476575101040947,9.696251708679243,16.221772354270485,-0.4171443663282175,-0.1389985445195125
Birr co offlay,reference,sarima,24,212,12.028172864910328,15.612768259762394,10.198217364292452,15.720667298345692,-0.1794387622120308,0.0068635151762707
Birr co offlay,lags_meteo,xgboost_direct,1,211,5.068969421230411,6.755268399907042,8.473596046303319,14.12406006673371,0.4017924156956015,0.5217190830406001
Birr co offlay,lags_meteo,xgboost_direct,2,212,4.692217193943039,6.369456639620479,8.659978836462264,14.533548890991174,0.4581722100535891,0.5617411351216028
Birr co offlay,lags_meteo,xgboost_direct,3,212,4.334124075076748,5.78742347948157,8.624216583820754,14.701264015382009,0.4974472135581946,0.6063315730248664
Birr co offlay,lags_meteo,xgboost_direct,4,212,4.219014134453327,5.557953638444112,8.785980914764151,14.87352355890036,0.5198015821587314,0.6263189676317004
Birr co offlay,lags_meteo,xgboost_direct,5,212,4.426203247909126,5.981961378431626,8.990306351367924,14.95049002185638,0.5076693635433618,0.5998819189413529
Birr co offlay,lags_meteo,xgboost_direct,6,212,4.74744939248954,6.628871683523514,9.243238354150945,15.105319897589112,0.4863867823599334,0.561156484704338
Birr co offlay,lags_meteo,xgboost_direct,7,212,4.892045703148959,6.504148998327412,9.398566399103776,15.071642496595285,0.4794902227199827,0.5684512155993142
Birr co offlay,lags_meteo,xgboost_direct,8,212,5.907621176955774,8.348352048737773,9.949191829481132,15.604968877578816,0.4062209998353336,0.4650196284125458
Birr co offlay,lags_meteo,xgboost_direct,9,212,6.134815831449729,7.786464309861672,9.644616588443396,14.845672831313207,0.3639129378351093,0.4755061358055739
Birr co offlay,lags_meteo,xgboost_direct,10,212,6.700494139148107,8.609907796750306,10.012999592273584,15.328205345664143,0.3308204921611635,0.4382964213624805
Birr co offlay,lags_meteo,xgboost_direct,11,212,6.333067627184606,8.53989124467269,9.785991932273586,15.38092581256083,0.3528435675183271,0.4447739135638643
Birr co offlay,lags_meteo,xgboost_direct,12,212,6.389610405740264,10.042749259824951,9.526130719575471,15.692270620784226,0.329254385244777,0.3600193686104641
Birr co offlay,lags_meteo,xgboost_direct,13,212,6.417375040923906,9.6776468807952,9.151914323867926,15.12706082804524,0.2987942397813342,0.3602427470343047
Birr co offlay,lags_meteo,xgboost_direct,14,212,5.296514880825063,9.203205858780588,8.806124925047172,14.790613826526991,0.3985419323588927,0.3777671456559415
Birr co offlay,lags_meteo,xgboost_direct,15,211,5.039170348160591,8.202514967150384,8.390366017393365,14.098457790948576,0.3994099497311191,0.4181977143332285
Birr co offlay,lags_meteo,xgboost_direct,16,211,5.228077143296625,8.230963290771182,8.338578147488152,14.127488764711272,0.3730253466687854,0.4173795903960571
Birr co offlay,lags_meteo,xgboost_direct,17,212,4.843373825601046,7.513809612525753,8.476087709339623,14.522899445768996,0.4285838004880207,0.482623312198531
Birr co offlay,lags_meteo,xgboost_direct,18,212,6.243571906325716,9.660005910703426,9.711468644433962,16.749104897509746,0.3570929243637973,0.4232524084233496
Birr co offlay,lags_meteo,xgboost_direct,19,212,8.02968613391426,13.230392861967749,11.167648273820756,19.541219110543636,0.2809868347360581,0.322949464558781
Birr co offlay,lags_meteo,xgboost_direct,20,212,9.110817871006798,15.415054128719849,12.099985763726416,21.467150083627505,0.2470389594738703,0.2819235870309329
Birr co offlay,lags_meteo,xgboost_direct,21,212,8.821117045154004,16.105411679365492,11.91951525754717,21.675368351870524,0.2599433068749444,0.2569717193306364
Birr co offlay,lags_meteo,xgboost_direct,22,212,6.84614259345854,9.67803500319904,9.997427804245282,16.419249589858655,0.3152095991579543,0.4105677637559833
Birr co offlay,lags_meteo,xgboost_direct,23,212,6.006889915949321,8.950505738239464,9.696251708679243,16.221772354270485,0.3804936075893664,0.4482411944411741
Birr co offlay,lags_meteo,xgboost_direct,24,212,6.7721724747322165,10.101969478340386,10.198217364292452,15.720667298345692,0.3359454664651514,0.3574083538169254
Birr co offlay,lags_only,xgboost_direct,1,211,5.608509805717774,7.486457458506323,8.473596046303319,14.12406006673371,0.3381192854756705,0.4699500410551837
Birr co offlay,lags_only,xgboost_direct,2,212,4.975926425625582,6.658621364873306,8.659978836462264,14.533548890991174,0.425411248734838,0.5418447748160984
Birr co offlay,lags_only,xgboost_direct,3,212,4.592700430209753,6.038532940190311,8.624216583820754,14.701264015382009,0.4674646229518663,0.5892507655211032
Birr co offlay,lags_only,xgboost_direct,4,212,4.500209863654221,5.794197160164154,8.785980914764151,14.87352355890036,0.4877965354907644,0.6104354736644169
Birr co offlay,lags_only,xgboost_direct,5,212,4.502473601852351,5.761883219170665,8.990306351367924,14.95049002185638,0.4991857423003971,0.6146023835508222
Birr co offlay,lags_only,xgboost_direct,6,212,4.8482849141744015,6.380609733851271,9.243238354150945,15.105319897589112,0.4754776704425091,0.5775918830511064
Birr co offlay,lags_only,xgboost_direct,7,212,5.196890494717545,6.5024746546461065,9.398566399103776,15.071642496595285,0.447054979021789,0.5685623079160065
Birr co offlay,lags_only,xgboost_direct,8,212,6.433944831039135,8.651669857296405,9.949191829481132,15.604968877578816,0.353319853380023,0.4455823702585461
Birr co offlay,lags_only,xgboost_direct,9,212,6.544628861165686,8.038053381297958,9.644616588443396,14.845672831313207,0.3214215618474922,0.4585591725863911
Birr co offlay,lags_only,xgboost_direct,10,212,7.215996150058141,8.851375160932013,10.012999592273584,15.328205345664143,0.2793372172284635,0.4225432814001423
Birr co offlay,lags_only,xgboost_direct,11,212,7.0472530333528365,9.229290601364877,9.785991932273586,15.38092581256083,0.2798631878990785,0.3999522061391274
Birr co offlay,lags_only,xgboost_direct,12,212,6.92251094769601,10.305800352471696,9.526130719575471,15.692270620784226,0.2733134625718731,0.3432562691837735
Birr co offlay,lags_only,xgboost_direct,13,212,7.001870920960889,10.536315588064678,9.151914323867926,15.12706082804524,0.2349282703947289,0.3034789964927901
Birr co offlay,lags_only,xgboost_direct,14,212,5.154982705233045,9.273920722320506,8.806124925047172,14.790613826526991,0.4146139477795982,0.3729860821808685
Birr co offlay,lags_only,xgboost_direct,15,211,5.041488960730071,8.24037802306447,8.390366017393365,14.098457790948576,0.3991336074875659,0.4155120974753056
Birr co offlay,lags_only,xgboost_direct,16,211,5.345039622756921,8.36586449363599,8.338578147488152,14.127488764711272,0.3589986772064949,0.407830745225373
Birr co offlay,lags_only,xgboost_direct,17,212,5.854766284930617,8.984516363165138,8.476087709339623,14.522899445768996,0.3092607715137996,0.3813551903519772
Birr co offlay,lags_only,xgboost_direct,18,212,7.639340823472433,12.48374232640426,9.711468644433962,16.749104897509746,0.2133691511375213,0.2546621205853012
Birr co offlay,lags_only,xgboost_direct,19,212,8.824233560884759,14.998601903966088,11.167648273820756,19.541219110543636,0.2098395880204643,0.2324633473930261
Birr co offlay,lags_only,xgboost_direct,20,212,10.121413563515423,17.456133555810432,12.099985763726416,21.467150083627505,0.1635185560418091,0.1868443883883861
Birr co offlay,lags_only,xgboost_direct,21,212,10.078352231478933,17.88700923652662,11.91951525754717,21.675368351870524,0.1544662669819944,0.1747771504430733
Birr co offlay,lags_only,xgboost_direct,22,212,7.976940956433348,11.687741562193628,9.997427804245282,16.419249589858655,0.2021006690294836,0.2881683478754986
Birr co offlay,lags_only,xgboost_direct,23,212,7.457451937299931,11.84023110235156,9.696251708679243,16.221772354270485,0.2308933223521141,0.2701024990506326
Birr co offlay,lags_only,xgboost_direct,24,212,6.950576747666472,10.259900373449584,10.198217364292452,15.720667298345692,0.3184517941338565,0.3473622856626926
Dublin Airport,reference,persistence,1,145,3.794534872779311,5.961886383154207,3.794534872779311,5.961886383154207,,
Dublin Airport,reference,persistence,2,145,4.634532650255173,6.977297009161245,4.634532650255173,6.977297009161245,,
Dublin Airport,reference,persistence,3,145,5.68929183315862,8.803797795979595,5.68929183315862,8.803797795979595,,
Dublin Airport,reference,persistence,4,145,6.253511836110345,9.764232095901804,6.253511836110345,9.764232095901804,,
Dublin Airport,reference,persistence,5,145,6.758647862186208,10.209622430889194,6.758647862186208,10.209622430889194,,
Dublin Airport,reference,persistence,6,145,7.116513519524137,11.89590632398387,7.116513519524137,11.89590632398387,,
Dublin Airport,reference,persistence,7,145,7.695496123937931,12.17758462348938,7.695496123937931,12.17758462348938,,
Dublin Airport,reference,persistence,8,145,8.567829819524139,13.637409106868557,8.567829819524139,13.637409106868557,,
Dublin Airport,reference,persistence,9,145,9.52667603104138,15.84489183784287,9.52667603104138,15.84489183784287,,
Dublin Airport,reference,persistence,10,145,9.84264285855862,15.803633824433035,9.84264285855862,15.803633824433035,,
Dublin Airport,reference,persistence,11,145,10.453592287820689,16.573667304381473,10.453592287820689,16.573667304381473,,
Dublin Airport,reference,persistence,12,145,10.57182933182069,16.505313771020163,10.57182933182069,16.505313771020163,,
Dublin Airport,reference,persistence,13,145,10.72954833293793,16.420761800452667,10.72954833293793,16.420761800452667,,
Dublin Airport,reference,persistence,14,145,11.082578466482758,17.032789914246248,11.082578466482758,17.032789914246248,,
Dublin Airport,reference,persistence,15,145,10.772304537993104,17.450036290526633,10.772304537993104,17.450036290526633,,
Dublin Airport,reference,persistence,16,145,11.640830450455171,18.98080294358208,11.640830450455171,18.98080294358208,,
Dublin Airport,reference,persistence,17,145,10.431081512593105,16.50353952198654,10.431081512593105,16.50353952198654,,
Dublin Airport,reference,persistence,18,145,9.745120075448275,15.473878425927788,9.745120075448275,15.473878425927788,,
Dublin Airport,reference,persistence,19,145,9.315909144786207,15.029883762338844,9.315909144786207,15.029883762338844,,
Dublin Airport,reference,persistence,20,145,8.813077339737932,14.141105526781963,8.813077339737932,14.141105526781963,,
Dublin Airport,reference,persistence,21,145,9.35581017075862,15.141102678968496,9.35581017075862,15.141102678968496,,
Dublin Airport,reference,persistence,22,145,9.91295545175862,16.12365185888221,9.91295545175862,16.12365185888221,,
Dublin Airport,reference,persistence,23,145,10.201341206344829,17.190217462324608,10.201341206344829,17.190217462324608,,
Dublin Airport,reference,persistence,24,145,10.113923985013791,17.210122031351013,10.113923985013791,17.210122031351013,,
Dublin Airport,reference,sarima,1,145,3.6304604187825382,5.654914563192549,3.794534872779311,5.961886383154207,0.043239674821224,0.0514890422650508
Dublin Airport,reference,sarima,2,145,4.260790340092397,6.277494813295043,4.634532650255173,6.977297009161245,0.0806429338980271,0.1002970340731312
Dublin Airport,reference,sarima,3,145,4.921706991110208,7.046574591277273,5.68929183315862,8.803797795979595,0.1349174668057517,0.1995983148891479
Dublin Airport,reference,sarima,4,145,5.325206961248324,7.402685317223688,6.253511836110345,9.764232095901804,0.1484453694485085,0.2418568870018251
Dublin Airport,reference,sarima,5,145,5.650338106112006,7.573361257953461,6.758647862186208,10.209622430889194,0.1639839474808351,0.2582133855371311
Dublin Airport,reference,sarima,6,145,6.148821953025681,8.525369830528756,7.116513519524137,11.89590632398387,0.1359783219470596,0.2833358301300358
Dublin Airport,reference,sarima,7,145,7.470596400718231,9.857850142327358,7.695496123937931,12.17758462348938,0.0292248504316853,0.1904921667871213
Dublin Airport,reference,sarima,8,145,8.519863713381193,11.392889081264975,8.567829819524139,13.637409106868557,0.0055983962279038,0.1645855167953503
Dublin Airport,reference,sarima,9,145,9.713197387608488,13.448404275572605,9.52667603104138,15.84489183784287,-0.0195788495335993,0.1512466974717148
Dublin Airport,reference,sarima,10,145,10.234282115158496,13.851067573472733,9.84264285855862,15.803633824433035,-0.0397900505207631,0.1235517269415317
Dublin Airport,reference,sarima,11,145,10.67440468239588,14.881327138819106,10.453592287820689,16.573667304381473,-0.0211231114142893,0.1021101808357751
Dublin Airport,reference,sarima,12,145,11.023804985183496,14.848375045620688,10.57182933182069,16.505313771020163,-0.0427528329465536,0.1003881991209829
Dublin Airport,reference,sarima,13,145,11.583963665284632,15.454017018037195,10.72954833293793,16.420761800452667,-0.0796319943611967,0.0588733211140558
Dublin Airport,reference,sarima,14,145,12.160570638002248,16.151355962461853,11.082578466482758,17.032789914246248,-0.0972690763958659,0.0517492410945057
Dublin Airport,reference,sarima,15,145,11.905947966698136,16.435033923638226,10.772304537993104,17.450036290526633,-0.1052368529599916,0.0581662037825925
Dublin Airport,reference,sarima,16,145,12.381228690170223,18.10769267726444,11.640830450455171,18.98080294358208,-0.0636035584287806,0.0459996486404103
Dublin Airport,reference,sarima,17,145,10.836951590067404,14.92181775185147,10.431081512593105,16.50353952198654,-0.0389096832369977,0.0958413659098915
Dublin Airport,reference,sarima,18,145,10.428657583437554,13.796032585101228,9.745120075448275,15.473878425927788,-0.0701415172616879,0.1084308532510626
Dublin Airport,reference,sarima,19,145,10.68545824929647,13.863164550561674,9.315909144786207,15.029883762338844,-0.1470118571601519,0.0776266290695261
Dublin Airport,reference,sarima,20,145,9.79201973173147,12.40046284945721,8.813077339737932,14.141105526781963,-0.1110783843436291,0.1230909898825191
Dublin Airport,reference,sarima,21,145,10.630748200171524,14.618863784970058,9.35581017075862,15.141102678968496,-0.1362723276919075,0.0344914703421069
Dublin Airport,reference,sarima,22,145,11.040720407559627,15.603332247727232,9.91295545175862,16.12365185888221,-0.1137667733189435,0.0322705808652362
Dublin Airport,reference,sarima,23,145,11.268790510551696,16.88008509539439,10.201341206344829,17.190217462324608,-0.1046381336155051,0.0180412125448633
Dublin Airport,reference,sarima,24,145,10.979017669750291,16.509294888133773,10.113923985013791,17.210122031351013,-0.0855349205727018,0.0407217997606623
Dublin Airport,lags_meteo,xgboost_direct,1,145,3.9008357331147447,6.365916035152559,3.794534872779311,5.961886383154207,-0.0280142003959431,-0.0677687607633668
Dublin Airport,lags_meteo,xgboost_direct,2,145,3.885260197568125,6.442361284304317,4.634532650255173,6.977297009161245,0.1616716310426238,0.076668045541784
Dublin Airport,lags_meteo,xgboost_direct,3,145,4.409017927203457,6.0621887895481965,5.68929183315862,8.803797795979595,0.2250322084891841,0.3114120825995573
Dublin Airport,lags_meteo,xgboost_direct,4,145,5.072009754498632,7.277224890461505,6.253511836110345,9.764232095901804,0.1889341721221722,0.2547058673957714
Dublin Airport,lags_meteo,xgboost_direct,5,145,5.630575774026976,7.518615354834321,6.758647862186208,10.209622430889194,0.1669079542478687,0.2635755723848549
Dublin Airport,lags_meteo,xgboost_direct,6,145,5.547855179978924,7.631013482088404,7.116513519524137,11.89590632398387,0.2204251190195315,0.3585176888369424
Dublin Airport,lags_meteo,xgboost_direct,7,145,6.4782483784622364,8.926003281121215,7.695496123937931,12.17758462348938,0.1581766433081908,0.2670136519598624
Dublin Airport,lags_meteo,xgboost_direct,8,145,7.391284951229804,9.634089911243567,8.567829819524139,13.637409106868557,0.1373212228857833,0.2935542348442633
Dublin Airport,lags_meteo,xgboost_direct,9,145,9.118383448588869,11.761634845991669,9.52667603104138,15.84489183784287,0.0428578216706587,0.2577017901819326
Dublin Airport,lags_meteo,xgboost_direct,10,145,8.89929825554637,11.417815028749668,9.84264285855862,15.803633824433035,0.0958426122504251,0.2775196416473988
Dublin Airport,lags_meteo,xgboost_direct,11,145,9.616167042901834,12.374338635699049,10.453592287820689,16.573667304381473,0.0801088488877191,0.2533735347500475
Dublin Airport,lags_meteo,xgboost_direct,12,145,9.759022119861584,12.16510285137151,10.57182933182069,16.505313771020163,0.0768842540346914,0.2629584011464929
Dublin Airport,lags_meteo,xgboost_direct,13,145,9.739442219954654,13.168589814846046,10.72954833293793,16.420761800452667,0.0922784522013676,0.1980524427019561
Dublin Airport,lags_meteo,xgboost_direct,14,145,9.303635561669507,12.197741509117169,11.082578466482758,17.032789914246248,0.1605170592920537,0.2838670839875175
Dublin Airport,lags_meteo,xgboost_direct,15,145,9.49436416955891,12.843112668914891,10.772304537993104,17.450036290526633,0.1186320312359342,0.2640065352822659
Dublin Airport,lags_meteo,xgboost_direct,16,145,9.786079454116548,14.229286687869012,11.640830450455171,18.98080294358208,0.1593315016684312,0.2503327319627267
Dublin Airport,lags_meteo,xgboost_direct,17,145,8.79832904746449,11.383484701404962,10.431081512593105,16.50353952198654,0.1565276297723725,0.310239801211157
Dublin Airport,lags_meteo,xgboost_direct,18,145,8.22348572716683,11.771528377998672,9.745120075448275,15.473878425927788,0.1561432118332776,0.2392645170150436
Dublin Airport,lags_meteo,xgboost_direct,19,145,7.587850111906465,11.247651671775216,9.315909144786207,15.029883762338844,0.1854954794022306,0.2516474611760446
Dublin Airport,lags_meteo,xgboost_direct,20,145,7.267382189066572,10.00965832958783,8.813077339737932,14.141105526781963,0.1753865410555132,0.292158713430824
Dublin Airport,lags_meteo,xgboost_direct,21,145,8.12625931533768,12.18530019018763,9.35581017075862,15.141102678968496,0.1314210990795724,0.1952171219924804
Dublin Airport,lags_meteo,xgboost_direct,22,145,7.908783464983661,11.998244576993988,9.91295545175862,16.12365185888221,0.2021770395850418,0.2558606026720685
Dublin Airport,lags_meteo,xgboost_direct,23,145,8.290204923541582,13.333608247890815,10.201341206344829,17.190217462324608,0.1873416685263498,0.2243490649775799
Dublin Airport,lags_meteo,xgboost_direct,24,145,8.315114286362151,13.195712903047877,10.113923985013791,17.210122031351013,0.1778547773660361,0.2332586091481654
Dublin Airport,lags_only,xgboost_direct,1,145,4.15333201204278,7.028641887848691,3.794534872779311,5.961886383154207,-0.0945562898465781,-0.1789291905509451
Dublin Airport,lags_only,xgboost_direct,2,145,4.292043613448526,7.620382427037742,4.634532650255173,6.977297009161245,0.0738993686424434,-0.0921682733345192
Dublin Airport,lags_only,xgboost_direct,3,145,4.998503543179585,7.071966667779626,5.68929183315862,8.803797795979595,0.1214190289822975,0.1967140963858619
Dublin Airport,lags_only,xgboost_direct,4,145,5.279875655102799,7.552539018886784,6.253511836110345,9.764232095901804,0.1556943052998429,0.2265096789273681
Dublin Airport,lags_only,xgboost_direct,5,145,5.705663517588819,8.204978443135275,6.758647862186208,10.209622430889194,0.1557980776730068,0.196348493915786
Dublin Airport,lags_only,xgboost_direct,6,145,5.720287393076074,7.479865327191363,7.116513519524137,11.89590632398387,0.1961952468181954,0.3712235853681134
Dublin Airport,lags_only,xgboost_direct,7,145,6.842088380357746,8.799795515337209,7.695496123937931,12.17758462348938,0.1108970402734061,0.2773775927318742
Dublin Airport,lags_only,xgboost_direct,8,145,7.6272667144775905,10.0151243102875,8.567829819524139,13.637409106868557,0.1097784532208165,0.2656138543762445
Dublin Airport,lags_only,xgboost_direct,9,145,9.350382521077822,11.7892427342419,9.52667603104138,15.84489183784287,0.0185052487760818,0.2559594060411779
Dublin Airport,lags_only,xgboost_direct,10,145,9.219223785223868,11.301989087670428,9.84264285855862,15.803633824433035,0.063338585204548,0.2848487118072104
Dublin Airport,lags_only,xgboost_direct,11,145,9.933388081420343,12.238428192294924,10.453592287820689,16.573667304381473,0.0497632002547512,0.2615739191856754
Dublin Airport,lags_only,xgboost_direct,12,145,9.875511446334848,11.969914084057006,10.57182933182069,16.505313771020163,0.0658654111441204,0.2747842149433328
Dublin Airport,lags_only,xgboost_direct,13,145,9.75671759481152,12.11148394394443,10.72954833293793,16.420761800452667,0.090668377450706,0.2624286198700869
Dublin Airport,lags_only,xgboost_direct,14,145,9.621012012015091,11.80259353985664,11.082578466482758,17.032789914246248,0.1318796396423365,0.3070663350350529
Dublin Airport,lags_only,xgboost_direct,15,145,9.458104111574334,12.322177472818264,10.772304537993104,17.450036290526633,0.121998075879092,0.2938594930310951
Dublin Airport,lags_only,xgboost_direct,16,145,9.876833023152177,13.911596537576992,11.640830450455171,18.98080294358208,0.1515353595098552,0.2670701772244637
Dublin Airport,lags_only,xgboost_direct,17,145,9.05085268887666,11.329903405030066,10.431081512593105,16.50353952198654,0.1323188609014451,0.3134864560456253
Dublin Airport,lags_only,xgboost_direct,18,145,8.06330806750728,10.079492484186783,9.745120075448275,15.473878425927788,0.1725799164012489,0.3486124029966693
Dublin Airport,lags_only,xgboost_direct,19,145,7.62884016589813,9.577704926118768,9.315909144786207,15.029883762338844,0.1810954736320363,0.3627558883643453
Dublin Airport,lags_only,xgboost_direct,20,145,7.67942927591076,9.25221032876022,8.813077339737932,14.141105526781963,0.1286324878502521,0.3457222767175184
Dublin Airport,lags_only,xgboost_direct,21,145,8.684592361778988,12.019948120115172,9.35581017075862,15.141102678968496,0.071743418980166,0.2061378636041292
Dublin Airport,lags_only,xgboost_direct,22,145,8.228959138269929,12.163596692016071,9.91295545175862,16.12365185888221,0.1698783295944238,0.2456053505449894
Dublin Airport,lags_only,xgboost_direct,23,145,8.674718452227179,13.672743086104894,10.201341206344829,17.190217462324608,0.1496492199641504,0.2046207026716723
Dublin Airport,lags_only,xgboost_direct,24,145,8.48384169995307,13.584474757092451,10.113923985013791,17.210122031351013,0.1611720918088846,0.2106694692608141
Dundalk Co Louth,reference,persistence,1,151,5.584263686490065,9.387431054741484,5.584263686490065,9.387431054741484,,
Dundalk Co Louth,reference,persistence,2,150,6.6240178834000005,11.206530836969776,6.6240178834000005,11.206530836969776,,
Dundalk Co Louth,reference,persistence,3,151,7.082185827880795,12.117008571615909,7.082185827880795,12.117008571615909,,
Dundalk Co Louth,reference,persistence,4,151,7.543250468145695,12.895993328722856,7.543250468145695,12.895993328722856,,
Dundalk Co Louth,reference,persistence,5,151,8.378960518543048,13.514551401978432,8.378960518543048,13.514551401978432,,
Dundalk Co Louth,reference,persistence,6,152,9.039837473289474,14.22488186118687,9.039837473289474,14.22488186118687,,
Dundalk Co Louth,reference,persistence,7,152,9.33416740006579,14.70491877417474,9.33416740006579,14.70491877417474,,
Dundalk Co Louth,reference,persistence,8,152,9.326347622302633,14.633800597597872,9.326347622302633,14.633800597597872,,
Dundalk Co Louth,reference,persistence,9,152,9.027395780131576,14.113848605133349,9.027395780131576,14.113848605133349,,
Dundalk Co Louth,reference,persistence,10,153,9.303012733202614,14.373279686670056,9.303012733202614,14.373279686670056,,
Dundalk Co Louth,reference,persistence,11,153,10.030775476797384,15.875229661424996,10.030775476797384,15.875229661424996,,
Dundalk Co Louth,reference,persistence,12,153,10.061342567843136,15.90734720605791,10.061342567843136,15.90734720605791,,
Dundalk Co Louth,reference,persistence,13,153,9.65851303490196,14.88785947304236,9.65851303490196,14.88785947304236,,
Dundalk Co Louth,reference,persistence,14,152,9.369361487236842,14.616610288551254,9.369361487236842,14.616610288551254,,
Dundalk Co Louth,reference,persistence,15,152,9.805145889407894,15.509464860511445,9.805145889407894,15.509464860511445,,
Dundalk Co Louth,reference,persistence,16,151,9.744590186622515,14.920403945680778,9.744590186622515,14.920403945680778,,
Dundalk Co Louth,reference,persistence,17,151,9.535548446291392,14.344932665120968,9.535548446291392,14.344932665120968,,
Dundalk Co Louth,reference,persistence,18,151,10.027346343377484,14.688321189521204,10.027346343377484,14.688321189521204,,
Dundalk Co Louth,reference,persistence,19,150,12.6091435904,20.28112007876572,12.6091435904,20.28112007876572,,
Dundalk Co Louth,reference,persistence,20,151,12.270070758410595,18.194551493239725,12.270070758410595,18.194551493239725,,
Dundalk Co Louth,reference,persistence,21,151,11.591488831059602,18.10098430982888,11.591488831059602,18.10098430982888,,
Dundalk Co Louth,reference,persistence,22,151,11.033119254900663,16.85688150933612,11.033119254900663,16.85688150933612,,
Dundalk Co Louth,reference,persistence,23,151,10.43790615311258,16.228682079264455,10.43790615311258,16.228682079264455,,
Dundalk Co Louth,reference,persistence,24,152,9.887605670986842,15.086298462041905,9.887605670986842,15.086298462041905,,
Dundalk Co Louth,reference,sarima,1,151,5.15173556100147,8.77022638636876,5.584263686490065,9.387431054741484,0.0774548176396119,0.0657479841687872
Dundalk Co Louth,reference,sarima,2,150,5.851004008037956,9.923477409248678,6.6240178834000005,11.206530836969776,0.116698639552173,0.1144915805244893
Dundalk Co Louth,reference,sarima,3,151,5.984699591124929,10.263214236536635,7.082185827880795,12.117008571615909,0.1549643377663625,0.152991088858498
Dundalk Co Louth,reference,sarima,4,151,6.19480311517303,10.570036531933042,7.543250468145695,12.895993328722856,0.1787621077501017,0.1803627481420358
Dundalk Co Louth,reference,sarima,5,151,6.487351352699382,10.58503106012013,8.378960518543048,13.514551401978432,0.2257570210120267,0.2167678567140187
Dundalk Co Louth,reference,sarima,6,152,6.798450051280493,10.790084825261667,9.039837473289474,14.22488186118687,0.247945544223747,0.241464011402244
Dundalk Co Louth,reference,sarima,7,152,6.979692596458569,10.847171585063975,9.33416740006579,14.70491877417474,0.2522426160463573,0.2623439985187723
Dundalk Co Louth,reference,sarima,8,152,6.932278850364307,10.597579906313944,9.326347622302633,14.633800597597872,0.2566995000500784,0.2758149302612797
Dundalk Co Louth,reference,sarima,9,152,6.875705078137212,10.177270208095134,9.027395780131576,14.113848605133349,0.2383512094074824,0.2789160141342626
Dundalk Co Louth,reference,sarima,10,153,7.447590892618861,10.476943814748456,9.303012733202614,14.373279686670056,0.1994431152353172,0.2710818934063537
Dundalk Co Louth,reference,sarima,11,153,8.115699806861269,12.623236958010253,10.030775476797384,15.875229661424996,0.1909200015857157,0.2048469705806345
Dundalk Co Louth,reference,sarima,12,153,7.983076691806997,12.243710572418276,10.061342567843136,15.90734720605791,0.2065594985979748,0.230310974305284
Dundalk Co Louth,reference,sarima,13,153,7.68464987622443,10.71585285717698,9.65851303490196,14.88785947304236,0.2043651182687011,0.2802287745541718
Dundalk Co Louth,reference,sarima,14,152,7.056105809000201,9.555378592384884,9.369361487236842,14.616610288551254,0.2468957656706715,0.3462657617772486
Dundalk Co Louth,reference,sarima,15,152,7.964988591110225,11.560343659961086,9.805145889407894,15.509464860511445,0.1876726077360581,0.2546265287724525
Dundalk Co Louth,reference,sarima,16,151,8.191038222314507,11.24606288443668,9.744590186622515,14.920403945680778,0.1594271215674869,0.2462628407797071
Dundalk Co Louth,reference,sarima,17,151,8.642621662560165,11.900396836922322,9.535548446291392,14.344932665120968,0.0936418905279127,0.170411105110477
Dundalk Co Louth,reference,sarima,18,151,10.042366395159052,14.031685633310715,10.027346343377484,14.688321189521204,-0.0014979089449214,0.04470460223044
Dundalk Co Louth,reference,sarima,19,150,13.030487955020668,21.05979375112676,12.6091435904,20.28112007876572,-0.0334157797157181,-0.0383940171616219
Dundalk Co Louth,reference,sarima,20,151,13.052181916763669,19.00770434120047,12.270070758410595,18.194551493239725,-0.0637413731144922,-0.044692107319209
Dundalk Co Louth,reference,sarima,21,151,12.86566940300072,18.77649473934437,11.591488831059602,18.10098430982888,-0.1099238062091669,-0.0373189887330427
Dundalk Co Louth,reference,sarima,22,151,11.897738445475357,17.247406054401566,11.033119254900663,16.85688150933612,-0.0783657976134579,-0.0231670694754042
Dundalk Co Louth,reference,sarima,23,151,10.287801806106902,15.788745159171649,10.43790615311258,16.228682079264455,0.014380695208772,0.0271086042565908
Dundalk Co Louth,reference,sarima,24,152,9.041003018157369,13.358738144517725,9.887605670986842,15.086298462041905,0.0856226149181552,0.1145118745907641
Dundalk Co Louth,lags_meteo,xgboost_direct,1,151,4.767487975650937,7.229955771367972,5.584263686490065,9.387431054741484,0.1462638150156022,0.2298259524669208
Dundalk Co Louth,lags_meteo,xgboost_direct,2,150,5.048679726799484,7.396054532551083,6.6240178834000005,11.206530836969776,0.2378221472723322,0.3400228277468461
Dundalk Co Louth,lags_meteo,xgboost_direct,3,151,5.075799008230722,7.086106635784194,7.082185827880795,12.117008571615909,0.2833005047327944,0.4151933958036969
Dundalk Co Louth,lags_meteo,xgboost_direct,4,151,5.212943837796755,7.111454235532488,7.543250468145695,12.895993328722856,0.3089260578300515,0.4485532014278139
Dundalk Co Louth,lags_meteo,xgboost_direct,5,151,6.232148121419948,8.41562807360238,8.378960518543048,13.514551401978432,0.2562146452859037,0.3772913489107458
Dundalk Co Louth,lags_meteo,xgboost_direct,6,152,6.002272049585663,7.943023682354532,9.039837473289474,14.22488186118687,0.3360199154773611,0.4416105694327504
Dundalk Co Louth,lags_meteo,xgboost_direct,7,152,5.950489452818244,7.911721383558969,9.33416740006579,14.70491877417474,0.3625045279586154,0.4619676922354857
Dundalk Co Louth,lags_meteo,xgboost_direct,8,152,6.0650216683252,7.8772911537277555,9.326347622302633,14.633800597597872,0.3496895125567092,0.4617057201790212
Dundalk Co Louth,lags_meteo,xgboost_direct,9,152,5.982180713124194,7.714357160490023,9.027395780131576,14.113848605133349,0.3373304041581523,0.4534193063623883
Dundalk Co Louth,lags_meteo,xgboost_direct,10,153,6.270519274591536,8.038526245869306,9.303012733202614,14.373279686670056,0.3259689678579129,0.4407312442876675
Dundalk Co Louth,lags_meteo,xgboost_direct,11,153,6.9932863747974485,10.482929366434515,10.030775476797384,15.875229661424996,0.3028169765165297,0.3396675456036492
Dundalk Co Louth,lags_meteo,xgboost_direct,12,153,7.074631369983415,10.546559929268373,10.061342567843136,15.90734720605791,0.296850164649546,0.3370007083738022
Dundalk Co Louth,lags_meteo,xgboost_direct,13,153,6.586092350857794,8.863933466662889,9.65851303490196,14.88785947304236,0.3181049373688973,0.4046200205803306
Dundalk Co Louth,lags_meteo,xgboost_direct,14,152,6.30665640605676,8.175945498124191,9.369361487236842,14.616610288551254,0.3268851442387156,0.4406401117139887
Dundalk Co Louth,lags_meteo,xgboost_direct,15,152,7.022639455327633,10.067843973689085,9.805145889407894,15.509464860511445,0.2837802175984032,0.3508580686544021
Dundalk Co Louth,lags_meteo,xgboost_direct,16,151,7.473777331957505,10.255436452822046,9.744590186622515,14.920403945680778,0.233033181609054,0.3126569166519896
Dundalk Co Louth,lags_meteo,xgboost_direct,17,151,7.515463133236611,10.0563375950668,9.535548446291392,14.344932665120968,0.2118478370104073,0.2989623702090763
Dundalk Co Louth,lags_meteo,xgboost_direct,18,151,7.458775654977214,10.485219301926051,10.027346343377484,14.688321189521204,0.2561565742761714,0.2861526401392752
Dundalk Co Louth,lags_meteo,xgboost_direct,19,150,10.43582750288332,17.819854447373146,12.6091435904,20.28112007876572,0.1723603250240832,0.1213574803479178
Dundalk Co Louth,lags_meteo,xgboost_direct,20,151,9.916291755405174,14.857968548458686,12.270070758410595,18.194551493239725,0.1918309233377493,0.1833836325133248
Dundalk Co Louth,lags_meteo,xgboost_direct,21,151,9.151756152751307,14.64530222161598,11.591488831059602,18.10098430982888,0.2104762135275485,0.1909112802410671
Dundalk Co Louth,lags_meteo,xgboost_direct,22,151,8.872296949818224,13.596147743563062,11.033119254900663,16.85688150933612,0.1958487219398675,0.1934363579625989
Dundalk Co Louth,lags_meteo,xgboost_direct,23,151,8.342929392306836,12.944226926856206,10.43790615311258,16.228682079264455,0.200708526219219,0.2023858213726935
Dundalk Co Louth,lags_meteo,xgboost_direct,24,152,8.061831963827089,11.444766060521465,9.887605670986842,15.086298462041905,0.1846527630563901,0.2413801112766508
Dundalk Co Louth,lags_only,xgboost_direct,1,151,5.036941360099231,8.430326499551963,5.584263686490065,9.387431054741484,0.0980115476486118,0.1019559610726621
Dundalk Co Louth,lags_only,xgboost_direct,2,150,5.134697800729027,7.710703457375174,6.6240178834000005,11.206530836969776,0.2248363619916028,0.311945545900971
Dundalk Co Louth,lags_only,xgboost_direct,3,151,5.309830041159729,8.166549225043582,7.082185827880795,12.117008571615909,0.2502554761756949,0.3260259595611969
Dundalk Co Louth,lags_only,xgboost_direct,4,151,5.327727270569784,7.21887966168855,7.543250468145695,12.895993328722856,0.2937093507542695,0.4402230617155983
Dundalk Co Louth,lags_only,xgboost_direct,5,151,6.133266560404133,8.00341790329506,8.378960518543048,13.514551401978432,0.2680158180921231,0.4077925589062898
Dundalk Co Louth,lags_only,xgboost_direct,6,152,6.201934801740208,8.232555233448952,9.039837473289474,14.22488186118687,0.3139329307561755,0.4212566885415202
Dundalk Co Louth,lags_only,xgboost_direct,7,152,5.990446326454042,7.887931919946109,9.33416740006579,14.70491877417474,0.3582238168974964,0.4635854817641596
Dundalk Co Louth,lags_only,xgboost_direct,8,152,6.151844390859948,8.047486541277928,9.326347622302633,14.633800597597872,0.3403801101999791,0.4500754272544265
Dundalk Co Louth,lags_only,xgboost_direct,9,152,6.19566349927405,8.026825783157197,9.027395780131576,14.113848605133349,0.3136820795084553,0.4312801555602801
Dundalk Co Louth,lags_only,xgboost_direct,10,153,6.20706354641103,8.151094453301038,9.303012733202614,14.373279686670056,0.3327899547790671,0.4328994752074255
Dundalk Co Louth,lags_only,xgboost_direct,11,153,7.04426808800669,10.62007532237391,10.030775476797384,15.875229661424996,0.2977344469227641,0.3310285552479605
Dundalk Co Louth,lags_only,xgboost_direct,12,153,7.23450530869818,10.715165937815035,10.061342567843136,15.90734720605791,0.2809602436338622,0.3264014546853898
Dundalk Co Louth,lags_only,xgboost_direct,13,153,6.927147231552535,9.132724516968578,9.65851303490196,14.88785947304236,0.282793613621411,0.3865656420585296
Dundalk Co Louth,lags_only,xgboost_direct,14,152,6.448336006490142,8.229617252660436,9.369361487236842,14.616610288551254,0.3117635587788759,0.4369681417102264
Dundalk Co Louth,lags_only,xgboost_direct,15,152,7.368103171630965,10.198557074226928,9.805145889407894,15.509464860511445,0.2485473184452634,0.3424301118091177
Dundalk Co Louth,lags_only,xgboost_direct,16,151,7.751098564416365,10.324067310739917,9.744590186622515,14.920403945680778,0.2045741877316542,0.3080571177344986
Dundalk Co Louth,lags_only,xgboost_direct,17,151,7.908248958079841,10.845534381260316,9.535548446291392,14.344932665120968,0.1706560977983859,0.2439466510964721
Dundalk Co Louth,lags_only,xgboost_direct,18,151,7.805303138688195,11.15109041193126,10.027346343377484,14.688321189521204,0.2215983300663419,0.2408192694011512
Dundalk Co Louth,lags_only,xgboost_direct,19,150,11.136730174249609,18.636778569309588,12.6091435904,20.28112007876572,0.1167734672536695,0.0810774505091437
Dundalk Co Louth,lags_only,xgboost_direct,20,151,10.800261679662986,15.903406975799678,12.270070758410595,18.194551493239725,0.1197881501816214,0.1259247593045277
Dundalk Co Louth,lags_only,xgboost_direct,21,151,9.46365950687815,14.995741841218353,11.591488831059602,18.10098430982888,0.183568250394194,0.1715510281352144
Dundalk Co Louth,lags_only,xgboost_direct,22,151,8.687961530759894,13.489914923752131,11.033119254900663,16.85688150933612,0.2125561837917325,0.1997384026054406
Dundalk Co Louth,lags_only,xgboost_direct,23,151,8.303218128945653,13.06589728460115,10.43790615311258,16.228682079264455,0.2045130501130596,0.1948885793199699
Dundalk Co Louth,lags_only,xgboost_direct,24,152,8.40020066605175,12.49066920311172,9.887605670986842,15.086298462041905,0.1504312625754865,0.1720520951816613
Pearse street dublin,reference,persistence,1,212,4.247893978245283,7.295458501177968,4.247893978245283,7.295458501177968,,
Pearse street dublin,reference,persistence,2,212,5.572269512679245,8.285353395301934,5.572269512679245,8.285353395301934,,
Pearse street dublin,reference,persistence,3,212,6.040109392962265,9.142761869556525,6.040109392962265,9.142761869556525,,
Pearse street dublin,reference,persistence,4,212,6.540237009188679,9.895377622272786,6.540237009188679,9.895377622272786,,
Pearse street dublin,reference,persistence,5,212,6.919241447820754,10.802843361330996,6.919241447820754,10.802843361330996,,
Pearse street dublin,reference,persistence,6,212,7.163590719094341,11.514548599675978,7.163590719094341,11.514548599675978,,
Pearse street dublin,reference,persistence,7,212,7.014469658056603,11.294098106109155,7.014469658056603,11.294098106109155,,
Pearse street dublin,reference,persistence,8,212,7.456573010792453,11.832306193427012,7.456573010792453,11.832306193427012,,
Pearse street dublin,reference,persistence,9,212,7.987925530273586,12.459955356165333,7.987925530273586,12.459955356165333,,
Pearse street dublin,reference,persistence,10,212,10.066410096216982,18.153403087187183,10.066410096216982,18.153403087187183,,
Pearse street dublin,reference,persistence,11,212,9.122630352066038,14.462904269348646,9.122630352066038,14.462904269348646,,
Pearse street dublin,reference,persistence,12,212,9.549098584471698,14.54677922189363,9.549098584471698,14.54677922189363,,
Pearse street dublin,reference,persistence,13,212,9.394000425367926,13.77475206304473,9.394000425367926,13.77475206304473,,
Pearse street dublin,reference,persistence,14,212,9.054327617867925,13.599686784799156,9.054327617867925,13.599686784799156,,
Pearse street dublin,reference,persistence,15,212,8.87311322673585,13.02590892861863,8.87311322673585,13.02590892861863,,
Pearse street dublin,reference,persistence,16,212,8.99462646366981,13.06261053740355,8.99462646366981,13.06261053740355,,
Pearse street dublin,reference,persistence,17,212,8.683334606924529,12.616624005465342,8.683334606924529,12.616624005465342,,
Pearse street dublin,reference,persistence,18,212,8.56355479683019,12.720362023286764,8.56355479683019,12.720362023286764,,
Pearse street dublin,reference,persistence,19,212,8.306431092113208,12.97035216156032,8.306431092113208,12.97035216156032,,
Pearse street dublin,reference,persistence,20,212,8.109423852301887,12.397837029093482,8.109423852301887,12.397837029093482,,
Pearse street dublin,reference,persistence,21,212,8.166305114849056,12.586935528525196,8.166305114849056,12.586935528525196,,
Pearse street dublin,reference,persistence,22,212,8.693101926075471,13.17883872166028,8.693101926075471,13.17883872166028,,
Pearse street dublin,reference,persistence,23,212,9.026345728754718,13.721823180322396,9.026345728754718,13.721823180322396,,
Pearse street dublin,reference,persistence,24,212,9.679304344235849,14.228509559251709,9.679304344235849,14.228509559251709,,
Pearse street dublin,reference,sarima,1,212,4.042812564544101,6.729215429740526,4.247893978245283,7.295458501177968,0.0482783738839681,0.0776158306357321
Pearse street dublin,reference,sarima,2,212,4.835436013305746,7.075500442587493,5.572269512679245,8.285353395301934,0.1322322076663546,0.1460230958163435
Pearse street dublin,reference,sarima,3,212,5.01212449742312,7.57948283589141,6.040109392962265,9.142761869556525,0.17019309231997,0.1709854260637046
Pearse street dublin,reference,sarima,4,212,5.209527987374743,7.771762096498441,6.540237009188679,9.895377622272786,0.2034649539373514,0.2146068201575707
Pearse street dublin,reference,sarima,5,212,5.461794934366846,8.195558081614735,6.919241447820754,10.802843361330996,0.2106367474592084,0.2413517619860243
Pearse street dublin,reference,sarima,6,212,5.576241727852303,8.669708593501076,7.163590719094341,11.514548599675978,0.2215856619238456,0.2470648312044951
Pearse street dublin,reference,sarima,7,212,6.063716090105878,8.850040355582186,7.014469658056603,11.294098106109155,0.135541760717251,0.2164013210762655
Pearse street dublin,reference,sarima,8,212,6.76892017029302,9.794369454077804,7.456573010792453,11.832306193427012,0.0922210296209989,0.1722349562320577
Pearse street dublin,reference,sarima,9,212,7.8004183525703485,10.98338662665037,7.987925530273586,12.459955356165333,0.0234738264637796,0.1185051380448437
Pearse street dublin,reference,sarima,10,212,10.241761672912356,17.645186335771363,10.066410096216982,18.153403087187183,-0.0174194747699849,0.0279956738125054
Pearse street dublin,reference,sarima,11,212,9.015148008217846,13.35984555276413,9.122630352066038,14.462904269348646,0.0117819466206749,0.0762681337054991
Pearse street dublin,reference,sarima,12,212,9.926409494729445,13.94850095794361,9.549098584471698,14.54677922189363,-0.0395127254075384,0.0411278850681655
Pearse street dublin,reference,sarima,13,212,9.73841221813112,13.196551487778724,9.394000425367926,13.77475206304473,-0.0366629526472161,0.0419753889303907
Pearse street dublin,reference,sarima,14,212,9.577190572121005,13.16435589560204,9.054327617867925,13.599686784799156,-0.0577472979021935,0.0320103614212424
Pearse street dublin,reference,sarima,15,212,9.429783776982724,12.682018852232613,8.87311322673585,13.02590892861863,-0.0627367797549967,0.0264004668135268
Pearse street dublin,reference,sarima,16,212,9.95570260422066,13.030960775565024,8.99462646366981,13.06261053740355,-0.1068500336765214,0.0024229277714359
Pearse street dublin,reference,sarima,17,212,9.46127599516938,12.494135777797556,8.683334606924529,12.616624005465342,-0.089590165928246,0.0097084788779252
Pearse street dublin,reference,sarima,18,212,9.60010753897354,12.842512752953054,8.56355479683019,12.720362023286764,-0.121042343598599,-0.0096027714810846
Pearse street dublin,reference,sarima,19,212,9.784543167331428,13.313958678379926,8.306431092113208,12.97035216156032,-0.1779479127469869,-0.0264916875455347
Pearse street dublin,reference,sarima,20,212,9.449378216661032,12.65095282775276,8.109423852301887,12.397837029093482,-0.16523422486775,-0.0204161256568626
Pearse street dublin,reference,sarima,21,212,9.23646342721394,12.660464835940877,8.166305114849056,12.586935528525196,-0.1310455949556648,-0.0058417163771948
Pearse street dublin,reference,sarima,22,212,9.4951765357549,13.20334512263988,8.693101926075471,13.17883872166028,-0.0922656396416519,-0.0018595265863083
Pearse street dublin,reference,sarima,23,212,9.69111373394089,13.684195357728182,9.026345728754718,13.721823180322396,-0.0736475230578037,0.0027421882719035
Pearse street dublin,reference,sarima,24,212,10.697683894832512,14.773659363700066,9.679304344235849,14.228509559251709,-0.1052120601211514,-0.0383139078747631
Pearse street dublin,lags_meteo,xgboost_direct,1,212,3.3265896136499915,5.427870998531487,4.247893978245283,7.295458501177968,0.2168849715443848,0.2559931637394591
Pearse street dublin,lags_meteo,xgboost_direct,2,212,3.744874715614609,5.146504638601064,5.572269512679245,8.285353395301934,0.3279444386002055,0.3788430748748388
Pearse street dublin,lags_meteo,xgboost_direct,3,212,4.135732707008598,5.7017896445278735,6.040109392962265,9.142761869556525,0.3152884429829339,0.3763602589810816
Pearse street dublin,lags_meteo,xgboost_direct,4,212,4.367056290410456,5.898744515615041,6.540237009188679,9.895377622272786,0.3322785880274709,0.4038888922906807
Pearse street dublin,lags_meteo,xgboost_direct,5,212,4.373735289555244,5.773692186395864,6.919241447820754,10.802843361330996,0.3678880376500272,0.4655395812677507
Pearse street dublin,lags_meteo,xgboost_direct,6,212,4.765502850279535,6.4110395074908375,7.163590719094341,11.514548599675978,0.334760591838779,0.4432226802472095
Pearse street dublin,lags_meteo,xgboost_direct,7,212,5.001290797456912,6.649313366732034,7.014469658056603,11.294098106109155,0.2870037164231533,0.4112576936855794
Pearse street dublin,lags_meteo,xgboost_direct,8,212,5.348977159492367,7.046868005639286,7.456573010792453,11.832306193427012,0.2826493951376331,0.4044383326089122
Pearse street dublin,lags_meteo,xgboost_direct,9,212,5.684827822042559,7.537367447852881,7.987925530273586,12.459955356165333,0.2883223810114997,0.3950726762336831
Pearse street dublin,lags_meteo,xgboost_direct,10,212,7.485273782461318,14.73331038812342,10.066410096216982,18.153403087187183,0.2564108047540872,0.1883995349322516
Pearse street dublin,lags_meteo,xgboost_direct,11,212,6.479793499243049,9.75138252501335,9.122630352066038,14.462904269348646,0.2897011882350857,0.3257659496730863
Pearse street dublin,lags_meteo,xgboost_direct,12,212,7.227199498701425,10.211681450682862,9.549098584471698,14.54677922189363,0.243153745375091,0.2980108314757557
Pearse street dublin,lags_meteo,xgboost_direct,13,212,6.802128407123982,9.451673104503698,9.394000425367926,13.77475206304473,0.2759071642412056,0.3138407819432992
Pearse street dublin,lags_meteo,xgboost_direct,14,212,6.408955451030729,9.44582789474095,9.054327617867925,13.599686784799156,0.2921666056811093,0.3054378351346385
Pearse street dublin,lags_meteo,xgboost_direct,15,212,6.521214325302568,8.914330281558408,8.87311322673585,13.02590892861863,0.2650590431266788,0.3156461994008618
Pearse street dublin,lags_meteo,xgboost_direct,16,212,6.684211325617458,9.05517792704348,8.99462646366981,13.06261053740355,0.2568661575201981,0.3067865032709324
Pearse street dublin,lags_meteo,xgboost_direct,17,212,6.438245934802752,8.623278099434476,8.683334606924529,12.616624005465342,0.2585514406333519,0.3165146162952154
Pearse street dublin,lags_meteo,xgboost_direct,18,212,6.428165892738831,9.092828637967845,8.56355479683019,12.720362023286764,0.2493577672769461,0.2851753258813004
Pearse street dublin,lags_meteo,xgboost_direct,19,212,6.547175451987673,9.58923505520689,8.306431092113208,12.97035216156032,0.2117944061193637,0.2606804398398604
Pearse street dublin,lags_meteo,xgboost_direct,20,212,6.55815428450556,9.130886389094965,8.109423852301887,12.397837029093482,0.1912922047299321,0.2635097261185239
Pearse street dublin,lags_meteo,xgboost_direct,21,212,6.507961924942973,9.304336159030775,8.166305114849056,12.586935528525196,0.2030714217242096,0.260794167258203
Pearse street dublin,lags_meteo,xgboost_direct,22,212,6.865727932564415,10.057166708520892,8.693101926075471,13.17883872166028,0.2102096592275929,0.2368700368120232
Pearse street dublin,lags_meteo,xgboost_direct,23,212,7.037718676641418,10.539933007121643,9.026345728754718,13.721823180322396,0.2203136365338016,0.2318853793250812
Pearse street dublin,lags_meteo,xgboost_direct,24,212,7.950311710910472,11.539351969671648,9.679304344235849,14.228509559251709,0.1786277785918586,0.1889978411569824
Pearse street dublin,lags_only,xgboost_direct,1,212,3.6088951937801546,6.085044978520345,4.247893978245283,7.295458501177968,0.1504271970387278,0.1659132900916621
Pearse street dublin,lags_only,xgboost_direct,2,212,4.16667381357546,6.008381955803159,5.572269512679245,8.285353395301934,0.2522483336287785,0.2748188678095362
Pearse street dublin,lags_only,xgboost_direct,3,212,4.52607378091441,6.410084249544571,6.040109392962265,9.142761869556525,0.2506636078167655,0.2988897292743887
Pearse street dublin,lags_only,xgboost_direct,4,212,4.600082219640601,6.225419312111698,6.540237009188679,9.895377622272786,0.2966490032123094,0.3708760241651259
Pearse street dublin,lags_only,xgboost_direct,5,212,4.737835253391194,6.147553511123753,6.919241447820754,10.802843361330996,0.3152666677236135,0.4309319032497454
Pearse street dublin,lags_only,xgboost_direct,6,212,5.226582015810189,6.908248671481816,7.163590719094341,11.514548599675978,0.2703963388250409,0.4000417288024459
Pearse street dublin,lags_only,xgboost_direct,7,212,5.258999864369725,7.004225428065223,7.014469658056603,11.294098106109155,0.2502640797185,0.3798331338846323
Pearse street dublin,lags_only,xgboost_direct,8,212,5.502070749313936,7.170763073943061,7.456573010792453,11.832306193427012,0.2621180344710123,0.3939674179555541
Pearse street dublin,lags_only,xgboost_direct,9,212,6.223825244760933,7.974848608290798,7.987925530273586,12.459955356165333,0.220845860270837,0.3599617028848543
Pearse street dublin,lags_only,xgboost_direct,10,212,8.043245308137605,14.918155470054826,10.066410096216982,18.153403087187183,0.2009817570257439,0.1782171420749106
Pearse street dublin,lags_only,xgboost_direct,11,212,6.96109039807612,10.416169184664293,9.122630352066038,14.462904269348646,0.2369426218722525,0.2798010004989547
Pearse street dublin,lags_only,xgboost_direct,12,212,7.542975673527664,10.559684065456365,9.549098584471698,14.54677922189363,0.2100850560079354,0.2740878304137927
Pearse street dublin,lags_only,xgboost_direct,13,212,7.31276975521679,10.137006719337348,9.394000425367926,13.77475206304473,0.221548922281385,0.2640878998807405
Pearse street dublin,lags_only,xgboost_direct,14,212,6.680836265281539,9.865378498444008,9.054327617867925,13.599686784799156,0.2621388857083664,0.27458781554654
Pearse street dublin,lags_only,xgboost_direct,15,212,6.762468703839492,9.364391287940377,8.87311322673585,13.02590892861863,0.2378696708768135,0.281094982372685
Pearse street dublin,lags_only,xgboost_direct,16,212,7.055181733767298,9.53477526806784,8.99462646366981,13.06261053740355,0.2156225984187473,0.2700712280469579
Pearse street dublin,lags_only,xgboost_direct,17,212,6.603452569730989,8.808884017021109,8.683334606924529,12.616624005465342,0.2395257273092915,0.3018033973902031
Pearse street dublin,lags_only,xgboost_direct,18,212,6.514494302387402,9.256501935586265,8.56355479683019,12.720362023286764,0.2392768590914195,0.2723082944777296
Pearse street dublin,lags_only,xgboost_direct,19,212,6.475371765650163,9.541055833353711,8.306431092113208,12.97035216156032,0.2204387547621504,0.2643950052774871
Pearse street dublin,lags_only,xgboost_direct,20,212,6.447952146674668,8.936126053759564,8.109423852301887,12.397837029093482,0.2048815965089314,0.2792189449829407
Pearse street dublin,lags_only,xgboost_direct,21,212,6.474727289447402,9.346068025453937,8.166305114849056,12.586935528525196,0.2071411491012996,0.2574786766585585
Pearse street dublin,lags_only,xgboost_direct,22,212,6.781254108979877,9.995447608991467,8.693101926075471,13.17883872166028,0.2199269988266091,0.2415532339307485
Pearse street dublin,lags_only,xgboost_direct,23,212,7.082236358265517,10.742745284157923,9.026345728754718,13.721823180322396,0.2153816648409513,0.2171051074638958
Pearse street dublin,lags_only,xgboost_direct,24,212,8.178768880815602,12.475111644038789,9.679304344235849,14.228509559251709,0.1550251350773814,0.1232313130135841
Ringsend dublin,reference,persistence,1,212,3.2228973410849053,6.657930572090552,3.2228973410849053,6.657930572090552,,
Ringsend dublin,reference,persistence,2,212,5.005872160726415,16.9712655532779,5.005872160726415,16.9712655532779,,
Ringsend dublin,reference,persistence,3,212,4.738261129014151,9.182575522441914,4.738261129014151,9.182575522441914,,
Ringsend dublin,reference,persistence,4,212,5.03534251004717,9.201073997756714,5.03534251004717,9.201073997756714,,
Ringsend dublin,reference,persistence,5,212,5.353705575084906,9.86203141997451,5.353705575084906,9.86203141997451,,
Ringsend dublin,reference,persistence,6,212,6.020613725400943,10.705994325441182,6.020613725400943,10.705994325441182,,
Ringsend dublin,reference,persistence,7,212,7.156886023084906,13.168072489813966,7.156886023084906,13.168072489813966,,
Ringsend dublin,reference,persistence,8,212,7.837572833089622,13.645346047773588,7.837572833089622,13.645346047773588,,
Ringsend dublin,reference,persistence,9,212,8.872110681872641,14.42604600093884,8.872110681872641,14.42604600093884,,
Ringsend dublin,reference,persistence,10,212,9.116601354240563,14.391264470524456,9.116601354240563,14.391264470524456,,
Ringsend dublin,reference,persistence,11,212,10.465075407948111,16.768140602691133,10.465075407948111,16.768140602691133,,
Ringsend dublin,reference,persistence,12,212,10.93578961109434,16.84136360704962,10.93578961109434,16.84136360704962,,
Ringsend dublin,reference,persistence,13,212,12.821096828561322,34.11029030003978,12.821096828561322,34.11029030003978,,
Ringsend dublin,reference,persistence,14,212,11.068056291419811,17.927238311102357,11.068056291419811,17.927238311102357,,
Ringsend dublin,reference,persistence,15,212,12.017039401910376,18.580653860776025,12.017039401910376,18.580653860776025,,
Ringsend dublin,reference,persistence,16,211,11.254840596255924,17.662508158349773,11.254840596255924,17.662508158349773,,
Ringsend dublin,reference,persistence,17,212,9.622080235801889,15.249731390475777,9.622080235801889,15.249731390475777,,
Ringsend dublin,reference,persistence,18,212,7.789689080537736,12.414664300224963,7.789689080537736,12.414664300224963,,
Ringsend dublin,reference,persistence,19,212,6.598004645820755,10.53312266067898,6.598004645820755,10.53312266067898,,
Ringsend dublin,reference,persistence,20,212,6.594045196462265,10.912032710271582,6.594045196462265,10.912032710271582,,
Ringsend dublin,reference,persistence,21,212,7.362783181655661,12.242847821889654,7.362783181655661,12.242847821889654,,
Ringsend dublin,reference,persistence,22,212,7.400215772660378,11.901567754111936,7.400215772660378,11.901567754111936,,
Ringsend dublin,reference,persistence,23,212,7.711198725849057,13.139876861470295,7.711198725849057,13.139876861470295,,
Ringsend dublin,reference,persistence,24,212,8.059796590490565,14.439853988540504,8.059796590490565,14.439853988540504,,
Ringsend dublin,reference,sarima,1,212,2.9568069879714187,5.880945912848744,3.2228973410849053,6.657930572090552,0.0825624663005598,0.1167006250408886
Ringsend dublin,reference,sarima,2,212,4.710885269296841,16.486868306997547,5.005872160726415,16.9712655532779,0.0589281711474565,0.0285421994464516
Ringsend dublin,reference,sarima,3,212,4.323184780992864,7.609305214873278,4.738261129014151,9.182575522441914,0.087600986252028,0.1713321391938039
Ringsend dublin,reference,sarima,4,212,4.404848021070885,7.046710819278777,5.03534251004717,9.201073997756714,0.1252138236313101,0.2341425771603603
Ringsend dublin,reference,sarima,5,212,4.698588370728879,7.565844671438908,5.353705575084906,9.86203141997451,0.1223670586975895,0.2328310112544274
Ringsend dublin,reference,sarima,6,212,5.668705253676826,8.783617876920509,6.020613725400943,10.705994325441182,0.0584505978583904,0.1795607572808473
Ringsend dublin,reference,sarima,7,212,7.135447144865494,11.968378404871247,7.156886023084906,13.168072489813966,0.0029955595422729,0.0911062789083769
Ringsend dublin,reference,sarima,8,212,8.073193749255958,12.813397041267828,7.837572833089622,13.645346047773588,-0.0300629954176072,0.0609694326250892
Ringsend dublin,reference,sarima,9,212,9.830959805645268,14.283129412812755,8.872110681872641,14.42604600093884,-0.1080745223041155,0.009906844059473
Ringsend dublin,reference,sarima,10,212,10.686848954801276,14.772690665129554,9.116601354240563,14.391264470524456,-0.1722404588668686,-0.0265040084133203
Ringsend dublin,reference,sarima,11,212,11.995276628422456,17.533018236826635,10.465075407948111,16.768140602691133,-0.1462197987901903,-0.0456149344318324
Ringsend dublin,reference,sarima,12,212,12.700544853878135,17.811961516611106,10.93578961109434,16.84136360704962,-0.1613742862237817,-0.0576317887439474
Ringsend dublin,reference,sarima,13,212,14.658578585590266,34.91930939130746,12.821096828561322,34.11029030003978,-0.1433170485800887,-0.0237177427735564
Ringsend dublin,reference,sarima,14,212,13.05247220716837,19.0138715387132,11.068056291419811,17.927238311102357,-0.179292177731958,-0.060613531697065
Ringsend dublin,reference,sarima,15,212,13.890037789852096,20.089589092694023,12.017039401910376,18.580653860776025,-0.1558618828897211,-0.0812100178618244
Ringsend dublin,reference,sarima,16,211,13.20657113526489,19.03970165967709,11.254840596255924,17.662508158349773,-0.1734125439020641,-0.0779727029128793
Ringsend dublin,reference,sarima,17,212,11.40037338919039,15.958405611423942,9.622080235801889,15.249731390475777,-0.1848137938791885,-0.0464712592505576
Ringsend dublin,reference,sarima,18,212,9.7014259351,12.75697059761178,7.789689080537736,12.414664300224963,-0.2454188908949746,-0.0275727389085029
Ringsend dublin,reference,sarima,19,212,8.323706653143413,10.43023675396857,6.598004645820755,10.53312266067898,-0.2615490742971416,0.0097678447336887
Ringsend dublin,reference,sarima,20,212,7.857162115128753,10.126397835022535,6.594045196462265,10.912032710271582,-0.1915541797232687,0.0719971151213212
Ringsend dublin,reference,sarima,21,212,8.716623713289284,12.361538670740051,7.362783181655661,12.242847821889654,-0.1838761916834261,-0.0096947091540404
Ringsend dublin,reference,sarima,22,212,9.108488733346158,12.426931623360067,7.400215772660378,11.901567754111936,-0.2308409664211259,-0.0441424088071606
Ringsend dublin,reference,sarima,23,212,9.177902568281114,13.187902275859662,7.711198725849057,13.139876861470295,-0.1902043890420632,-0.0036549364119378
Ringsend dublin,reference,sarima,24,212,9.432351390151906,14.66119701295646,8.059796590490565,14.439853988540504,-0.1702964565235758,-0.0153286192915533
Ringsend dublin,lags_meteo,xgboost_direct,1,212,2.786732634075886,4.792667666982507,3.2228973410849053,6.657930572090552,0.1353331058513318,0.2801565568927768
Ringsend dublin,lags_meteo,xgboost_direct,2,212,4.247911329079669,15.635886676907232,5.005872160726415,16.9712655532779,0.1514143404606555,0.078684696328539
Ringsend dublin,lags_meteo,xgboost_direct,3,212,3.812854179347553,5.4083809397773495,4.738261129014151,9.182575522441914,0.1953051814725837,0.4110169933740872
Ringsend dublin,lags_meteo,xgboost_direct,4,212,4.314303882860362,5.697526959299847,5.03534251004717,9.201073997756714,0.1431955474226623,0.3807758789149024
Ringsend dublin,lags_meteo,xgboost_direct,5,212,4.390887330209036,6.154149972092216,5.353705575084906,9.86203141997451,0.179841463332731,0.3759754243301607
Ringsend dublin,lags_meteo,xgboost_direct,6,212,5.252824122713555,7.362221663675643,6.020613725400943,10.705994325441182,0.1275268000416779,0.3123271468414257
Ringsend dublin,lags_meteo,xgboost_direct,7,212,6.457100204237396,10.388906676744398,7.156886023084906,13.168072489813966,0.0977779744696665,0.2110533500798515
Ringsend dublin,lags_meteo,xgboost_direct,8,212,7.076208596279393,10.42255945844549,7.837572833089622,13.645346047773588,0.0971428595337332,0.2361821076610906
Ringsend dublin,lags_meteo,xgboost_direct,9,212,7.122590281123767,10.475787895571946,8.872110681872641,14.42604600093884,0.1971932568789371,0.273828192777828
Ringsend dublin,lags_meteo,xgboost_direct,10,212,7.663949303677378,10.519844403200556,9.116601354240563,14.391264470524456,0.1593414030204896,0.2690118074928835
Ringsend dublin,lags_meteo,xgboost_direct,11,212,8.715835699988157,12.338093374717122,10.465075407948111,16.768140602691133,0.1671502248929259,0.2641943035271918
Ringsend dublin,lags_meteo,xgboost_direct,12,212,8.754398483991293,12.343542179561249,10.93578961109434,16.84136360704962,0.1994726676974498,0.2670699079025662
Ringsend dublin,lags_meteo,xgboost_direct,13,212,11.128585496167169,31.883180535039816,12.821096828561322,34.11029030003978,0.132009870530248,0.065291433916567
Ringsend dublin,lags_meteo,xgboost_direct,14,212,9.39656399316989,14.058130398642565,11.068056291419811,17.927238311102357,0.1510194973932052,0.215822863807397
Ringsend dublin,lags_meteo,xgboost_direct,15,212,10.089995278983848,14.827963403759153,12.017039401910376,18.580653860776025,0.1603593080189269,0.2019676210070758
Ringsend dublin,lags_meteo,xgboost_direct,16,211,9.429545305151535,13.68254149288471,11.254840596255924,17.662508158349773,0.1621786888489206,0.2253341728017022
Ringsend dublin,lags_meteo,xgboost_direct,17,212,7.875089104346851,11.130091399301133,9.622080235801889,15.249731390475777,0.1815606489077925,0.2701450855552488
Ringsend dublin,lags_meteo,xgboost_direct,18,212,6.3719848513234245,8.632094791555616,7.789689080537736,12.414664300224963,0.1819975373287228,0.3046856054416876
Ringsend dublin,lags_meteo,xgboost_direct,19,212,5.334309681247372,6.822630026455372,6.598004645820755,10.53312266067898,0.1915268376438353,0.3522690045256175
Ringsend dublin,lags_meteo,xgboost_direct,20,212,5.437847797764113,6.949177451190925,6.594045196462265,10.912032710271582,0.1753396229856684,0.363163799477103
Ringsend dublin,lags_meteo,xgboost_direct,21,212,6.183549280119466,8.855988124429333,7.362783181655661,12.242847821889654,0.1601614324966476,0.2766398591841329
Ringsend dublin,lags_meteo,xgboost_direct,22,212,6.130011776307461,8.616666320621977,7.400215772660378,11.901567754111936,0.1716441838149645,0.2760057751513486
Ringsend dublin,lags_meteo,xgboost_direct,23,212,6.029930990232039,9.39901182518409,7.711198725849057,13.139876861470295,0.2180293616323444,0.2846955930961151
Ringsend dublin,lags_meteo,xgboost_direct,24,212,6.535101380029623,11.594938943857066,8.059796590490565,14.439853988540504,0.1891729143958632,0.1970182695019747
Ringsend dublin,lags_only,xgboost_direct,1,212,2.8077493443701504,5.072817453405167,3.2228973410849053,6.657930572090552,0.1288120448090369,0.2380789498361603
Ringsend dublin,lags_only,xgboost_direct,2,212,4.465409804596084,15.782636191828471,5.005872160726415,16.9712655532779,0.1079656728692615,0.070037756331015
Ringsend dublin,lags_only,xgboost_direct,3,212,4.025455281740785,5.864896649102412,4.738261129014151,9.182575522441914,0.1504361680086789,0.3613015613355103
Ringsend dublin,lags_only,xgboost_direct,4,212,4.281600374551279,5.656688708455817,5.03534251004717,9.201073997756714,0.1496903406256727,0.3852143010875734
Ringsend dublin,lags_only,xgboost_direct,5,212,4.387518886195793,6.063150920141732,5.353705575084906,9.86203141997451,0.1804706432467178,0.3852026360551381
Ringsend dublin,lags_only,xgboost_direct,6,212,5.255581405476861,7.286932379144897,6.020613725400943,10.705994325441182,0.1270688263384867,0.3193595888773637
Ringsend dublin,lags_only,xgboost_direct,7,212,6.496901157854317,10.235211935625218,7.156886023084906,13.168072489813966,0.0922167634222164,0.2227251221815063
Ringsend dublin,lags_only,xgboost_direct,8,212,6.952476746822473,10.389763821663452,7.837572833089622,13.645346047773588,0.1129298706520903,0.2385855378611907
Ringsend dublin,lags_only,xgboost_direct,9,212,7.821162561433669,11.133441345685933,8.872110681872641,14.42604600093884,0.1184552535606046,0.2282402714533579
Ringsend dublin,lags_only,xgboost_direct,10,212,8.22583260357243,10.982607318164792,9.116601354240563,14.391264470524456,0.0977084240119587,0.2368559871400545
Ringsend dublin,lags_only,xgboost_direct,11,212,9.73161708399538,13.594136344605891,10.465075407948111,16.768140602691133,0.0700862913415492,0.1892877888664557
Ringsend dublin,lags_only,xgboost_direct,12,212,9.436172438596744,13.047429435225876,10.93578961109434,16.84136360704962,0.1371292998336614,0.2252747616134623
Ringsend dublin,lags_only,xgboost_direct,13,212,11.165263399807175,31.701039292686264,12.821096828561322,34.11029030003978,0.1291491243608327,0.0706312079481394
Ringsend dublin,lags_only,xgboost_direct,14,212,9.663685276553606,14.196890712151909,11.068056291419811,17.927238311102357,0.1268850625520313,0.2080826691883847
Ringsend dublin,lags_only,xgboost_direct,15,212,10.616162747581647,15.090809728252864,12.017039401910376,18.580653860776025,0.1165741916520659,0.187821384471849
Ringsend dublin,lags_only,xgboost_direct,16,211,9.866757396045797,13.923311172306766,11.254840596255924,17.662508158349773,0.1233321066023709,0.2117024916574682
Ringsend dublin,lags_only,xgboost_direct,17,212,8.233634960665805,11.434875776737362,9.622080235801889,15.249731390475777,0.1442978276121568,0.2501588727078158
Ringsend dublin,lags_only,xgboost_direct,18,212,6.623711598550777,8.899718970333417,7.789689080537736,12.414664300224963,0.1496821593175152,0.2831285039119304
Ringsend dublin,lags_only,xgboost_direct,19,212,5.726537236604946,7.209060530792517,6.598004645820755,10.53312266067898,0.132080447952974,0.3155818304761097
Ringsend dublin,lags_only,xgboost_direct,20,212,6.014972070269737,7.627113604418961,6.594045196462265,10.912032710271582,0.0878175852514937,0.3010364056882363
Ringsend dublin,lags_only,xgboost_direct,21,212,6.621585652461483,9.388158953286904,7.362783181655661,12.242847821889654,0.1006681184149043,0.2331719637565614
Ringsend dublin,lags_only,xgboost_direct,22,212,6.233671680739555,8.896029789979796,7.400215772660378,11.901567754111936,0.1576364970641187,0.2525329457620188
Ringsend dublin,lags_only,xgboost_direct,23,212,6.300782762448301,9.74420032137004,7.711198725849057,13.139876861470295,0.1829048911257904,0.2584252939277769
Ringsend dublin,lags_only,xgboost_direct,24,212,6.7048788386569065,11.612071473873254,8.059796590490565,14.439853988540504,0.1681081819648243,0.1958317942072949
edenderry co offlay,reference,persistence,1,208,5.304086538461538,10.033813337717312,5.304086538461538,10.033813337717312,,
edenderry co offlay,reference,persistence,2,208,6.756009615384615,14.346640470453757,6.756009615384615,14.346640470453757,,
edenderry co offlay,reference,persistence,3,211,6.4418009478673,11.660136570131725,6.4418009478673,11.660136570131725,,
edenderry co offlay,reference,persistence,4,209,7.498516746411483,14.366045544731556,7.498516746411483,14.366045544731556,,
edenderry co offlay,reference,persistence,5,211,10.153744075829382,20.529845549683,10.153744075829382,20.529845549683,,
edenderry co offlay,reference,persistence,6,211,10.081232227488153,19.084895394722192,10.081232227488153,19.084895394722192,,
edenderry co offlay,reference,persistence,7,211,9.83127962085308,17.575723832788384,9.83127962085308,17.575723832788384,,
edenderry co offlay,reference,persistence,8,211,10.272796208530805,17.983488899148075,10.272796208530805,17.983488899148075,,
edenderry co offlay,reference,persistence,9,211,11.240284360189571,24.68737288766844,11.240284360189571,24.68737288766844,,
edenderry co offlay,reference,persistence,10,211,10.767582938388626,20.401936066478186,10.767582938388626,20.401936066478186,,
edenderry co offlay,reference,persistence,11,211,11.566113744075828,22.19705959135961,11.566113744075828,22.19705959135961,,
edenderry co offlay,reference,persistence,12,211,10.870379146919433,18.393171680136525,10.870379146919433,18.393171680136525,,
edenderry co offlay,reference,persistence,13,211,9.989383886255924,17.578180545199235,9.989383886255924,17.578180545199235,,
edenderry co offlay,reference,persistence,14,211,9.907203791469197,17.10969205115358,9.907203791469197,17.10969205115358,,
edenderry co offlay,reference,persistence,15,210,9.37490476190476,15.515979612429676,9.37490476190476,15.515979612429676,,
edenderry co offlay,reference,persistence,16,209,9.25928229665072,15.56120087677274,9.25928229665072,15.56120087677274,,
edenderry co offlay,reference,persistence,17,210,9.554619047619047,15.923860548306266,9.554619047619047,15.923860548306266,,
edenderry co offlay,reference,persistence,18,210,9.916952380952385,16.873508032810882,9.916952380952385,16.873508032810882,,
edenderry co offlay,reference,persistence,19,211,9.824976303317536,17.542640576282285,9.824976303317536,17.542640576282285,,
edenderry co offlay,reference,persistence,20,208,9.135673076923077,15.37779977635092,9.135673076923077,15.37779977635092,,
edenderry co offlay,reference,persistence,21,210,9.929809523809524,20.04357068274727,9.929809523809524,20.04357068274727,,
edenderry co offlay,reference,persistence,22,210,9.155333333333331,15.172192201210612,9.155333333333331,15.172192201210612,,
edenderry co offlay,reference,persistence,23,210,9.835761904761906,17.2905376131681,9.835761904761906,17.2905376131681,,
edenderry co offlay,reference,persistence,24,210,9.328904761904765,15.180645023625752,9.328904761904765,15.180645023625752,,
edenderry co offlay,reference,sarima,1,208,5.119025638992525,9.150297943647724,5.304086538461538,10.033813337717312,0.0348902488915066,0.0880538001188874
edenderry co offlay,reference,sarima,2,208,6.689783763783599,13.542825436796296,6.756009615384615,14.346640470453757,0.009802509968341,0.0560281018620963
edenderry co offlay,reference,sarima,3,211,6.733951031819105,10.965234551675644,6.4418009478673,11.660136570131725,-0.0453522371020371,0.0595963875960187
edenderry co offlay,reference,sarima,4,209,7.986809391313277,14.681186000729852,7.498516746411483,14.366045544731556,-0.0651185642994627,-0.0219364789716867
edenderry co offlay,reference,sarima,5,211,11.563453791105085,23.20652788620276,10.153744075829382,20.529845549683,-0.1388364434584739,-0.1303800523020051
edenderry co offlay,reference,sarima,6,211,11.87025115796627,21.36207050816456,10.081232227488153,19.084895394722192,-0.1774603431513124,-0.1193181867830466
edenderry co offlay,reference,sarima,7,211,11.716412115534354,19.54855860337619,9.83127962085308,17.575723832788384,-0.1917484363564157,-0.1122477110676594
edenderry co offlay,reference,sarima,8,211,12.37478935898014,21.759870439607152,10.272796208530805,17.983488899148075,-0.2046174291575828,-0.2099915962712872
edenderry co offlay,reference,sarima,9,211,13.45020532301466,26.61093925037701,11.240284360189571,24.68737288766844,-0.1966072113488608,-0.0779170133436679
edenderry co offlay,reference,sarima,10,211,12.637569068198877,22.142245212210124,10.767582938388626,20.401936066478186,-0.1736681426565445,-0.0853011763227407
edenderry co offlay,reference,sarima,11,211,13.087700716003948,23.088302417056248,11.566113744075828,22.19705959135961,-0.1315555946964015,-0.0401513913150712
edenderry co offlay,reference,sarima,12,211,11.851756740928046,18.403380924736798,10.870379146919433,18.393171680136525,-0.0902799783470964,-0.0005550562337921
edenderry co offlay,reference,sarima,13,211,10.403055867073432,16.025066086017823,9.989383886255924,17.578180545199235,-0.0414111606409146,0.0883546767077427
edenderry co offlay,reference,sarima,14,211,9.92158474042728,14.581805501703323,9.907203791469197,17.10969205115358,-0.001451564867422,0.1477458823859907
edenderry co offlay,reference,sarima,15,210,8.897930494870394,11.986834808546451,9.37490476190476,15.515979612429676,0.0508777720038893,0.2274522712736786
edenderry co offlay,reference,sarima,16,209,8.535196458033889,11.00094672954848,9.25928229665072,15.56120087677274,0.0782010760033471,0.2930528423440042
edenderry co offlay,reference,sarima,17,210,8.725186940116124,11.712796573202825,9.554619047619047,15.923860548306266,0.0868095424180843,0.2644499405360184
edenderry co offlay,reference,sarima,18,210,9.346262095628155,13.785989999785798,9.916952380952385,16.873508032810882,0.0575469421856214,0.1829802093922224
edenderry co offlay,reference,sarima,19,211,9.586786867140642,14.534907235992526,9.824976303317536,17.542640576282285,0.0242432580826139,0.1714527141573102
edenderry co offlay,reference,sarima,20,208,9.586219959125495,12.763349815088995,9.135673076923077,15.37779977635092,-0.0493173166781233,0.1700145664064771
edenderry co offlay,reference,sarima,21,210,11.351666125075006,19.43241295117149,9.929809523809524,20.04357068274727,-0.143190722627275,0.0304914598925152
edenderry co offlay,reference,sarima,22,210,11.763048892488706,15.897433429958168,9.155333333333331,15.172192201210612,-0.284830214718784,-0.0478006882017805
edenderry co offlay,reference,sarima,23,210,12.568183671271829,17.83806744712181,9.835761904761906,17.2905376131681,-0.2778047896001876,-0.031666443589164
edenderry co offlay,reference,sarima,24,210,11.874841797027784,15.263218781911178,9.328904761904765,15.180645023625752,-0.2729084603285407,-0.0054394103911208
edenderry co offlay,lags_meteo,xgboost_direct,1,208,4.973549187412629,8.0892259137113,5.304086538461538,10.033813337717312,0.0623174883464067,0.1938034283233343
edenderry co offlay,lags_meteo,xgboost_direct,2,208,6.358176762140714,11.789403091120493,6.756009615384615,14.346640470453757,0.0588857736877647,0.1782464253286179
edenderry co offlay,lags_meteo,xgboost_direct,3,211,6.758751459709275,10.46358014566878,6.4418009478673,11.660136570131725,-0.0492021585899682,0.1026194176428439
edenderry co offlay,lags_meteo,xgboost_direct,4,209,7.612551829324385,13.043774738785284,7.498516746411483,14.366045544731556,-0.0152076853022264,0.0920413903623733
edenderry co offlay,lags_meteo,xgboost_direct,5,211,9.68511855780796,17.99111111262186,10.153744075829382,20.529845549683,0.0461529771207221,0.1236606690935548
edenderry co offlay,lags_meteo,xgboost_direct,6,211,9.16532306978488,16.143019176322873,10.081232227488153,19.084895394722192,0.0908528974469902,0.1541468348426408
edenderry co offlay,lags_meteo,xgboost_direct,7,211,9.134033941612424,15.418807388204378,9.83127962085308,17.575723832788384,0.0709211522945325,0.1227213436615436
edenderry co offlay,lags_meteo,xgboost_direct,8,211,10.266793562495875,20.10385360702196,10.272796208530805,17.983488899148075,0.0005843244539341,-0.1179061927173836
edenderry co offlay,lags_meteo,xgboost_direct,9,211,11.757578111079068,22.970443382527414,11.240284360189571,24.68737288766844,-0.0460214114085606,0.069546869687323
edenderry co offlay,lags_meteo,xgboost_direct,10,211,10.243718669041638,18.47637415543519,10.767582938388626,20.401936066478186,0.0486519836758634,0.0943813324759323
edenderry co offlay,lags_meteo,xgboost_direct,11,211,10.010015593795412,18.91557502297405,11.566113744075828,22.19705959135961,0.1345394126940391,0.1478342009615952
edenderry co offlay,lags_meteo,xgboost_direct,12,211,8.362481853340475,14.422142747211833,10.870379146919433,18.393171680136525,0.2307092751488499,0.215896910113287
edenderry co offlay,lags_meteo,xgboost_direct,13,211,7.2299394979748115,12.408752725960962,9.989383886255924,17.578180545199235,0.2762376959081274,0.294082075556454
edenderry co offlay,lags_meteo,xgboost_direct,14,211,6.908902824230103,11.077184824044329,9.907203791469197,17.10969205115358,0.3026384669527886,0.3525783637176874
edenderry co offlay,lags_meteo,xgboost_direct,15,210,6.483722642535255,9.090490149324545,9.37490476190476,15.515979612429676,0.3083958923100659,0.4141207724942964
edenderry co offlay,lags_meteo,xgboost_direct,16,209,5.993381268989526,7.878535283287777,9.25928229665072,15.56120087677274,0.3527164334154213,0.4937064725481702
edenderry co offlay,lags_meteo,xgboost_direct,17,210,5.772334582465034,7.777586911763381,9.554619047619047,15.923860548306266,0.3958592641217375,0.5115765496583277
edenderry co offlay,lags_meteo,xgboost_direct,18,210,5.986093839917864,8.981398898167166,9.916952380952385,16.873508032810882,0.3963776763297331,0.467721893947444
edenderry co offlay,lags_meteo,xgboost_direct,19,211,6.244504203254013,10.199829976885551,9.824976303317536,17.542640576282285,0.3644255201770338,0.4185692893534078
edenderry co offlay,lags_meteo,xgboost_direct,20,208,5.93077380840595,8.01324467171036,9.135673076923077,15.37779977635092,0.350811510168066,0.4789082451162031
edenderry co offlay,lags_meteo,xgboost_direct,21,210,7.104801203818549,15.379360242224534,9.929809523809524,20.04357068274727,0.2844977351496238,0.2327035693564074
edenderry co offlay,lags_meteo,xgboost_direct,22,210,7.172020521527245,10.54126135465126,9.155333333333331,15.172192201210612,0.2166292301543094,0.3052248999449034
edenderry co offlay,lags_meteo,xgboost_direct,23,210,7.31520067632766,12.793312651711158,9.835761904761906,17.2905376131681,0.2562649698966317,0.260097462674148
edenderry co offlay,lags_meteo,xgboost_direct,24,210,7.324304055168516,10.42692162481156,9.328904761904765,15.180645023625752,0.2148806058051074,0.313143703144098
edenderry co offlay,lags_only,xgboost_direct,1,208,5.097448610159066,8.298022690227722,5.304086538461538,10.033813337717312,0.038958249795526,0.1729941139092868
edenderry co offlay,lags_only,xgboost_direct,2,208,6.363039055879299,11.590951101605818,6.756009615384615,14.346640470453757,0.058166074632347,0.1920790706732459
edenderry co offlay,lags_only,xgboost_direct,3,211,6.2534402119604895,9.491648292358484,6.4418009478673,11.660136570131725,0.0292403843942385,0.1859745179424381
edenderry co offlay,lags_only,xgboost_direct,4,209,7.528626131669186,12.483342586145506,7.498516746411483,14.366045544731556,-0.004015378811031,0.1310522755008591
edenderry co offlay,lags_only,xgboost_direct,5,211,9.384301798400156,16.22283147609483,10.153744075829382,20.529845549683,0.0757791679288879,0.20979281423063
edenderry co offlay,lags_only,xgboost_direct,6,211,8.701163859435168,15.466151350803456,10.081232227488153,19.084895394722192,0.1368948097723609,0.1896129881287941
edenderry co offlay,lags_only,xgboost_direct,7,211,8.598618949058498,14.18568119668016,9.83127962085308,17.575723832788384,0.1253815087488704,0.1928821064987338
edenderry co offlay,lags_only,xgboost_direct,8,211,9.855030025554496,18.289089353749624,10.272796208530805,17.983488899148075,0.0406672316374178,-0.0169933907883705
edenderry co offlay,lags_only,xgboost_direct,9,211,11.403841085298367,22.98093403395824,11.240284360189571,24.68737288766844,-0.0145509419395182,0.0691219297198926
edenderry co offlay,lags_only,xgboost_direct,10,211,9.970996366112152,17.990201528877705,10.767582938388626,20.401936066478186,0.0739800730428069,0.118211062408098
edenderry co offlay,lags_only,xgboost_direct,11,211,10.06684283333367,18.790786437362545,11.566113744075828,22.19705959135961,0.1296261599977853,0.1534560530406011
edenderry co offlay,lags_only,xgboost_direct,12,211,8.696692980816014,14.541782132231564,10.870379146919433,18.393171680136525,0.1999641536624249,0.2093923557547293
edenderry co offlay,lags_only,xgboost_direct,13,211,7.798137923326537,13.22699329619494,9.989383886255924,17.578180545199235,0.2193574686767472,0.2475334257613279
edenderry co offlay,lags_only,xgboost_direct,14,211,7.116269924968339,11.237976203458022,9.907203791469197,17.10969205115358,0.281707525679854,0.3431806855518285
edenderry co offlay,lags_only,xgboost_direct,15,210,6.963680519013178,9.726607691227567,9.37490476190476,15.515979612429676,0.2571998653991316,0.373123197233664
edenderry co offlay,lags_only,xgboost_direct,16,209,6.586184780631909,9.425636234052163,9.25928229665072,15.56120087677274,0.2886938134487731,0.3942860638653385
edenderry co offlay,lags_only,xgboost_direct,17,210,6.463400350465661,9.97875967928721,9.554619047619047,15.923860548306266,0.3235313393184105,0.3733454491757279
edenderry co offlay,lags_only,xgboost_direct,18,210,6.798336633591425,11.238880090396815,9.916952380952385,16.873508032810882,0.3144731997857449,0.3339334020796041
edenderry co offlay,lags_only,xgboost_direct,19,211,7.01771979255134,12.389473052174145,9.824976303317536,17.542640576282285,0.2857265426501119,0.2937509607918002
edenderry co offlay,lags_only,xgboost_direct,20,208,6.565922889984572,9.196968440652729,9.135673076923077,15.37779977635092,0.2812874503390181,0.4019320985830182
edenderry co offlay,lags_only,xgboost_direct,21,210,7.865269428616478,16.65932724643217,9.929809523809524,20.04357068274727,0.2079133633170633,0.1688443386600834
edenderry co offlay,lags_only,xgboost_direct,22,210,7.707999159495035,11.310781508899574,9.155333333333331,15.172192201210612,0.1580864531244045,0.2545057853935525
edenderry co offlay,lags_only,xgboost_direct,23,210,7.874473658516293,13.528708544389623,9.835761904761906,17.2905376131681,0.1994037945648187,0.2175657664868412
edenderry co offlay,lags_only,xgboost_direct,24,210,7.6887466481526685,10.676926402347398,9.328904761904765,15.180645023625752,0.1758146487302341,0.2966750499909051
henry street Limerick,reference,persistence,1,211,3.09153809450237,4.86951969555958,3.09153809450237,4.86951969555958,,
henry street Limerick,reference,persistence,2,211,3.6049097450710894,5.191721703366139,3.6049097450710894,5.191721703366139,,
henry street Limerick,reference,persistence,3,211,4.441567513175356,6.541952232092006,4.441567513175356,6.541952232092006,,
henry street Limerick,reference,persistence,4,211,5.174278796255924,7.639722311572346,5.174278796255924,7.639722311572346,,
henry street Limerick,reference,persistence,5,211,5.715696635260663,9.613686386391995,5.715696635260663,9.613686386391995,,
henry street Limerick,reference,persistence,6,211,7.536548761090048,16.284943587073727,7.536548761090048,16.284943587073727,,
henry street Limerick,reference,persistence,7,211,7.141060167772512,12.33295760445258,7.141060167772512,12.33295760445258,,
henry street Limerick,reference,persistence,8,211,6.696564309194313,10.270728314014478,6.696564309194313,10.270728314014478,,
henry street Limerick,reference,persistence,9,211,6.47055670549763,9.609396564157455,6.47055670549763,9.609396564157455,,
henry street Limerick,reference,persistence,10,211,6.392852610426541,10.53988365370468,6.392852610426541,10.53988365370468,,
henry street Limerick,reference,persistence,11,211,5.886795736398104,8.509551805999237,5.886795736398104,8.509551805999237,,
henry street Limerick,reference,persistence,12,210,6.106290305571429,8.06902347495985,6.106290305571429,8.06902347495985,,
henry street Limerick,reference,persistence,13,210,5.875166103666667,7.918141933889058,5.875166103666667,7.918141933889058,,
henry street Limerick,reference,persistence,14,211,5.781620637725118,8.295285436382292,5.781620637725118,8.295285436382292,,
henry street Limerick,reference,persistence,15,210,5.835600308238095,8.214860197358917,5.835600308238095,8.214860197358917,,
henry street Limerick,reference,persistence,16,210,5.922516521333334,8.223404370807657,5.922516521333334,8.223404370807657,,
henry street Limerick,reference,persistence,17,211,5.9064184397630335,8.087208017411394,5.9064184397630335,8.087208017411394,,
henry street Limerick,reference,persistence,18,211,6.029691364218008,8.248975999392618,6.029691364218008,8.248975999392618,,
henry street Limerick,reference,persistence,19,211,6.377729850331756,8.930549708388156,6.377729850331756,8.930549708388156,,
henry street Limerick,reference,persistence,20,211,6.5721739958293846,8.984052957993839,6.5721739958293846,8.984052957993839,,
henry street Limerick,reference,persistence,21,211,6.381590821137442,8.630660786049935,6.381590821137442,8.630660786049935,,
henry street Limerick,reference,persistence,22,211,6.1422107498246445,8.379359051208922,6.1422107498246445,8.379359051208922,,
henry street Limerick,reference,persistence,23,211,6.232572465118484,8.372000866410016,6.232572465118484,8.372000866410016,,
henry street Limerick,reference,persistence,24,211,6.391140564966825,8.586638737386977,6.391140564966825,8.586638737386977,,
henry street Limerick,reference,sarima,1,211,3.089196884930475,4.799203668824544,3.09153809450237,4.86951969555958,0.0007572960449875,0.014440033336174
henry street Limerick,reference,sarima,2,211,3.708127388527396,5.282888016833438,3.6049097450710894,5.191721703366139,-0.0286325180810516,-0.0175599384320213
henry street Limerick,reference,sarima,3,211,4.596917321313428,6.741925555552516,4.441567513175356,6.541952232092006,-0.0349763473542272,-0.0305678360779717
henry street Limerick,reference,sarima,4,211,5.448819132226084,8.058757411828903,5.174278796255924,7.639722311572346,-0.0530586670685035,-0.0548495198080458
henry street Limerick,reference,sarima,5,211,6.3231617060654015,10.169324712356287,5.715696635260663,9.613686386391995,-0.106280145635657,-0.0577965936927991
henry street Limerick,reference,sarima,6,211,7.876976204646428,16.997176632573435,7.536548761090048,16.284943587073727,-0.0451702038091959,-0.0437356777867532
henry street Limerick,reference,sarima,7,211,7.485955372676338,13.032708828162102,7.141060167772512,12.33295760445258,-0.0482974791978834,-0.0567383142107689
henry street Limerick,reference,sarima,8,211,7.388722129555703,11.090087418735209,6.696564309194313,10.270728314014478,-0.1033601393793925,-0.0797761443658
henry street Limerick,reference,sarima,9,211,7.187683226518863,10.427033240934964,6.47055670549763,9.609396564157455,-0.110829184204805,-0.0850872030640561
henry street Limerick,reference,sarima,10,211,7.065338550769041,11.430761075396216,6.392852610426541,10.53988365370468,-0.1051934060306187,-0.0845244075705142
henry street Limerick,reference,sarima,11,211,6.549066178819592,9.167304807508902,5.886795736398104,8.509551805999237,-0.1125010059932376,-0.0772958454810686
henry street Limerick,reference,sarima,12,210,6.1336250405621895,8.378789530932362,6.106290305571429,8.06902347495985,-0.0044764879530572,-0.0383895346114422
henry street Limerick,reference,sarima,13,210,6.364398972982752,8.220177780216105,5.875166103666667,7.918141933889058,-0.0832713255563541,-0.0381447881142866
henry street Limerick,reference,sarima,14,211,6.160198686912606,7.942128016205492,5.781620637725118,8.295285436382292,-0.065479572754612,0.0425732692244544
henry street Limerick,reference,sarima,15,210,6.0657525182679946,7.800375705333301,5.835600308238095,8.214860197358917,-0.0394393374928359,0.0504554529313685
henry street Limerick,reference,sarima,16,210,5.8851524986140165,7.547165447204662,5.922516521333334,8.223404370807657,0.0063088085250128,0.0822334513919298
henry street Limerick,reference,sarima,17,211,6.07272717851304,7.762224693149337,5.9064184397630335,8.087208017411394,-0.0281572903183402,0.040184860283349
henry street Limerick,reference,sarima,18,211,6.782087921834834,8.89464795037022,6.029691364218008,8.248975999392618,-0.1247819352880599,-0.0782729821283447
henry street Limerick,reference,sarima,19,211,8.095686017904399,10.912388818541553,6.377729850331756,8.930549708388156,-0.2693679738540946,-0.2219168108198226
henry street Limerick,reference,sarima,20,211,8.881929091432118,11.5771957002102,6.5721739958293846,8.984052957993839,-0.351444605250633,-0.2886384078924013
henry street Limerick,reference,sarima,21,211,8.967934815740636,11.331812588330124,6.381590821137442,8.630660786049935,-0.4052820162077093,-0.3129716100818334
henry street Limerick,reference,sarima,22,211,8.676862057613048,11.15533955316164,6.1422107498246445,8.379359051208922,-0.4126610777496955,-0.3312879284665833
henry street Limerick,reference,sarima,23,211,9.38361469039032,11.575395224355246,6.232572465118484,8.372000866410016,-0.5055765084011639,-0.3826318712887178
henry street Limerick,reference,sarima,24,211,9.535736884405882,11.848330025943934,6.391140564966825,8.586638737386977,-0.4920242775876702,-0.3798565874624802
henry street Limerick,lags_meteo,xgboost_direct,1,211,3.230487206526301,4.7674982524222855,3.09153809450237,4.86951969555958,-0.0449449781230328,0.0209510279279342
henry street Limerick,lags_meteo,xgboost_direct,2,211,3.4820370620009173,4.82215280874243,3.6049097450710894,5.191721703366139,0.0340848153655367,0.0711842652089946
henry street Limerick,lags_meteo,xgboost_direct,3,211,4.043592452640195,5.623107701820274,4.441567513175356,6.541952232092006,0.089602389101284,0.1404541790697089
henry street Limerick,lags_meteo,xgboost_direct,4,211,4.514632831499313,6.075044985048134,5.174278796255924,7.639722311572346,0.1274855860557662,0.2048081412794418
henry street Limerick,lags_meteo,xgboost_direct,5,211,5.015750134748188,7.983776722386778,5.715696635260663,9.613686386391995,0.12246040074878,0.1695405485987485
henry street Limerick,lags_meteo,xgboost_direct,6,211,6.3609052159124495,14.275907755965806,7.536548761090048,16.284943587073727,0.1559922960025483,0.1233676874817426
henry street Limerick,lags_meteo,xgboost_direct,7,211,5.91492023167127,10.253602863099893,7.141060167772512,12.33295760445258,0.1717027874425132,0.1686014667399793
henry street Limerick,lags_meteo,xgboost_direct,8,211,5.801511734932571,8.898615566536748,6.696564309194313,10.270728314014478,0.1336584751426703,0.1335944935477918
henry street Limerick,lags_meteo,xgboost_direct,9,211,5.820381566775898,8.419254309023382,6.47055670549763,9.609396564157455,0.1004821019757572,0.1238519242272966
henry street Limerick,lags_meteo,xgboost_direct,10,211,6.170318483720119,10.062102813277212,6.392852610426541,10.53988365370468,0.0348098322090948,0.0453307509006071
henry street Limerick,lags_meteo,xgboost_direct,11,211,5.740324722779148,7.782654416390067,5.886795736398104,8.509551805999237,0.0248812801017239,0.0854213484071754
henry street Limerick,lags_meteo,xgboost_direct,12,210,5.660758261832003,7.425429120613817,6.106290305571429,8.06902347495985,0.0729628008895875,0.0797611205796171
henry street Limerick,lags_meteo,xgboost_direct,13,210,5.130052282304775,6.55106458442694,5.875166103666667,7.918141933889058,0.1268242987882282,0.1726512811814005
henry street Limerick,lags_meteo,xgboost_direct,14,211,4.966912503950062,6.478581012690321,5.781620637725118,8.295285436382292,0.1409134539992264,0.2190044498919937
henry street Limerick,lags_meteo,xgboost_direct,15,210,5.107495147601387,6.593894288052583,5.835600308238095,8.214860197358917,0.1247695390667597,0.1973211801982308
henry street Limerick,lags_meteo,xgboost_direct,16,210,5.078386403948027,6.532040540267297,5.922516521333334,8.223404370807657,0.1425289594963034,0.2056768406700938
henry street Limerick,lags_meteo,xgboost_direct,17,211,5.226289395817119,6.726705626084635,5.9064184397630335,8.087208017411394,0.1151508398672142,0.168228934930035
henry street Limerick,lags_meteo,xgboost_direct,18,211,5.642233541093416,7.425186723360891,6.029691364218008,8.248975999392618,0.0642583176684438,0.0998656410313696
henry street Limerick,lags_meteo,xgboost_direct,19,211,6.1798433827578405,8.245197800071459,6.377729850331756,8.930549708388156,0.0310277280815871,0.076742410119835
henry street Limerick,lags_meteo,xgboost_direct,20,211,6.499048374857167,8.494006649252114,6.5721739958293846,8.984052957993839,0.0111265497563853,0.0545462399913494
henry street Limerick,lags_meteo,xgboost_direct,21,211,6.328685789990587,8.342193314853017,6.381590821137442,8.630660786049935,0.0082902574968642,0.0334235672502828
henry street Limerick,lags_meteo,xgboost_direct,22,211,6.1250736338708975,8.083992531043016,6.1422107498246445,8.379359051208922,0.002790056650895,0.0352492975131901
henry street Limerick,lags_meteo,xgboost_direct,23,211,5.872138570754562,7.626304747122382,6.232572465118484,8.372000866410016,0.0578306784848701,0.0890702391443246
henry street Limerick,lags_meteo,xgboost_direct,24,211,5.923435128661156,7.556605552124243,6.391140564966825,8.586638737386977,0.0731802769085391,0.1199576710707391
henry street Limerick,lags_only,xgboost_direct,1,211,3.232273701213903,4.850686253883082,3.09153809450237,4.86951969555958,-0.0455228441020347,0.0038676179282469
henry street Limerick,lags_only,xgboost_direct,2,211,3.6882636092620302,5.195141984887172,3.6049097450710894,5.191721703366139,-0.0231223165309224,-0.0006587952352714
henry street Limerick,lags_only,xgboost_direct,3,211,4.286111458578962,6.081912484954983,4.441567513175356,6.541952232092006,0.0350002682916003,0.0703214775675472
henry street Limerick,lags_only,xgboost_direct,4,211,4.466086284346935,6.332066054413428,5.174278796255924,7.639722311572346,0.136867868894392,0.1711654172532074
henry street Limerick,lags_only,xgboost_direct,5,211,4.9823605059321885,7.757584544295077,5.715696635260663,9.613686386391995,0.1283021434000636,0.1930686905622591
henry street Limerick,lags_only,xgboost_direct,6,211,6.17344691013548,13.655366827887022,7.536548761090048,16.284943587073727,0.1808655253439129,0.1614728810773374
henry street Limerick,lags_only,xgboost_direct,7,211,6.065815213073626,9.817845230164588,7.141060167772512,12.33295760445258,0.1505721740801805,0.203934243103208
henry street Limerick,lags_only,xgboost_direct,8,211,5.913819470032184,8.963345026597278,6.696564309194313,10.270728314014478,0.1168875266511558,0.1272921693034434
henry street Limerick,lags_only,xgboost_direct,9,211,5.942903187612202,8.650324620693276,6.47055670549763,9.609396564157455,0.0815468501245209,0.0998056368119375
henry street Limerick,lags_only,xgboost_direct,10,211,6.3997533989898185,10.122053607071903,6.392852610426541,10.53988365370468,-0.0010794537249338,0.0396427570133482
henry street Limerick,lags_only,xgboost_direct,11,211,5.823731835655987,7.928244416987832,5.886795736398104,8.509551805999237,0.0107127720352504,0.0683123391529955
henry street Limerick,lags_only,xgboost_direct,12,210,5.796094039246535,7.619122828351706,6.106290305571429,8.06902347495985,0.0507994626527776,0.0557565172544479
henry street Limerick,lags_only,xgboost_direct,13,210,5.37538931907337,7.165068446100758,5.875166103666667,7.918141933889058,0.0850659837994008,0.095107348930587
henry street Limerick,lags_only,xgboost_direct,14,211,5.049348705669374,6.990201056564573,5.781620637725118,8.295285436382292,0.1266551332125917,0.1573284475653784
henry street Limerick,lags_only,xgboost_direct,15,210,4.985593417381866,6.653497778511247,5.835600308238095,8.214860197358917,0.1456588604357083,0.1900656105321972
henry street Limerick,lags_only,xgboost_direct,16,210,5.0570829394218055,6.744341975345256,5.922516521333334,8.223404370807657,0.1461259886391491,0.1798601076596621
henry street Limerick,lags_only,xgboost_direct,17,211,5.5482851195053255,7.509215346847401,5.9064184397630335,8.087208017411394,0.0606346001236032,0.0714699893114657
henry street Limerick,lags_only,xgboost_direct,18,211,5.776050622635228,7.711107551960392,6.029691364218008,8.248975999392618,0.0420652942682872,0.0652042686839954
henry street Limerick,lags_only,xgboost_direct,19,211,6.575824879143895,8.851428557434422,6.377729850331756,8.930549708388156,-0.0310604295667735,0.0088596059075084
henry street Limerick,lags_only,xgboost_direct,20,211,6.649645883439726,9.079023454379904,6.5721739958293846,8.984052957993839,-0.0117878631423185,-0.0105710080773246
henry street Limerick,lags_only,xgboost_direct,21,211,6.473345538519959,8.612880672401179,6.381590821137442,8.630660786049935,-0.0143780320541082,0.0020601103541799
henry street Limerick,lags_only,xgboost_direct,22,211,6.22659064017097,8.126463134267077,6.1422107498246445,8.379359051208922,-0.0137377067937198,0.0301808187710204
henry street Limerick,lags_only,xgboost_direct,23,211,5.921223242010098,7.691764203514872,6.232572465118484,8.372000866410016,0.0499551709748901,0.0812513846748841
henry street Limerick,lags_only,xgboost_direct,24,211,6.02839463194346,7.811617417262615,6.391140564966825,8.586638737386977,0.0567576208559338,0.0902589876932694
porrlaoise co laois,reference,persistence,1,212,3.510093822075471,6.226610293526211,3.510093822075471,6.226610293526211,,
porrlaoise co laois,reference,persistence,2,212,4.371448109198113,7.138099787031243,4.371448109198113,7.138099787031243,,
porrlaoise co laois,reference,persistence,3,212,4.769347904952831,7.765535500551097,4.769347904952831,7.765535500551097,,
porrlaoise co laois,reference,persistence,4,212,5.219327368207547,8.257615278475921,5.219327368207547,8.257615278475921,,
porrlaoise co laois,reference,persistence,5,212,5.476013356603774,8.574861729428035,5.476013356603774,8.574861729428035,,
porrlaoise co laois,reference,persistence,6,212,5.71504825716981,9.108137096564086,5.71504825716981,9.108137096564086,,
porrlaoise co laois,reference,persistence,7,212,5.754512323537736,9.273674737458668,5.754512323537736,9.273674737458668,,
porrlaoise co laois,reference,persistence,8,212,5.6415288604716975,9.089144832254624,5.6415288604716975,9.089144832254624,,
porrlaoise co laois,reference,persistence,9,212,5.913024860556604,9.335444817924154,5.913024860556604,9.335444817924154,,
porrlaoise co laois,reference,persistence,10,212,6.35336154662736,9.765771537623603,6.35336154662736,9.765771537623603,,
porrlaoise co laois,reference,persistence,11,212,6.686388344094341,10.11211183040777,6.686388344094341,10.11211183040777,,
porrlaoise co laois,reference,persistence,12,212,6.608096508533019,10.126843938425331,6.608096508533019,10.126843938425331,,
porrlaoise co laois,reference,persistence,13,212,6.602087384716981,10.336054063250344,6.602087384716981,10.336054063250344,,
porrlaoise co laois,reference,persistence,14,212,6.733257426179245,10.541907902480952,6.733257426179245,10.541907902480952,,
porrlaoise co laois,reference,persistence,15,212,6.857704347688679,10.561649045474793,6.857704347688679,10.561649045474793,,
porrlaoise co laois,reference,persistence,16,212,6.778259596320754,10.183124308197216,6.778259596320754,10.183124308197216,,
porrlaoise co laois,reference,persistence,17,212,6.392688409009433,9.453376085253035,6.392688409009433,9.453376085253035,,
porrlaoise co laois,reference,persistence,18,212,6.853675064669812,11.288402177265388,6.853675064669812,11.288402177265388,,
porrlaoise co laois,reference,persistence,19,212,7.403264418820755,11.258665329995935,7.403264418820755,11.258665329995935,,
porrlaoise co laois,reference,persistence,20,212,7.434101446603774,11.656467583513312,7.434101446603774,11.656467583513312,,
porrlaoise co laois,reference,persistence,21,212,7.737035531745284,11.69736154474405,7.737035531745284,11.69736154474405,,
porrlaoise co laois,reference,persistence,22,212,7.860858733443396,12.333282156850736,7.860858733443396,12.333282156850736,,
porrlaoise co laois,reference,persistence,23,212,7.63844249528302,11.195373517245482,7.63844249528302,11.195373517245482,,
porrlaoise co laois,reference,persistence,24,212,7.196616079858491,10.07772136346088,7.196616079858491,10.07772136346088,,
porrlaoise co laois,reference,sarima,1,212,3.1933186858814504,5.792938111807147,3.510093822075471,6.226610293526211,0.0902469142567579,0.069648197217345
porrlaoise co laois,reference,sarima,2,212,3.747629610409917,6.12777076951218,4.371448109198113,7.138099787031243,0.1427029403541581,0.1415403325342502
porrlaoise co laois,reference,sarima,3,212,3.853358634269018,6.212146081031803,4.769347904952831,7.765535500551097,0.1920575493627931,0.2000363554334475
porrlaoise co laois,reference,sarima,4,212,3.9931975454288886,6.216363909589464,5.219327368207547,8.257615278475921,0.2349210417892877,0.2471962303944007
porrlaoise co laois,reference,sarima,5,212,4.0720212118159385,6.139275566148862,5.476013356603774,8.574861729428035,0.2563894668179904,0.2840379518797946
porrlaoise co laois,reference,sarima,6,212,4.174349726506257,6.222470208517206,5.71504825716981,9.108137096564086,0.2695862679253269,0.316822952646975
porrlaoise co laois,reference,sarima,7,212,4.1812488986411145,6.012578077049521,5.754512323537736,9.273674737458668,0.2733964820027385,0.3516509639093519
porrlaoise co laois,reference,sarima,8,212,4.613134816640606,6.313776734062909,5.6415288604716975,9.089144832254624,0.1822899553056802,0.3053497495543007
porrlaoise co laois,reference,sarima,9,212,5.194347945140622,6.931727694063607,5.913024860556604,9.335444817924154,0.121541331613534,0.257482869937315
porrlaoise co laois,reference,sarima,10,212,5.327207144353142,7.540610551112392,6.35336154662736,9.765771537623603,0.1615136168063573,0.2278530659803538
porrlaoise co laois,reference,sarima,11,212,5.221255542961983,7.475404759167317,6.686388344094341,10.11211183040777,0.2191217030381455,0.2607474200702276
porrlaoise co laois,reference,sarima,12,212,5.212408715692935,7.038820163339201,6.608096508533019,10.126843938425331,0.2112087483949176,0.3049344686125678
porrlaoise co laois,reference,sarima,13,212,5.283060250242966,7.157600217220023,6.602087384716981,10.336054063250344,0.1997894086539055,0.3075113410378972
porrlaoise co laois,reference,sarima,14,212,5.33315872734727,7.288672077455696,6.733257426179245,10.541907902480952,0.2079377944749774,0.3086002889723248
porrlaoise co laois,reference,sarima,15,212,5.506607796406993,7.541609283518395,6.857704347688679,10.561649045474793,0.1970187810352395,0.2859439609243931
porrlaoise co laois,reference,sarima,16,212,5.676240036637521,7.813370568385946,6.778259596320754,10.183124308197216,0.1625814921991789,0.2327138182830258
porrlaoise co laois,reference,sarima,17,212,6.118069076699698,8.23219015473858,6.392688409009433,9.453376085253035,0.0429583478404335,0.1291798738885959
porrlaoise co laois,reference,sarima,18,212,7.544811865108825,11.748025487321032,6.853675064669812,11.288402177265388,-0.1008417810762247,-0.0407164187489099
porrlaoise co laois,reference,sarima,19,212,8.429199545815077,12.363340881497322,7.403264418820755,11.258665329995935,-0.1385787497183224,-0.0981178069622739
porrlaoise co laois,reference,sarima,20,212,9.013747643592117,12.988681885820643,7.434101446603774,11.656467583513312,-0.2124864999938891,-0.1142897102198945
porrlaoise co laois,reference,sarima,21,212,9.202246528092854,12.706090194284158,7.737035531745284,11.69736154474405,-0.1893762785934956,-0.0862355707893254
porrlaoise co laois,reference,sarima,22,212,9.39313048418516,13.496007959148368,7.860858733443396,12.333282156850736,-0.1949242191852191,-0.0942754562419359
porrlaoise co laois,reference,sarima,23,212,8.998491184712007,12.318268570861372,7.63844249528302,11.195373517245482,-0.1780531424133729,-0.1002999187017896
porrlaoise co laois,reference,sarima,24,212,8.257118800275808,10.591902494309316,7.196616079858491,10.07772136346088,-0.1473613026802134,-0.0510215665133109
porrlaoise co laois,lags_meteo,xgboost_direct,1,212,2.474018891116973,3.6623305523335095,3.510093822075471,6.226610293526211,0.2951701531288074,0.4118259567101503
porrlaoise co laois,lags_meteo,xgboost_direct,2,212,3.113849002429251,4.493133729236875,4.371448109198113,7.138099787031243,0.2876847843904871,0.3705420401378863
porrlaoise co laois,lags_meteo,xgboost_direct,3,212,3.2496079123402404,4.600164078010304,4.769347904952831,7.765535500551097,0.3186473335347132,0.4076179192428077
porrlaoise co laois,lags_meteo,xgboost_direct,4,212,3.4705523046112208,4.686148404949965,5.219327368207547,8.257615278475921,0.335057554398413,0.4325058449786642
porrlaoise co laois,lags_meteo,xgboost_direct,5,212,3.5605061134959155,4.72781996221624,5.476013356603774,8.574861729428035,0.3497995929461824,0.4486418427027396
porrlaoise co laois,lags_meteo,xgboost_direct,6,212,3.62832689804912,4.7925236754514176,5.71504825716981,9.108137096564086,0.3651275134033724,0.4738195500746988
porrlaoise co laois,lags_meteo,xgboost_direct,7,212,3.5683645676058267,4.731718107686049,5.754512323537736,9.273674737458668,0.3799014813105689,0.4897688088440854
porrlaoise co laois,lags_meteo,xgboost_direct,8,212,3.9805653062128,5.230431976212997,5.6415288604716975,9.089144832254624,0.2944172750576023,0.4245408041412459
porrlaoise co laois,lags_meteo,xgboost_direct,9,212,4.378103963008092,5.702277016848783,5.913024860556604,9.335444817924154,0.2595830279333591,0.3891799343186786
porrlaoise co laois,lags_meteo,xgboost_direct,10,212,4.716069814548322,6.447586645368533,6.35336154662736,9.765771537623603,0.2577047945505609,0.3397770344587147
porrlaoise co laois,lags_meteo,xgboost_direct,11,212,4.903591150915024,6.377005227383531,6.686388344094341,10.11211183040777,0.2666308179293755,0.3693695902168065
porrlaoise co laois,lags_meteo,xgboost_direct,12,212,4.728841873698436,6.0984509760827965,6.608096508533019,10.126843938425331,0.284386681158168,0.3977935264764166
porrlaoise co laois,lags_meteo,xgboost_direct,13,212,4.65560189332959,5.99474436855238,6.602087384716981,10.336054063250344,0.2948287985241251,0.4200161558880978
porrlaoise co laois,lags_meteo,xgboost_direct,14,212,4.597940988069418,5.790116451469971,6.733257426179245,10.541907902480952,0.3171297787914077,0.4507525103584604
porrlaoise co laois,lags_meteo,xgboost_direct,15,212,4.720621660111061,6.227401256217928,6.857704347688679,10.561649045474793,0.3116323742212509,0.4103760473951652
porrlaoise co laois,lags_meteo,xgboost_direct,16,212,4.8246341222474864,6.584540671992849,6.778259596320754,10.183124308197216,0.2882193351127622,0.3533869888348094
porrlaoise co laois,lags_meteo,xgboost_direct,17,212,5.069730948847178,6.68897675303541,6.392688409009433,9.453376085253035,0.2069485286186898,0.2924245589393192
porrlaoise co laois,lags_meteo,xgboost_direct,18,212,5.946721782931553,9.356490534579386,6.853675064669812,11.288402177265388,0.1323309426228179,0.1711412839787753
porrlaoise co laois,lags_meteo,xgboost_direct,19,212,6.411279820274169,9.55434795569744,7.403264418820755,11.258665329995935,0.133992863475839,0.1513782783610914
porrlaoise co laois,lags_meteo,xgboost_direct,20,212,6.519167830906683,10.2227767057536,7.434101446603774,11.656467583513312,0.12307252225016,0.1229953129014398
porrlaoise co laois,lags_meteo,xgboost_direct,21,212,6.316470682657355,8.994406217080352,7.737035531745284,11.69736154474405,0.1836058323965695,0.2310739321277294
porrlaoise co laois,lags_meteo,xgboost_direct,22,212,6.458310392788927,10.13761476927317,7.860858733443396,12.333282156850736,0.1784217714901095,0.1780278241958443
porrlaoise co laois,lags_meteo,xgboost_direct,23,212,6.20024948782469,9.097618478766762,7.63844249528302,11.195373517245482,0.1882835418799656,0.1873769584594309
porrlaoise co laois,lags_meteo,xgboost_direct,24,212,5.548384848917537,7.363435508068993,7.196616079858491,10.07772136346088,0.2290286452203469,0.2693352750586221
porrlaoise co laois,lags_only,xgboost_direct,1,212,2.5438148558483342,4.070058432678117,3.510093822075471,6.226610293526211,0.2752857943995893,0.3463444409055526
porrlaoise co laois,lags_only,xgboost_direct,2,212,3.141163709852407,4.500095380487111,4.371448109198113,7.138099787031243,0.2814363498349718,0.369566759396801
porrlaoise co laois,lags_only,xgboost_direct,3,212,3.201500222343612,4.470780101951561,4.769347904952831,7.765535500551097,0.3287341820841072,0.4242792268950051
porrlaoise co laois,lags_only,xgboost_direct,4,212,3.482367634781286,4.560886329429965,5.219327368207547,8.257615278475921,0.332793789484559,0.4476751246430371
porrlaoise co laois,lags_only,xgboost_direct,5,212,3.5384376351994296,4.598383369064391,5.476013356603774,8.574861729428035,0.3538296193283995,0.463736732537247
porrlaoise co laois,lags_only,xgboost_direct,6,212,3.586689060297264,4.667389809560326,5.71504825716981,9.108137096564086,0.3724131627764323,0.4875582393988082
porrlaoise co laois,lags_only,xgboost_direct,7,212,3.5768520625234523,4.658476465218116,5.754512323537736,9.273674737458668,0.3784265526910038,0.4976666103673686
porrlaoise co laois,lags_only,xgboost_direct,8,212,3.955825453372238,5.163733507216775,5.6415288604716975,9.089144832254624,0.2988025850422602,0.4318790598547569
porrlaoise co laois,lags_only,xgboost_direct,9,212,4.509369229785436,5.813836813313441,5.913024860556604,9.335444817924154,0.2373836849789666,0.3772298024673862
porrlaoise co laois,lags_only,xgboost_direct,10,212,5.046491446108021,6.663909055652876,6.35336154662736,9.765771537623603,0.2056974234707423,0.3176259520326168
porrlaoise co laois,lags_only,xgboost_direct,11,212,5.310128246606892,6.741782483765841,6.686388344094341,10.11211183040777,0.2058301173462369,0.33329628896183
porrlaoise co laois,lags_only,xgboost_direct,12,212,5.028327615658232,6.415950826013915,6.608096508533019,10.126843938425331,0.2390656508776522,0.3664412264052764
porrlaoise co laois,lags_only,xgboost_direct,13,212,4.918279478906268,6.320891317307686,6.602087384716981,10.336054063250344,0.255041747812748,0.3884618560789553
porrlaoise co laois,lags_only,xgboost_direct,14,212,4.897571419656294,6.264013839280257,6.733257426179245,10.541907902480952,0.2726297080794373,0.4057988461646423
porrlaoise co laois,lags_only,xgboost_direct,15,212,5.095649050222228,6.515152934790858,6.857704347688679,10.561649045474793,0.2569453578237641,0.3831310899710005
porrlaoise co laois,lags_only,xgboost_direct,16,212,5.298211377100646,6.932535542143795,6.778259596320754,10.183124308197216,0.2183522478282595,0.3192133050400613
porrlaoise co laois,lags_only,xgboost_direct,17,212,5.513414891066176,7.03261277579541,6.392688409009433,9.453376085253035,0.1375436219766425,0.2560739451838735
porrlaoise co laois,lags_only,xgboost_direct,18,212,6.20548268585816,9.541967012686424,6.853675064669812,11.288402177265388,0.0945758841344895,0.1547105725995702
porrlaoise co laois,lags_only,xgboost_direct,19,212,6.776635132963464,9.745642999870682,7.403264418820755,11.258665329995935,0.0846422943187412,0.1343873617145522
porrlaoise co laois,lags_only,xgboost_direct,20,212,6.642271748136533,9.823182642065287,7.434101446603774,11.656467583513312,0.1065131682900268,0.1572762012430753
porrlaoise co laois,lags_only,xgboost_direct,21,212,6.754195923436729,9.363687682100728,7.737035531745284,11.69736154474405,0.1270305150177914,0.1995042945126293
porrlaoise co laois,lags_only,xgboost_direct,22,212,6.659268333898207,10.481410675213764,7.860858733443396,12.333282156850736,0.152857396410537,0.1501523648032586
porrlaoise co laois,lags_only,xgboost_direct,23,212,6.256809220528174,9.1625344039158,7.63844249528302,11.195373517245482,0.1808789259862921,0.1815784984929955
porrlaoise co laois,lags_only,xgboost_direct,24,212,5.730201512355744,7.540894972577735,7.196616079858491,10.07772136346088,0.2037644569656662,0.251726188826871
