origin,forecast_timestamp,horizon,condition,model,y_true,y_pred
2023-01-01,2023-01-01 01:00:00,1,lags_meteo,xgboost_direct,42.0,40.1182861328125
2023-01-01,2023-01-01 02:00:00,2,lags_meteo,xgboost_direct,47.0,37.94502639770508
2023-01-01,2023-01-01 03:00:00,3,lags_meteo,xgboost_direct,47.0,34.452720642089844
2023-01-01,2023-01-01 04:00:00,4,lags_meteo,xgboost_direct,43.0,33.08658218383789
2023-01-01,2023-01-01 05:00:00,5,lags_meteo,xgboost_direct,37.0,30.607675552368164
2023-01-01,2023-01-01 06:00:00,6,lags_meteo,xgboost_direct,35.0,27.159194946289062
2023-01-01,2023-01-01 07:00:00,7,lags_meteo,xgboost_direct,28.0,24.499149322509766
2023-01-01,2023-01-01 08:00:00,8,lags_meteo,xgboost_direct,24.0,20.1479434967041
2023-01-01,2023-01-01 09:00:00,9,lags_meteo,xgboost_direct,24.0,22.649450302124023
2023-01-01,2023-01-01 10:00:00,10,lags_meteo,xgboost_direct,25.0,28.590579986572266
2023-01-01,2023-01-01 11:00:00,11,lags_meteo,xgboost_direct,20.0,35.71402359008789
2023-01-01,2023-01-01 12:00:00,12,lags_meteo,xgboost_direct,20.0,35.073665618896484
2023-01-01,2023-01-01 13:00:00,13,lags_meteo,xgboost_direct,22.0,35.54153060913086
2023-01-01,2023-01-01 14:00:00,14,lags_meteo,xgboost_direct,21.0,35.75520706176758
2023-01-01,2023-01-01 15:00:00,15,lags_meteo,xgboost_direct,19.0,36.5327033996582
2023-01-01,2023-01-01 16:00:00,16,lags_meteo,xgboost_direct,16.0,35.18809127807617
2023-01-01,2023-01-01 17:00:00,17,lags_meteo,xgboost_direct,20.0,34.24742126464844
2023-01-01,2023-01-01 18:00:00,18,lags_meteo,xgboost_direct,18.0,32.42589569091797
2023-01-01,2023-01-01 19:00:00,19,lags_meteo,xgboost_direct,18.0,33.55873489379883
2023-01-01,2023-01-01 20:00:00,20,lags_meteo,xgboost_direct,20.0,37.24750900268555
2023-01-01,2023-01-01 21:00:00,21,lags_meteo,xgboost_direct,24.0,35.941104888916016
2023-01-01,2023-01-01 22:00:00,22,lags_meteo,xgboost_direct,30.0,34.415042877197266
2023-01-01,2023-01-01 23:00:00,23,lags_meteo,xgboost_direct,29.0,30.77428436279297
2023-01-01,2023-01-02 00:00:00,24,lags_meteo,xgboost_direct,27.0,36.24810028076172
2023-01-02,2023-01-02 01:00:00,1,lags_meteo,xgboost_direct,13.0,22.407838821411133
2023-01-02,2023-01-02 02:00:00,2,lags_meteo,xgboost_direct,14.0,22.943010330200195
2023-01-02,2023-01-02 03:00:00,3,lags_meteo,xgboost_direct,12.0,20.057729721069336
2023-01-02,2023-01-02 04:00:00,4,lags_meteo,xgboost_direct,13.0,18.62673568725586
2023-01-02,2023-01-02 05:00:00,5,lags_meteo,xgboost_direct,14.0,17.58252716064453
2023-01-02,2023-01-02 06:00:00,6,lags_meteo,xgboost_direct,12.0,16.99608039855957
2023-01-02,2023-01-02 07:00:00,7,lags_meteo,xgboost_direct,18.0,16.3431339263916
2023-01-02,2023-01-02 08:00:00,8,lags_meteo,xgboost_direct,14.0,17.985414505004883
2023-01-02,2023-01-02 09:00:00,9,lags_meteo,xgboost_direct,15.0,18.56574249267578
2023-01-02,2023-01-02 10:00:00,10,lags_meteo,xgboost_direct,8.0,22.109722137451172
2023-01-02,2023-01-02 11:00:00,11,lags_meteo,xgboost_direct,16.0,23.83990478515625
2023-01-02,2023-01-02 12:00:00,12,lags_meteo,xgboost_direct,13.0,21.798166275024414
2023-01-02,2023-01-02 13:00:00,13,lags_meteo,xgboost_direct,22.0,20.34968376159668
2023-01-02,2023-01-02 14:00:00,14,lags_meteo,xgboost_direct,21.0,22.277740478515625
2023-01-02,2023-01-02 15:00:00,15,lags_meteo,xgboost_direct,24.0,20.152009963989258
2023-01-02,2023-01-02 16:00:00,16,lags_meteo,xgboost_direct,21.0,20.527135848999023
2023-01-02,2023-01-02 17:00:00,17,lags_meteo,xgboost_direct,10.0,19.09005355834961
2023-01-02,2023-01-02 18:00:00,18,lags_meteo,xgboost_direct,13.0,19.85881996154785
2023-01-02,2023-01-02 19:00:00,19,lags_meteo,xgboost_direct,21.0,22.09601593017578
2023-01-02,2023-01-02 20:00:00,20,lags_meteo,xgboost_direct,24.0,25.57107162475586
2023-01-02,2023-01-02 21:00:00,21,lags_meteo,xgboost_direct,26.0,26.45116424560547
2023-01-02,2023-01-02 22:00:00,22,lags_meteo,xgboost_direct,26.0,29.853025436401367
2023-01-02,2023-01-02 23:00:00,23,lags_meteo,xgboost_direct,23.0,30.6989688873291
2023-01-02,2023-01-03 00:00:00,24,lags_meteo,xgboost_direct,23.0,30.401029586791992
2023-01-03,2023-01-03 01:00:00,1,lags_meteo,xgboost_direct,23.0,19.380001068115234
2023-01-03,2023-01-03 02:00:00,2,lags_meteo,xgboost_direct,19.0,18.43956184387207
2023-01-03,2023-01-03 03:00:00,3,lags_meteo,xgboost_direct,20.0,17.62957763671875
2023-01-03,2023-01-03 04:00:00,4,lags_meteo,xgboost_direct,19.0,15.60280990600586
2023-01-03,2023-01-03 05:00:00,5,lags_meteo,xgboost_direct,20.0,14.914270401000977
2023-01-03,2023-01-03 06:00:00,6,lags_meteo,xgboost_direct,18.0,14.91679573059082
2023-01-03,2023-01-03 07:00:00,7,lags_meteo,xgboost_direct,18.0,14.819758415222168
2023-01-03,2023-01-03 08:00:00,8,lags_meteo,xgboost_direct,18.0,14.245831489562988
2023-01-03,2023-01-03 09:00:00,9,lags_meteo,xgboost_direct,20.0,15.030060768127441
2023-01-03,2023-01-03 10:00:00,10,lags_meteo,xgboost_direct,19.0,20.448530197143555
2023-01-03,2023-01-03 11:00:00,11,lags_meteo,xgboost_direct,18.0,24.016952514648438
2023-01-03,2023-01-03 12:00:00,12,lags_meteo,xgboost_direct,16.0,22.34490966796875
2023-01-03,2023-01-03 13:00:00,13,lags_meteo,xgboost_direct,20.0,24.148059844970703
2023-01-03,2023-01-03 14:00:00,14,lags_meteo,xgboost_direct,15.0,22.450490951538086
2023-01-03,2023-01-03 15:00:00,15,lags_meteo,xgboost_direct,8.0,20.77164077758789
2023-01-03,2023-01-03 16:00:00,16,lags_meteo,xgboost_direct,22.0,21.522092819213867
2023-01-03,2023-01-03 17:00:00,17,lags_meteo,xgboost_direct,18.0,20.622255325317383
2023-01-03,2023-01-03 18:00:00,18,lags_meteo,xgboost_direct,8.0,22.318300247192383
2023-01-03,2023-01-03 19:00:00,19,lags_meteo,xgboost_direct,21.0,22.755414962768555
2023-01-03,2023-01-03 20:00:00,20,lags_meteo,xgboost_direct,27.0,22.898204803466797
2023-01-03,2023-01-03 21:00:00,21,lags_meteo,xgboost_direct,26.0,23.976179122924805
2023-01-03,2023-01-03 22:00:00,22,lags_meteo,xgboost_direct,23.0,23.17194175720215
2023-01-03,2023-01-03 23:00:00,23,lags_meteo,xgboost_direct,22.0,23.585853576660156
2023-01-03,2023-01-04 00:00:00,24,lags_meteo,xgboost_direct,27.0,21.301105499267578
2023-01-04,2023-01-04 01:00:00,1,lags_meteo,xgboost_direct,28.0,21.484128952026367
2023-01-04,2023-01-04 02:00:00,2,lags_meteo,xgboost_direct,24.0,20.184499740600586
2023-01-04,2023-01-04 03:00:00,3,lags_meteo,xgboost_direct,21.0,16.81095314025879
2023-01-04,2023-01-04 04:00:00,4,lags_meteo,xgboost_direct,20.0,14.699743270874023
2023-01-04,2023-01-04 05:00:00,5,lags_meteo,xgboost_direct,18.0,14.003381729125977
2023-01-04,2023-01-04 06:00:00,6,lags_meteo,xgboost_direct,17.0,12.23747444152832
2023-01-04,2023-01-04 07:00:00,7,lags_meteo,xgboost_direct,15.0,10.18201732635498
2023-01-04,2023-01-04 08:00:00,8,lags_meteo,xgboost_direct,14.0,10.809295654296875
2023-01-04,2023-01-04 09:00:00,9,lags_meteo,xgboost_direct,13.0,13.191983222961426
2023-01-04,2023-01-04 10:00:00,10,lags_meteo,xgboost_direct,13.0,18.60744857788086
2023-01-04,2023-01-04 11:00:00,11,lags_meteo,xgboost_direct,15.0,23.444910049438477
2023-01-04,2023-01-04 12:00:00,12,lags_meteo,xgboost_direct,23.0,25.340810775756836
2023-01-04,2023-01-04 13:00:00,13,lags_meteo,xgboost_direct,34.0,24.691997528076172
2023-01-04,2023-01-04 14:00:00,14,lags_meteo,xgboost_direct,29.0,24.497528076171875
2023-01-04,2023-01-04 15:00:00,15,lags_meteo,xgboost_direct,20.0,21.3794002532959
2023-01-04,2023-01-04 16:00:00,16,lags_meteo,xgboost_direct,22.0,21.116241455078125
2023-01-04,2023-01-04 17:00:00,17,lags_meteo,xgboost_direct,20.0,18.550941467285156
2023-01-04,2023-01-04 18:00:00,18,lags_meteo,xgboost_direct,28.0,19.005443572998047
2023-01-04,2023-01-04 19:00:00,19,lags_meteo,xgboost_direct,26.0,20.074417114257812
2023-01-04,2023-01-04 20:00:00,20,lags_meteo,xgboost_direct,25.0,23.037952423095703
2023-01-04,2023-01-04 21:00:00,21,lags_meteo,xgboost_direct,28.0,24.708139419555664
2023-01-04,2023-01-04 22:00:00,22,lags_meteo,xgboost_direct,22.0,24.70208168029785
2023-01-04,2023-01-04 23:00:00,23,lags_meteo,xgboost_direct,21.0,23.08374786376953
2023-01-04,2023-01-05 00:00:00,24,lags_meteo,xgboost_direct,25.0,22.48419761657715
2023-01-05,2023-01-05 01:00:00,1,lags_meteo,xgboost_direct,27.0,20.362146377563477
2023-01-05,2023-01-05 02:00:00,2,lags_meteo,xgboost_direct,25.0,20.214340209960938
2023-01-05,2023-01-05 03:00:00,3,lags_meteo,xgboost_direct,22.0,19.341270446777344
2023-01-05,2023-01-05 04:00:00,4,lags_meteo,xgboost_direct,22.0,19.877634048461914
2023-01-05,2023-01-05 05:00:00,5,lags_meteo,xgboost_direct,19.0,17.141910552978516
2023-01-05,2023-01-05 06:00:00,6,lags_meteo,xgboost_direct,17.0,15.460391998291016
2023-01-05,2023-01-05 07:00:00,7,lags_meteo,xgboost_direct,17.0,12.768285751342773
2023-01-05,2023-01-05 08:00:00,8,lags_meteo,xgboost_direct,18.0,13.272504806518555
2023-01-05,2023-01-05 09:00:00,9,lags_meteo,xgboost_direct,14.0,14.806499481201172
2023-01-05,2023-01-05 10:00:00,10,lags_meteo,xgboost_direct,15.0,19.51591682434082
2023-01-05,2023-01-05 11:00:00,11,lags_meteo,xgboost_direct,26.0,27.512252807617188
2023-01-05,2023-01-05 12:00:00,12,lags_meteo,xgboost_direct,29.0,29.78632926940918
2023-01-05,2023-01-05 13:00:00,13,lags_meteo,xgboost_direct,32.0,31.333423614501953
2023-01-05,2023-01-05 14:00:00,14,lags_meteo,xgboost_direct,30.0,30.391571044921875
2023-01-05,2023-01-05 15:00:00,15,lags_meteo,xgboost_direct,28.0,30.898515701293945
2023-01-05,2023-01-05 16:00:00,16,lags_meteo,xgboost_direct,26.0,28.89912223815918
2023-01-05,2023-01-05 17:00:00,17,lags_meteo,xgboost_direct,28.0,29.380212783813477
2023-01-05,2023-01-05 18:00:00,18,lags_meteo,xgboost_direct,23.0,28.635154724121094
2023-01-05,2023-01-05 19:00:00,19,lags_meteo,xgboost_direct,26.0,28.88447380065918
2023-01-05,2023-01-05 20:00:00,20,lags_meteo,xgboost_direct,30.0,28.762577056884766
2023-01-05,2023-01-05 21:00:00,21,lags_meteo,xgboost_direct,26.0,27.638883590698242
2023-01-05,2023-01-05 22:00:00,22,lags_meteo,xgboost_direct,26.0,26.361244201660156
2023-01-05,2023-01-05 23:00:00,23,lags_meteo,xgboost_direct,28.0,24.0831298828125
2023-01-05,2023-01-06 00:00:00,24,lags_meteo,xgboost_direct,31.0,22.118759155273438
2023-01-06,2023-01-06 01:00:00,1,lags_meteo,xgboost_direct,29.0,24.050277709960938
2023-01-06,2023-01-06 02:00:00,2,lags_meteo,xgboost_direct,31.0,23.388822555541992
2023-01-06,2023-01-06 03:00:00,3,lags_meteo,xgboost_direct,25.0,21.343704223632812
2023-01-06,2023-01-06 04:00:00,4,lags_meteo,xgboost_direct,29.0,20.179641723632812
2023-01-06,2023-01-06 05:00:00,5,lags_meteo,xgboost_direct,29.0,19.69188117980957
2023-01-06,2023-01-06 06:00:00,6,lags_meteo,xgboost_direct,27.0,17.66571807861328
2023-01-06,2023-01-06 07:00:00,7,lags_meteo,xgboost_direct,27.0,17.769105911254883
2023-01-06,2023-01-06 08:00:00,8,lags_meteo,xgboost_direct,22.0,17.72420883178711
2023-01-06,2023-01-06 09:00:00,9,lags_meteo,xgboost_direct,19.0,19.211166381835938
2023-01-06,2023-01-06 10:00:00,10,lags_meteo,xgboost_direct,12.0,25.85420799255371
2023-01-06,2023-01-06 11:00:00,11,lags_meteo,xgboost_direct,22.0,31.338369369506836
2023-01-06,2023-01-06 12:00:00,12,lags_meteo,xgboost_direct,28.0,33.30830001831055
2023-01-06,2023-01-06 13:00:00,13,lags_meteo,xgboost_direct,33.0,31.51667594909668
2023-01-06,2023-01-06 14:00:00,14,lags_meteo,xgboost_direct,36.0,26.855688095092773
2023-01-06,2023-01-06 15:00:00,15,lags_meteo,xgboost_direct,43.0,24.670169830322266
2023-01-06,2023-01-06 16:00:00,16,lags_meteo,xgboost_direct,34.0,22.59131622314453
2023-01-06,2023-01-06 17:00:00,17,lags_meteo,xgboost_direct,21.0,23.32404327392578
2023-01-06,2023-01-06 18:00:00,18,lags_meteo,xgboost_direct,34.0,23.283489227294922
2023-01-06,2023-01-06 19:00:00,19,lags_meteo,xgboost_direct,33.0,25.40254783630371
2023-01-06,2023-01-06 20:00:00,20,lags_meteo,xgboost_direct,26.0,26.853925704956055
2023-01-06,2023-01-06 21:00:00,21,lags_meteo,xgboost_direct,28.0,25.6442928314209
2023-01-06,2023-01-06 22:00:00,22,lags_meteo,xgboost_direct,29.0,25.667144775390625
2023-01-06,2023-01-06 23:00:00,23,lags_meteo,xgboost_direct,28.0,24.33526039123535
2023-01-06,2023-01-07 00:00:00,24,lags_meteo,xgboost_direct,30.0,22.731046676635742
2023-01-07,2023-01-07 01:00:00,1,lags_meteo,xgboost_direct,29.0,25.296859741210938
2023-01-07,2023-01-07 02:00:00,2,lags_meteo,xgboost_direct,27.0,24.2056884765625
2023-01-07,2023-01-07 03:00:00,3,lags_meteo,xgboost_direct,30.0,22.61980438232422
2023-01-07,2023-01-07 04:00:00,4,lags_meteo,xgboost_direct,27.0,21.513561248779297
2023-01-07,2023-01-07 05:00:00,5,lags_meteo,xgboost_direct,24.0,20.06693458557129
2023-01-07,2023-01-07 06:00:00,6,lags_meteo,xgboost_direct,17.0,19.17024040222168
2023-01-07,2023-01-07 07:00:00,7,lags_meteo,xgboost_direct,23.0,18.71281623840332
2023-01-07,2023-01-07 08:00:00,8,lags_meteo,xgboost_direct,25.0,18.08687973022461
2023-01-07,2023-01-07 09:00:00,9,lags_meteo,xgboost_direct,26.0,18.699386596679688
2023-01-07,2023-01-07 10:00:00,10,lags_meteo,xgboost_direct,28.0,22.51424789428711
2023-01-07,2023-01-07 11:00:00,11,lags_meteo,xgboost_direct,25.0,30.391515731811523
2023-01-07,2023-01-07 12:00:00,12,lags_meteo,xgboost_direct,29.0,30.156856536865234
2023-01-07,2023-01-07 13:00:00,13,lags_meteo,xgboost_direct,33.0,29.825538635253906
2023-01-07,2023-01-07 14:00:00,14,lags_meteo,xgboost_direct,38.0,28.689613342285156
2023-01-07,2023-01-07 15:00:00,15,lags_meteo,xgboost_direct,45.0,27.64676856994629
2023-01-07,2023-01-07 16:00:00,16,lags_meteo,xgboost_direct,43.0,29.344804763793945
2023-01-07,2023-01-07 17:00:00,17,lags_meteo,xgboost_direct,39.0,29.06110954284668
2023-01-07,2023-01-07 18:00:00,18,lags_meteo,xgboost_direct,36.0,30.679248809814453
2023-01-07,2023-01-07 19:00:00,19,lags_meteo,xgboost_direct,37.0,30.114852905273438
2023-01-07,2023-01-07 20:00:00,20,lags_meteo,xgboost_direct,37.0,30.217208862304688
2023-01-07,2023-01-07 21:00:00,21,lags_meteo,xgboost_direct,40.0,28.7268009185791
2023-01-07,2023-01-07 22:00:00,22,lags_meteo,xgboost_direct,34.0,28.25507926940918
2023-01-07,2023-01-07 23:00:00,23,lags_meteo,xgboost_direct,36.0,26.941879272460938
2023-01-07,2023-01-08 00:00:00,24,lags_meteo,xgboost_direct,36.0,24.857757568359375
2023-01-08,2023-01-08 01:00:00,1,lags_meteo,xgboost_direct,30.0,27.910940170288086
2023-01-08,2023-01-08 02:00:00,2,lags_meteo,xgboost_direct,27.0,25.345439910888672
2023-01-08,2023-01-08 03:00:00,3,lags_meteo,xgboost_direct,24.0,24.019350051879883
2023-01-08,2023-01-08 04:00:00,4,lags_meteo,xgboost_direct,16.0,20.33979606628418
2023-01-08,2023-01-08 05:00:00,5,lags_meteo,xgboost_direct,8.0,19.257118225097656
2023-01-08,2023-01-08 06:00:00,6,lags_meteo,xgboost_direct,15.0,15.194341659545898
2023-01-08,2023-01-08 07:00:00,7,lags_meteo,xgboost_direct,14.0,15.888948440551758
2023-01-08,2023-01-08 08:00:00,8,lags_meteo,xgboost_direct,12.0,14.142776489257812
2023-01-08,2023-01-08 09:00:00,9,lags_meteo,xgboost_direct,6.0,13.858190536499023
2023-01-08,2023-01-08 10:00:00,10,lags_meteo,xgboost_direct,5.0,17.7290096282959
2023-01-08,2023-01-08 11:00:00,11,lags_meteo,xgboost_direct,7.0,22.67547035217285
2023-01-08,2023-01-08 12:00:00,12,lags_meteo,xgboost_direct,6.0,22.097936630249023
2023-01-08,2023-01-08 13:00:00,13,lags_meteo,xgboost_direct,6.0,22.39649200439453
2023-01-08,2023-01-08 14:00:00,14,lags_meteo,xgboost_direct,6.0,22.886587142944336
2023-01-08,2023-01-08 15:00:00,15,lags_meteo,xgboost_direct,5.0,22.512826919555664
2023-01-08,2023-01-08 16:00:00,16,lags_meteo,xgboost_direct,14.0,21.599708557128906
2023-01-08,2023-01-08 17:00:00,17,lags_meteo,xgboost_direct,,22.719970703125
2023-01-08,2023-01-08 18:00:00,18,lags_meteo,xgboost_direct,,23.545604705810547
2023-01-08,2023-01-08 19:00:00,19,lags_meteo,xgboost_direct,4.0,22.332046508789062
2023-01-08,2023-01-08 20:00:00,20,lags_meteo,xgboost_direct,19.0,21.995637893676758
2023-01-08,2023-01-08 21:00:00,21,lags_meteo,xgboost_direct,7.0,19.567720413208008
2023-01-08,2023-01-08 22:00:00,22,lags_meteo,xgboost_direct,1.0,18.24397850036621
2023-01-08,2023-01-08 23:00:00,23,lags_meteo,xgboost_direct,1.0,17.379846572875977
2023-01-08,2023-01-09 00:00:00,24,lags_meteo,xgboost_direct,10.0,18.866336822509766
2023-01-09,2023-01-09 01:00:00,1,lags_meteo,xgboost_direct,6.0,3.3541815280914307
2023-01-09,2023-01-09 02:00:00,2,lags_meteo,xgboost_direct,2.0,3.7071635723114014
2023-01-09,2023-01-09 03:00:00,3,lags_meteo,xgboost_direct,9.0,2.506014585494995
2023-01-09,2023-01-09 04:00:00,4,lags_meteo,xgboost_direct,3.0,2.483643054962158
2023-01-09,2023-01-09 05:00:00,5,lags_meteo,xgboost_direct,6.0,3.822901964187622
2023-01-09,2023-01-09 06:00:00,6,lags_meteo,xgboost_direct,3.0,4.375289440155029
2023-01-09,2023-01-09 07:00:00,7,lags_meteo,xgboost_direct,4.0,3.4348807334899902
2023-01-09,2023-01-09 08:00:00,8,lags_meteo,xgboost_direct,3.0,4.173461437225342
2023-01-09,2023-01-09 09:00:00,9,lags_meteo,xgboost_direct,5.0,5.660496234893799
2023-01-09,2023-01-09 10:00:00,10,lags_meteo,xgboost_direct,5.0,5.580761432647705
2023-01-09,2023-01-09 11:00:00,11,lags_meteo,xgboost_direct,4.0,7.026625633239746
2023-01-09,2023-01-09 12:00:00,12,lags_meteo,xgboost_direct,3.0,5.317724704742432
2023-01-09,2023-01-09 13:00:00,13,lags_meteo,xgboost_direct,5.0,5.777184963226318
2023-01-09,2023-01-09 14:00:00,14,lags_meteo,xgboost_direct,12.0,5.5148797035217285
2023-01-09,2023-01-09 15:00:00,15,lags_meteo,xgboost_direct,9.0,6.785309314727783
2023-01-09,2023-01-09 16:00:00,16,lags_meteo,xgboost_direct,10.0,7.246333599090576
2023-01-09,2023-01-09 17:00:00,17,lags_meteo,xgboost_direct,12.0,7.607631206512451
2023-01-09,2023-01-09 18:00:00,18,lags_meteo,xgboost_direct,18.0,8.124438285827637
2023-01-09,2023-01-09 19:00:00,19,lags_meteo,xgboost_direct,14.0,6.905769348144531
2023-01-09,2023-01-09 20:00:00,20,lags_meteo,xgboost_direct,11.0,6.234091281890869
2023-01-09,2023-01-09 21:00:00,21,lags_meteo,xgboost_direct,10.0,5.4217143058776855
2023-01-09,2023-01-09 22:00:00,22,lags_meteo,xgboost_direct,11.0,6.237715244293213
2023-01-09,2023-01-09 23:00:00,23,lags_meteo,xgboost_direct,13.0,6.871972560882568
2023-01-09,2023-01-10 00:00:00,24,lags_meteo,xgboost_direct,14.0,7.047811985015869
2023-01-10,2023-01-10 01:00:00,1,lags_meteo,xgboost_direct,15.0,11.809746742248535
2023-01-10,2023-01-10 02:00:00,2,lags_meteo,xgboost_direct,14.0,12.531636238098145
2023-01-10,2023-01-10 03:00:00,3,lags_meteo,xgboost_direct,13.0,12.612732887268066
2023-01-10,2023-01-10 04:00:00,4,lags_meteo,xgboost_direct,13.0,12.308028221130371
2023-01-10,2023-01-10 05:00:00,5,lags_meteo,xgboost_direct,11.0,12.173726081848145
2023-01-10,2023-01-10 06:00:00,6,lags_meteo,xgboost_direct,10.0,12.906310081481934
2023-01-10,2023-01-10 07:00:00,7,lags_meteo,xgboost_direct,11.0,11.063516616821289
2023-01-10,2023-01-10 08:00:00,8,lags_meteo,xgboost_direct,10.0,9.538395881652832
2023-01-10,2023-01-10 09:00:00,9,lags_meteo,xgboost_direct,11.0,12.55814266204834
2023-01-10,2023-01-10 10:00:00,10,lags_meteo,xgboost_direct,15.0,13.949529647827148
2023-01-10,2023-01-10 11:00:00,11,lags_meteo,xgboost_direct,21.0,15.708976745605469
2023-01-10,2023-01-10 12:00:00,12,lags_meteo,xgboost_direct,30.0,15.34438705444336
2023-01-10,2023-01-10 13:00:00,13,lags_meteo,xgboost_direct,31.0,14.188438415527344
2023-01-10,2023-01-10 14:00:00,14,lags_meteo,xgboost_direct,29.0,14.3560791015625
2023-01-10,2023-01-10 15:00:00,15,lags_meteo,xgboost_direct,37.0,14.733259201049805
2023-01-10,2023-01-10 16:00:00,16,lags_meteo,xgboost_direct,37.0,14.940767288208008
2023-01-10,2023-01-10 17:00:00,17,lags_meteo,xgboost_direct,13.0,14.806009292602539
2023-01-10,2023-01-10 18:00:00,18,lags_meteo,xgboost_direct,16.0,14.644491195678711
2023-01-10,2023-01-10 19:00:00,19,lags_meteo,xgboost_direct,14.0,14.384600639343262
2023-01-10,2023-01-10 20:00:00,20,lags_meteo,xgboost_direct,10.0,13.311848640441895
2023-01-10,2023-01-10 21:00:00,21,lags_meteo,xgboost_direct,8.0,13.268393516540527
2023-01-10,2023-01-10 22:00:00,22,lags_meteo,xgboost_direct,5.0,12.484867095947266
2023-01-10,2023-01-10 23:00:00,23,lags_meteo,xgboost_direct,5.0,11.642601013183594
2023-01-10,2023-01-11 00:00:00,24,lags_meteo,xgboost_direct,2.0,12.004103660583496
2023-01-11,2023-01-11 01:00:00,1,lags_meteo,xgboost_direct,7.0,6.878179550170898
2023-01-11,2023-01-11 02:00:00,2,lags_meteo,xgboost_direct,7.0,6.655439376831055
2023-01-11,2023-01-11 03:00:00,3,lags_meteo,xgboost_direct,8.0,6.083463191986084
2023-01-11,2023-01-11 04:00:00,4,lags_meteo,xgboost_direct,9.0,6.780203819274902
2023-01-11,2023-01-11 05:00:00,5,lags_meteo,xgboost_direct,8.0,6.559986591339111
2023-01-11,2023-01-11 06:00:00,6,lags_meteo,xgboost_direct,8.0,6.445366859436035
2023-01-11,2023-01-11 07:00:00,7,lags_meteo,xgboost_direct,1.0,6.57208776473999
2023-01-11,2023-01-11 08:00:00,8,lags_meteo,xgboost_direct,5.0,6.779394149780273
2023-01-11,2023-01-11 09:00:00,9,lags_meteo,xgboost_direct,9.0,9.996909141540527
2023-01-11,2023-01-11 10:00:00,10,lags_meteo,xgboost_direct,7.0,13.960803031921387
2023-01-11,2023-01-11 11:00:00,11,lags_meteo,xgboost_direct,7.0,17.95641326904297
2023-01-11,2023-01-11 12:00:00,12,lags_meteo,xgboost_direct,7.0,16.702394485473633
2023-01-11,2023-01-11 13:00:00,13,lags_meteo,xgboost_direct,14.0,15.339332580566406
2023-01-11,2023-01-11 14:00:00,14,lags_meteo,xgboost_direct,14.0,13.856934547424316
2023-01-11,2023-01-11 15:00:00,15,lags_meteo,xgboost_direct,10.0,13.6060152053833
2023-01-11,2023-01-11 16:00:00,16,lags_meteo,xgboost_direct,8.0,12.608794212341309
2023-01-11,2023-01-11 17:00:00,17,lags_meteo,xgboost_direct,13.0,13.609623908996582
2023-01-11,2023-01-11 18:00:00,18,lags_meteo,xgboost_direct,16.0,14.288209915161133
2023-01-11,2023-01-11 19:00:00,19,lags_meteo,xgboost_direct,22.0,14.51044750213623
2023-01-11,2023-01-11 20:00:00,20,lags_meteo,xgboost_direct,20.0,12.646278381347656
2023-01-11,2023-01-11 21:00:00,21,lags_meteo,xgboost_direct,20.0,12.385432243347168
2023-01-11,2023-01-11 22:00:00,22,lags_meteo,xgboost_direct,20.0,11.934720993041992
2023-01-11,2023-01-11 23:00:00,23,lags_meteo,xgboost_direct,17.0,12.529796600341797
2023-01-11,2023-01-12 00:00:00,24,lags_meteo,xgboost_direct,17.0,13.385714530944824
2023-01-12,2023-01-12 01:00:00,1,lags_meteo,xgboost_direct,14.0,13.833547592163086
2023-01-12,2023-01-12 02:00:00,2,lags_meteo,xgboost_direct,12.0,13.433029174804688
2023-01-12,2023-01-12 03:00:00,3,lags_meteo,xgboost_direct,10.0,13.173828125
2023-01-12,2023-01-12 04:00:00,4,lags_meteo,xgboost_direct,14.0,13.190902709960938
2023-01-12,2023-01-12 05:00:00,5,lags_meteo,xgboost_direct,10.0,13.861590385437012
2023-01-12,2023-01-12 06:00:00,6,lags_meteo,xgboost_direct,11.0,17.151765823364258
2023-01-12,2023-01-12 07:00:00,7,lags_meteo,xgboost_direct,14.0,16.85504150390625
2023-01-12,2023-01-12 08:00:00,8,lags_meteo,xgboost_direct,12.0,17.79304313659668
2023-01-12,2023-01-12 09:00:00,9,lags_meteo,xgboost_direct,11.0,20.334362030029297
2023-01-12,2023-01-12 10:00:00,10,lags_meteo,xgboost_direct,16.0,21.95451545715332
2023-01-12,2023-01-12 11:00:00,11,lags_meteo,xgboost_direct,21.0,28.151447296142578
2023-01-12,2023-01-12 12:00:00,12,lags_meteo,xgboost_direct,17.0,26.401174545288086
2023-01-12,2023-01-12 13:00:00,13,lags_meteo,xgboost_direct,14.0,27.242210388183594
2023-01-12,2023-01-12 14:00:00,14,lags_meteo,xgboost_direct,25.0,25.547016143798828
2023-01-12,2023-01-12 15:00:00,15,lags_meteo,xgboost_direct,24.0,24.3640079498291
2023-01-12,2023-01-12 16:00:00,16,lags_meteo,xgboost_direct,22.0,24.56292152404785
2023-01-12,2023-01-12 17:00:00,17,lags_meteo,xgboost_direct,10.0,21.72149085998535
2023-01-12,2023-01-12 18:00:00,18,lags_meteo,xgboost_direct,15.0,25.07868003845215
2023-01-12,2023-01-12 19:00:00,19,lags_meteo,xgboost_direct,16.0,22.893413543701172
2023-01-12,2023-01-12 20:00:00,20,lags_meteo,xgboost_direct,19.0,21.924306869506836
2023-01-12,2023-01-12 21:00:00,21,lags_meteo,xgboost_direct,21.0,22.460912704467773
2023-01-12,2023-01-12 22:00:00,22,lags_meteo,xgboost_direct,23.0,21.43092918395996
2023-01-12,2023-01-12 23:00:00,23,lags_meteo,xgboost_direct,24.0,22.435699462890625
2023-01-12,2023-01-13 00:00:00,24,lags_meteo,xgboost_direct,25.0,18.591510772705078
2023-01-13,2023-01-13 01:00:00,1,lags_meteo,xgboost_direct,22.0,20.210725784301758
2023-01-13,2023-01-13 02:00:00,2,lags_meteo,xgboost_direct,16.0,18.97514533996582
2023-01-13,2023-01-13 03:00:00,3,lags_meteo,xgboost_direct,14.0,17.67316436767578
2023-01-13,2023-01-13 04:00:00,4,lags_meteo,xgboost_direct,19.0,16.137619018554688
2023-01-13,2023-01-13 05:00:00,5,lags_meteo,xgboost_direct,23.0,14.970603942871094
2023-01-13,2023-01-13 06:00:00,6,lags_meteo,xgboost_direct,24.0,14.570138931274414
2023-01-13,2023-01-13 07:00:00,7,lags_meteo,xgboost_direct,26.0,16.30741310119629
2023-01-13,2023-01-13 08:00:00,8,lags_meteo,xgboost_direct,26.0,17.717924118041992
2023-01-13,2023-01-13 09:00:00,9,lags_meteo,xgboost_direct,28.0,18.36305809020996
2023-01-13,2023-01-13 10:00:00,10,lags_meteo,xgboost_direct,26.0,22.004579544067383
2023-01-13,2023-01-13 11:00:00,11,lags_meteo,xgboost_direct,25.0,25.427717208862305
2023-01-13,2023-01-13 12:00:00,12,lags_meteo,xgboost_direct,28.0,25.20482063293457
2023-01-13,2023-01-13 13:00:00,13,lags_meteo,xgboost_direct,29.0,24.405982971191406
2023-01-13,2023-01-13 14:00:00,14,lags_meteo,xgboost_direct,32.0,23.276891708374023
2023-01-13,2023-01-13 15:00:00,15,lags_meteo,xgboost_direct,34.0,23.39883804321289
2023-01-13,2023-01-13 16:00:00,16,lags_meteo,xgboost_direct,34.0,22.053909301757812
2023-01-13,2023-01-13 17:00:00,17,lags_meteo,xgboost_direct,26.0,20.655956268310547
2023-01-13,2023-01-13 18:00:00,18,lags_meteo,xgboost_direct,36.0,21.899169921875
2023-01-13,2023-01-13 19:00:00,19,lags_meteo,xgboost_direct,25.0,22.117658615112305
2023-01-13,2023-01-13 20:00:00,20,lags_meteo,xgboost_direct,22.0,21.254098892211914
2023-01-13,2023-01-13 21:00:00,21,lags_meteo,xgboost_direct,23.0,23.01578140258789
2023-01-13,2023-01-13 22:00:00,22,lags_meteo,xgboost_direct,27.0,23.94185447692871
2023-01-13,2023-01-13 23:00:00,23,lags_meteo,xgboost_direct,22.0,23.797487258911133
2023-01-13,2023-01-14 00:00:00,24,lags_meteo,xgboost_direct,25.0,23.80771827697754
2023-01-14,2023-01-14 01:00:00,1,lags_meteo,xgboost_direct,21.0,22.511791229248047
2023-01-14,2023-01-14 02:00:00,2,lags_meteo,xgboost_direct,24.0,22.146732330322266
2023-01-14,2023-01-14 03:00:00,3,lags_meteo,xgboost_direct,24.0,21.539714813232422
2023-01-14,2023-01-14 04:00:00,4,lags_meteo,xgboost_direct,23.0,19.61753273010254
2023-01-14,2023-01-14 05:00:00,5,lags_meteo,xgboost_direct,22.0,18.595905303955078
2023-01-14,2023-01-14 06:00:00,6,lags_meteo,xgboost_direct,27.0,15.946255683898926
2023-01-14,2023-01-14 07:00:00,7,lags_meteo,xgboost_direct,24.0,17.536951065063477
2023-01-14,2023-01-14 08:00:00,8,lags_meteo,xgboost_direct,22.0,17.586828231811523
2023-01-14,2023-01-14 09:00:00,9,lags_meteo,xgboost_direct,21.0,17.607074737548828
2023-01-14,2023-01-14 10:00:00,10,lags_meteo,xgboost_direct,20.0,24.243925094604492
2023-01-14,2023-01-14 11:00:00,11,lags_meteo,xgboost_direct,21.0,31.217525482177734
2023-01-14,2023-01-14 12:00:00,12,lags_meteo,xgboost_direct,33.0,31.473186492919922
2023-01-14,2023-01-14 13:00:00,13,lags_meteo,xgboost_direct,32.0,28.1312255859375
2023-01-14,2023-01-14 14:00:00,14,lags_meteo,xgboost_direct,36.0,30.436887741088867
2023-01-14,2023-01-14 15:00:00,15,lags_meteo,xgboost_direct,47.0,29.820465087890625
2023-01-14,2023-01-14 16:00:00,16,lags_meteo,xgboost_direct,55.0,28.277732849121094
2023-01-14,2023-01-14 17:00:00,17,lags_meteo,xgboost_direct,53.0,26.845569610595703
2023-01-14,2023-01-14 18:00:00,18,lags_meteo,xgboost_direct,37.0,28.351747512817383
2023-01-14,2023-01-14 19:00:00,19,lags_meteo,xgboost_direct,26.0,28.924278259277344
2023-01-14,2023-01-14 20:00:00,20,lags_meteo,xgboost_direct,38.0,26.915054321289062
2023-01-14,2023-01-14 21:00:00,21,lags_meteo,xgboost_direct,39.0,29.053892135620117
2023-01-14,2023-01-14 22:00:00,22,lags_meteo,xgboost_direct,39.0,29.129899978637695
2023-01-14,2023-01-14 23:00:00,23,lags_meteo,xgboost_direct,41.0,26.62627410888672
2023-01-14,2023-01-15 00:00:00,24,lags_meteo,xgboost_direct,44.0,27.68903160095215
2023-01-15,2023-01-15 01:00:00,1,lags_meteo,xgboost_direct,35.0,35.15705108642578
2023-01-15,2023-01-15 02:00:00,2,lags_meteo,xgboost_direct,26.0,33.06792449951172
2023-01-15,2023-01-15 03:00:00,3,lags_meteo,xgboost_direct,23.0,31.962888717651367
2023-01-15,2023-01-15 04:00:00,4,lags_meteo,xgboost_direct,23.0,32.422264099121094
2023-01-15,2023-01-15 05:00:00,5,lags_meteo,xgboost_direct,21.0,30.781768798828125
2023-01-15,2023-01-15 06:00:00,6,lags_meteo,xgboost_direct,19.0,29.105670928955078
2023-01-15,2023-01-15 07:00:00,7,lags_meteo,xgboost_direct,12.0,27.55083656311035
2023-01-15,2023-01-15 08:00:00,8,lags_meteo,xgboost_direct,12.0,26.020803451538086
2023-01-15,2023-01-15 09:00:00,9,lags_meteo,xgboost_direct,11.0,25.19302749633789
2023-01-15,2023-01-15 10:00:00,10,lags_meteo,xgboost_direct,7.0,28.68242073059082
2023-01-15,2023-01-15 11:00:00,11,lags_meteo,xgboost_direct,4.0,36.207759857177734
2023-01-15,2023-01-15 12:00:00,12,lags_meteo,xgboost_direct,5.0,33.590660095214844
2023-01-15,2023-01-15 13:00:00,13,lags_meteo,xgboost_direct,5.0,32.760257720947266
2023-01-15,2023-01-15 14:00:00,14,lags_meteo,xgboost_direct,6.0,33.07546615600586
2023-01-15,2023-01-15 15:00:00,15,lags_meteo,xgboost_direct,7.0,36.55324935913086
2023-01-15,2023-01-15 16:00:00,16,lags_meteo,xgboost_direct,8.0,32.92470169067383
2023-01-15,2023-01-15 17:00:00,17,lags_meteo,xgboost_direct,9.0,35.410648345947266
2023-01-15,2023-01-15 18:00:00,18,lags_meteo,xgboost_direct,5.0,38.68748474121094
2023-01-15,2023-01-15 19:00:00,19,lags_meteo,xgboost_direct,4.0,38.1413688659668
2023-01-15,2023-01-15 20:00:00,20,lags_meteo,xgboost_direct,6.0,31.937496185302734
2023-01-15,2023-01-15 21:00:00,21,lags_meteo,xgboost_direct,5.0,33.306365966796875
2023-01-15,2023-01-15 22:00:00,22,lags_meteo,xgboost_direct,2.0,34.34092712402344
2023-01-15,2023-01-15 23:00:00,23,lags_meteo,xgboost_direct,5.0,33.224727630615234
2023-01-15,2023-01-16 00:00:00,24,lags_meteo,xgboost_direct,5.0,36.811767578125
2023-01-16,2023-01-16 01:00:00,1,lags_meteo,xgboost_direct,5.0,5.6161651611328125
2023-01-16,2023-01-16 02:00:00,2,lags_meteo,xgboost_direct,7.0,5.906575679779053
2023-01-16,2023-01-16 03:00:00,3,lags_meteo,xgboost_direct,6.0,4.700675010681152
2023-01-16,2023-01-16 04:00:00,4,lags_meteo,xgboost_direct,4.0,4.861401557922363
2023-01-16,2023-01-16 05:00:00,5,lags_meteo,xgboost_direct,5.0,6.231154441833496
2023-01-16,2023-01-16 06:00:00,6,lags_meteo,xgboost_direct,5.0,5.7495527267456055
2023-01-16,2023-01-16 07:00:00,7,lags_meteo,xgboost_direct,6.0,5.374104022979736
2023-01-16,2023-01-16 08:00:00,8,lags_meteo,xgboost_direct,7.0,6.029983997344971
2023-01-16,2023-01-16 09:00:00,9,lags_meteo,xgboost_direct,4.0,7.891575336456299
2023-01-16,2023-01-16 10:00:00,10,lags_meteo,xgboost_direct,9.0,9.621200561523438
2023-01-16,2023-01-16 11:00:00,11,lags_meteo,xgboost_direct,5.0,9.500929832458496
2023-01-16,2023-01-16 12:00:00,12,lags_meteo,xgboost_direct,2.0,10.77962875366211
2023-01-16,2023-01-16 13:00:00,13,lags_meteo,xgboost_direct,2.0,10.506837844848633
2023-01-16,2023-01-16 14:00:00,14,lags_meteo,xgboost_direct,4.0,9.167426109313965
2023-01-16,2023-01-16 15:00:00,15,lags_meteo,xgboost_direct,6.0,10.054262161254883
2023-01-16,2023-01-16 16:00:00,16,lags_meteo,xgboost_direct,9.0,8.562355041503906
2023-01-16,2023-01-16 17:00:00,17,lags_meteo,xgboost_direct,8.0,8.826996803283691
2023-01-16,2023-01-16 18:00:00,18,lags_meteo,xgboost_direct,3.0,8.85221004486084
2023-01-16,2023-01-16 19:00:00,19,lags_meteo,xgboost_direct,5.0,8.311300277709961
2023-01-16,2023-01-16 20:00:00,20,lags_meteo,xgboost_direct,5.0,10.196202278137207
2023-01-16,2023-01-16 21:00:00,21,lags_meteo,xgboost_direct,2.0,10.804241180419922
2023-01-16,2023-01-16 22:00:00,22,lags_meteo,xgboost_direct,2.0,10.302616119384766
2023-01-16,2023-01-16 23:00:00,23,lags_meteo,xgboost_direct,3.0,10.320487976074219
2023-01-16,2023-01-17 00:00:00,24,lags_meteo,xgboost_direct,4.0,10.044041633605957
2023-01-17,2023-01-17 01:00:00,1,lags_meteo,xgboost_direct,3.0,3.237039804458618
2023-01-17,2023-01-17 02:00:00,2,lags_meteo,xgboost_direct,1.0,3.0475049018859863
2023-01-17,2023-01-17 03:00:00,3,lags_meteo,xgboost_direct,2.0,2.058025360107422
2023-01-17,2023-01-17 04:00:00,4,lags_meteo,xgboost_direct,1.0,1.7155035734176636
2023-01-17,2023-01-17 05:00:00,5,lags_meteo,xgboost_direct,2.0,0.9665412902832031
2023-01-17,2023-01-17 06:00:00,6,lags_meteo,xgboost_direct,3.0,1.3716301918029785
2023-01-17,2023-01-17 07:00:00,7,lags_meteo,xgboost_direct,3.0,0.8987739682197571
2023-01-17,2023-01-17 08:00:00,8,lags_meteo,xgboost_direct,3.0,0.7709576487541199
2023-01-17,2023-01-17 09:00:00,9,lags_meteo,xgboost_direct,9.0,4.825052261352539
2023-01-17,2023-01-17 10:00:00,10,lags_meteo,xgboost_direct,6.0,1.5101690292358398
2023-01-17,2023-01-17 11:00:00,11,lags_meteo,xgboost_direct,8.0,10.785436630249023
2023-01-17,2023-01-17 12:00:00,12,lags_meteo,xgboost_direct,8.0,14.354890823364258
2023-01-17,2023-01-17 13:00:00,13,lags_meteo,xgboost_direct,6.0,13.06694221496582
2023-01-17,2023-01-17 14:00:00,14,lags_meteo,xgboost_direct,6.0,1.2927122116088867
2023-01-17,2023-01-17 15:00:00,15,lags_meteo,xgboost_direct,10.0,2.54282283782959
2023-01-17,2023-01-17 16:00:00,16,lags_meteo,xgboost_direct,6.0,4.369237899780273
2023-01-17,2023-01-17 17:00:00,17,lags_meteo,xgboost_direct,7.0,4.894922256469727
2023-01-17,2023-01-17 18:00:00,18,lags_meteo,xgboost_direct,2.0,3.006831407546997
2023-01-17,2023-01-17 19:00:00,19,lags_meteo,xgboost_direct,5.0,5.284826278686523
2023-01-17,2023-01-17 20:00:00,20,lags_meteo,xgboost_direct,7.0,4.993353366851807
2023-01-17,2023-01-17 21:00:00,21,lags_meteo,xgboost_direct,6.0,6.045851707458496
2023-01-17,2023-01-17 22:00:00,22,lags_meteo,xgboost_direct,6.0,5.062281131744385
2023-01-17,2023-01-17 23:00:00,23,lags_meteo,xgboost_direct,5.0,5.80889368057251
2023-01-17,2023-01-18 00:00:00,24,lags_meteo,xgboost_direct,3.0,2.109837293624878
2023-01-18,2023-01-18 01:00:00,1,lags_meteo,xgboost_direct,3.0,3.622637987136841
2023-01-18,2023-01-18 02:00:00,2,lags_meteo,xgboost_direct,3.0,3.471179485321045
2023-01-18,2023-01-18 03:00:00,3,lags_meteo,xgboost_direct,3.0,3.0765559673309326
2023-01-18,2023-01-18 04:00:00,4,lags_meteo,xgboost_direct,1.0,2.140820264816284
2023-01-18,2023-01-18 05:00:00,5,lags_meteo,xgboost_direct,2.0,1.2323877811431885
2023-01-18,2023-01-18 06:00:00,6,lags_meteo,xgboost_direct,4.0,1.2879654169082642
2023-01-18,2023-01-18 07:00:00,7,lags_meteo,xgboost_direct,8.0,0.9067037105560303
2023-01-18,2023-01-18 08:00:00,8,lags_meteo,xgboost_direct,5.0,1.0313392877578735
2023-01-18,2023-01-18 09:00:00,9,lags_meteo,xgboost_direct,4.0,2.2829976081848145
2023-01-18,2023-01-18 10:00:00,10,lags_meteo,xgboost_direct,5.0,3.39859676361084
2023-01-18,2023-01-18 11:00:00,11,lags_meteo,xgboost_direct,5.0,4.228662014007568
2023-01-18,2023-01-18 12:00:00,12,lags_meteo,xgboost_direct,8.0,4.439251899719238
2023-01-18,2023-01-18 13:00:00,13,lags_meteo,xgboost_direct,7.0,2.8793838024139404
2023-01-18,2023-01-18 14:00:00,14,lags_meteo,xgboost_direct,5.0,0.07524483650922775
2023-01-18,2023-01-18 15:00:00,15,lags_meteo,xgboost_direct,,0.9890440702438354
2023-01-18,2023-01-18 16:00:00,16,lags_meteo,xgboost_direct,,2.665353536605835
2023-01-18,2023-01-18 17:00:00,17,lags_meteo,xgboost_direct,4.0,1.5583178997039795
2023-01-18,2023-01-18 18:00:00,18,lags_meteo,xgboost_direct,6.0,3.4663491249084473
2023-01-18,2023-01-18 19:00:00,19,lags_meteo,xgboost_direct,8.0,3.657933473587036
2023-01-18,2023-01-18 20:00:00,20,lags_meteo,xgboost_direct,8.0,2.061053514480591
2023-01-18,2023-01-18 21:00:00,21,lags_meteo,xgboost_direct,8.0,3.0907702445983887
2023-01-18,2023-01-18 22:00:00,22,lags_meteo,xgboost_direct,8.0,2.5425679683685303
2023-01-18,2023-01-18 23:00:00,23,lags_meteo,xgboost_direct,5.0,1.827898383140564
2023-01-18,2023-01-19 00:00:00,24,lags_meteo,xgboost_direct,4.0,2.473203659057617
2023-01-19,2023-01-19 01:00:00,1,lags_meteo,xgboost_direct,4.0,4.376998424530029
2023-01-19,2023-01-19 02:00:00,2,lags_meteo,xgboost_direct,9.0,4.0381760597229
2023-01-19,2023-01-19 03:00:00,3,lags_meteo,xgboost_direct,8.0,3.2728846073150635
2023-01-19,2023-01-19 04:00:00,4,lags_meteo,xgboost_direct,5.0,2.776664972305298
2023-01-19,2023-01-19 05:00:00,5,lags_meteo,xgboost_direct,7.0,2.581023693084717
2023-01-19,2023-01-19 06:00:00,6,lags_meteo,xgboost_direct,10.0,3.4442660808563232
2023-01-19,2023-01-19 07:00:00,7,lags_meteo,xgboost_direct,9.0,3.5028157234191895
2023-01-19,2023-01-19 08:00:00,8,lags_meteo,xgboost_direct,8.0,4.087969779968262
2023-01-19,2023-01-19 09:00:00,9,lags_meteo,xgboost_direct,6.0,6.335474014282227
2023-01-19,2023-01-19 10:00:00,10,lags_meteo,xgboost_direct,8.0,7.692336082458496
2023-01-19,2023-01-19 11:00:00,11,lags_meteo,xgboost_direct,9.0,8.512968063354492
2023-01-19,2023-01-19 12:00:00,12,lags_meteo,xgboost_direct,7.0,8.674064636230469
2023-01-19,2023-01-19 13:00:00,13,lags_meteo,xgboost_direct,6.0,8.679078102111816
2023-01-19,2023-01-19 14:00:00,14,lags_meteo,xgboost_direct,5.0,7.386047840118408
2023-01-19,2023-01-19 15:00:00,15,lags_meteo,xgboost_direct,4.0,7.6648688316345215
2023-01-19,2023-01-19 16:00:00,16,lags_meteo,xgboost_direct,8.0,8.092522621154785
2023-01-19,2023-01-19 17:00:00,17,lags_meteo,xgboost_direct,9.0,7.704293727874756
2023-01-19,2023-01-19 18:00:00,18,lags_meteo,xgboost_direct,9.0,8.201066970825195
2023-01-19,2023-01-19 19:00:00,19,lags_meteo,xgboost_direct,8.0,9.029144287109375
2023-01-19,2023-01-19 20:00:00,20,lags_meteo,xgboost_direct,9.0,10.202120780944824
2023-01-19,2023-01-19 21:00:00,21,lags_meteo,xgboost_direct,9.0,8.795717239379883
2023-01-19,2023-01-19 22:00:00,22,lags_meteo,xgboost_direct,7.0,8.524606704711914
2023-01-19,2023-01-19 23:00:00,23,lags_meteo,xgboost_direct,7.0,7.708713531494141
2023-01-19,2023-01-20 00:00:00,24,lags_meteo,xgboost_direct,7.0,6.854318141937256
2023-01-20,2023-01-20 01:00:00,1,lags_meteo,xgboost_direct,4.0,5.9292802810668945
2023-01-20,2023-01-20 02:00:00,2,lags_meteo,xgboost_direct,4.0,5.166500568389893
2023-01-20,2023-01-20 03:00:00,3,lags_meteo,xgboost_direct,5.0,4.486893177032471
2023-01-20,2023-01-20 04:00:00,4,lags_meteo,xgboost_direct,5.0,4.181229114532471
2023-01-20,2023-01-20 05:00:00,5,lags_meteo,xgboost_direct,5.0,3.2665748596191406
2023-01-20,2023-01-20 06:00:00,6,lags_meteo,xgboost_direct,4.0,2.9858171939849854
2023-01-20,2023-01-20 07:00:00,7,lags_meteo,xgboost_direct,6.0,3.464939832687378
2023-01-20,2023-01-20 08:00:00,8,lags_meteo,xgboost_direct,5.0,2.74554181098938
2023-01-20,2023-01-20 09:00:00,9,lags_meteo,xgboost_direct,9.0,4.540953159332275
2023-01-20,2023-01-20 10:00:00,10,lags_meteo,xgboost_direct,6.0,5.012663841247559
2023-01-20,2023-01-20 11:00:00,11,lags_meteo,xgboost_direct,13.0,4.971157073974609
2023-01-20,2023-01-20 12:00:00,12,lags_meteo,xgboost_direct,15.0,4.343183517456055
2023-01-20,2023-01-20 13:00:00,13,lags_meteo,xgboost_direct,9.0,4.386825084686279
2023-01-20,2023-01-20 14:00:00,14,lags_meteo,xgboost_direct,7.0,3.5381970405578613
2023-01-20,2023-01-20 15:00:00,15,lags_meteo,xgboost_direct,4.0,2.2918589115142822
2023-01-20,2023-01-20 16:00:00,16,lags_meteo,xgboost_direct,6.0,2.974099636077881
2023-01-20,2023-01-20 17:00:00,17,lags_meteo,xgboost_direct,6.0,2.6377835273742676
2023-01-20,2023-01-20 18:00:00,18,lags_meteo,xgboost_direct,8.0,4.1600751876831055
2023-01-20,2023-01-20 19:00:00,19,lags_meteo,xgboost_direct,5.0,5.797926425933838
2023-01-20,2023-01-20 20:00:00,20,lags_meteo,xgboost_direct,7.0,5.924334526062012
2023-01-20,2023-01-20 21:00:00,21,lags_meteo,xgboost_direct,9.0,6.307680130004883
2023-01-20,2023-01-20 22:00:00,22,lags_meteo,xgboost_direct,8.0,5.482845306396484
2023-01-20,2023-01-20 23:00:00,23,lags_meteo,xgboost_direct,15.0,5.232534408569336
2023-01-20,2023-01-21 00:00:00,24,lags_meteo,xgboost_direct,17.0,4.722528457641602
2023-01-21,2023-01-21 01:00:00,1,lags_meteo,xgboost_direct,17.0,12.93395709991455
2023-01-21,2023-01-21 02:00:00,2,lags_meteo,xgboost_direct,14.0,11.728169441223145
2023-01-21,2023-01-21 03:00:00,3,lags_meteo,xgboost_direct,13.0,11.444849014282227
2023-01-21,2023-01-21 04:00:00,4,lags_meteo,xgboost_direct,12.0,10.178318977355957
2023-01-21,2023-01-21 05:00:00,5,lags_meteo,xgboost_direct,10.0,9.169578552246094
2023-01-21,2023-01-21 06:00:00,6,lags_meteo,xgboost_direct,10.0,9.074868202209473
2023-01-21,2023-01-21 07:00:00,7,lags_meteo,xgboost_direct,10.0,9.068883895874023
2023-01-21,2023-01-21 08:00:00,8,lags_meteo,xgboost_direct,9.0,9.531749725341797
2023-01-21,2023-01-21 09:00:00,9,lags_meteo,xgboost_direct,7.0,11.935687065124512
2023-01-21,2023-01-21 10:00:00,10,lags_meteo,xgboost_direct,2.0,15.175533294677734
2023-01-21,2023-01-21 11:00:00,11,lags_meteo,xgboost_direct,14.0,16.41233253479004
2023-01-21,2023-01-21 12:00:00,12,lags_meteo,xgboost_direct,14.0,16.277429580688477
2023-01-21,2023-01-21 13:00:00,13,lags_meteo,xgboost_direct,6.0,15.511054039001465
2023-01-21,2023-01-21 14:00:00,14,lags_meteo,xgboost_direct,7.0,14.971502304077148
2023-01-21,2023-01-21 15:00:00,15,lags_meteo,xgboost_direct,8.0,13.861212730407715
2023-01-21,2023-01-21 16:00:00,16,lags_meteo,xgboost_direct,9.0,13.784432411193848
2023-01-21,2023-01-21 17:00:00,17,lags_meteo,xgboost_direct,11.0,12.7386474609375
2023-01-21,2023-01-21 18:00:00,18,lags_meteo,xgboost_direct,9.0,12.743192672729492
2023-01-21,2023-01-21 19:00:00,19,lags_meteo,xgboost_direct,7.0,12.86800479888916
2023-01-21,2023-01-21 20:00:00,20,lags_meteo,xgboost_direct,6.0,13.60798454284668
2023-01-21,2023-01-21 21:00:00,21,lags_meteo,xgboost_direct,5.0,13.77010726928711
2023-01-21,2023-01-21 22:00:00,22,lags_meteo,xgboost_direct,8.0,13.035493850708008
2023-01-21,2023-01-21 23:00:00,23,lags_meteo,xgboost_direct,7.0,14.426111221313477
2023-01-21,2023-01-22 00:00:00,24,lags_meteo,xgboost_direct,7.0,15.343586921691895
2023-01-22,2023-01-22 01:00:00,1,lags_meteo,xgboost_direct,5.0,5.780856132507324
2023-01-22,2023-01-22 02:00:00,2,lags_meteo,xgboost_direct,7.0,5.608032703399658
2023-01-22,2023-01-22 03:00:00,3,lags_meteo,xgboost_direct,6.0,5.112318515777588
2023-01-22,2023-01-22 04:00:00,4,lags_meteo,xgboost_direct,6.0,4.323487281799316
2023-01-22,2023-01-22 05:00:00,5,lags_meteo,xgboost_direct,4.0,5.535493850708008
2023-01-22,2023-01-22 06:00:00,6,lags_meteo,xgboost_direct,5.0,5.569828033447266
2023-01-22,2023-01-22 07:00:00,7,lags_meteo,xgboost_direct,7.0,5.599978923797607
2023-01-22,2023-01-22 08:00:00,8,lags_meteo,xgboost_direct,7.0,5.4608635902404785
2023-01-22,2023-01-22 09:00:00,9,lags_meteo,xgboost_direct,10.0,8.253107070922852
2023-01-22,2023-01-22 10:00:00,10,lags_meteo,xgboost_direct,14.0,10.096649169921875
2023-01-22,2023-01-22 11:00:00,11,lags_meteo,xgboost_direct,10.0,10.11538028717041
2023-01-22,2023-01-22 12:00:00,12,lags_meteo,xgboost_direct,7.0,10.161715507507324
2023-01-22,2023-01-22 13:00:00,13,lags_meteo,xgboost_direct,9.0,9.45414924621582
2023-01-22,2023-01-22 14:00:00,14,lags_meteo,xgboost_direct,8.0,10.51047420501709
2023-01-22,2023-01-22 15:00:00,15,lags_meteo,xgboost_direct,7.0,7.9488139152526855
2023-01-22,2023-01-22 16:00:00,16,lags_meteo,xgboost_direct,7.0,6.974509239196777
2023-01-22,2023-01-22 17:00:00,17,lags_meteo,xgboost_direct,8.0,8.562105178833008
2023-01-22,2023-01-22 18:00:00,18,lags_meteo,xgboost_direct,8.0,9.024208068847656
2023-01-22,2023-01-22 19:00:00,19,lags_meteo,xgboost_direct,8.0,10.286036491394043
2023-01-22,2023-01-22 20:00:00,20,lags_meteo,xgboost_direct,9.0,10.230218887329102
2023-01-22,2023-01-22 21:00:00,21,lags_meteo,xgboost_direct,13.0,10.236820220947266
2023-01-22,2023-01-22 22:00:00,22,lags_meteo,xgboost_direct,14.0,9.928971290588379
2023-01-22,2023-01-22 23:00:00,23,lags_meteo,xgboost_direct,16.0,10.487422943115234
2023-01-22,2023-01-23 00:00:00,24,lags_meteo,xgboost_direct,16.0,8.348161697387695
2023-01-23,2023-01-23 01:00:00,1,lags_meteo,xgboost_direct,19.0,12.434675216674805
2023-01-23,2023-01-23 02:00:00,2,lags_meteo,xgboost_direct,23.0,11.43278694152832
2023-01-23,2023-01-23 03:00:00,3,lags_meteo,xgboost_direct,20.0,11.205066680908203
2023-01-23,2023-01-23 04:00:00,4,lags_meteo,xgboost_direct,17.0,10.482266426086426
2023-01-23,2023-01-23 05:00:00,5,lags_meteo,xgboost_direct,20.0,10.226386070251465
2023-01-23,2023-01-23 06:00:00,6,lags_meteo,xgboost_direct,15.0,11.069917678833008
2023-01-23,2023-01-23 07:00:00,7,lags_meteo,xgboost_direct,13.0,11.196247100830078
2023-01-23,2023-01-23 08:00:00,8,lags_meteo,xgboost_direct,16.0,12.981013298034668
2023-01-23,2023-01-23 09:00:00,9,lags_meteo,xgboost_direct,20.0,17.329273223876953
2023-01-23,2023-01-23 10:00:00,10,lags_meteo,xgboost_direct,20.0,19.352407455444336
2023-01-23,2023-01-23 11:00:00,11,lags_meteo,xgboost_direct,34.0,18.83968162536621
2023-01-23,2023-01-23 12:00:00,12,lags_meteo,xgboost_direct,26.0,19.86159896850586
2023-01-23,2023-01-23 13:00:00,13,lags_meteo,xgboost_direct,17.0,18.46034049987793
2023-01-23,2023-01-23 14:00:00,14,lags_meteo,xgboost_direct,18.0,14.912425994873047
2023-01-23,2023-01-23 15:00:00,15,lags_meteo,xgboost_direct,14.0,14.444966316223145
2023-01-23,2023-01-23 16:00:00,16,lags_meteo,xgboost_direct,8.0,14.266019821166992
2023-01-23,2023-01-23 17:00:00,17,lags_meteo,xgboost_direct,6.0,13.942317962646484
2023-01-23,2023-01-23 18:00:00,18,lags_meteo,xgboost_direct,7.0,14.736618995666504
2023-01-23,2023-01-23 19:00:00,19,lags_meteo,xgboost_direct,5.0,14.11927318572998
2023-01-23,2023-01-23 20:00:00,20,lags_meteo,xgboost_direct,6.0,14.111538887023926
2023-01-23,2023-01-23 21:00:00,21,lags_meteo,xgboost_direct,6.0,13.569232940673828
2023-01-23,2023-01-23 22:00:00,22,lags_meteo,xgboost_direct,5.0,12.746814727783203
2023-01-23,2023-01-23 23:00:00,23,lags_meteo,xgboost_direct,5.0,13.322492599487305
2023-01-23,2023-01-24 00:00:00,24,lags_meteo,xgboost_direct,5.0,12.83906364440918
2023-01-24,2023-01-24 01:00:00,1,lags_meteo,xgboost_direct,6.0,5.767740726470947
2023-01-24,2023-01-24 02:00:00,2,lags_meteo,xgboost_direct,10.0,6.206267356872559
2023-01-24,2023-01-24 03:00:00,3,lags_meteo,xgboost_direct,10.0,6.745625972747803
2023-01-24,2023-01-24 04:00:00,4,lags_meteo,xgboost_direct,6.0,6.5841593742370605
2023-01-24,2023-01-24 05:00:00,5,lags_meteo,xgboost_direct,11.0,5.651269912719727
2023-01-24,2023-01-24 06:00:00,6,lags_meteo,xgboost_direct,14.0,5.724809169769287
2023-01-24,2023-01-24 07:00:00,7,lags_meteo,xgboost_direct,9.0,5.5414323806762695
2023-01-24,2023-01-24 08:00:00,8,lags_meteo,xgboost_direct,10.0,6.783825874328613
2023-01-24,2023-01-24 09:00:00,9,lags_meteo,xgboost_direct,11.0,10.140780448913574
2023-01-24,2023-01-24 10:00:00,10,lags_meteo,xgboost_direct,15.0,13.54919719696045
2023-01-24,2023-01-24 11:00:00,11,lags_meteo,xgboost_direct,13.0,17.948726654052734
2023-01-24,2023-01-24 12:00:00,12,lags_meteo,xgboost_direct,12.0,18.48296546936035
2023-01-24,2023-01-24 13:00:00,13,lags_meteo,xgboost_direct,9.0,16.056503295898438
2023-01-24,2023-01-24 14:00:00,14,lags_meteo,xgboost_direct,8.0,13.584850311279297
2023-01-24,2023-01-24 15:00:00,15,lags_meteo,xgboost_direct,5.0,12.107070922851562
2023-01-24,2023-01-24 16:00:00,16,lags_meteo,xgboost_direct,6.0,11.238729476928711
2023-01-24,2023-01-24 17:00:00,17,lags_meteo,xgboost_direct,7.0,9.976463317871094
2023-01-24,2023-01-24 18:00:00,18,lags_meteo,xgboost_direct,9.0,10.28290843963623
2023-01-24,2023-01-24 19:00:00,19,lags_meteo,xgboost_direct,10.0,11.014961242675781
2023-01-24,2023-01-24 20:00:00,20,lags_meteo,xgboost_direct,10.0,11.741479873657227
2023-01-24,2023-01-24 21:00:00,21,lags_meteo,xgboost_direct,10.0,11.190385818481445
2023-01-24,2023-01-24 22:00:00,22,lags_meteo,xgboost_direct,11.0,10.870920181274414
2023-01-24,2023-01-24 23:00:00,23,lags_meteo,xgboost_direct,9.0,10.082629203796387
2023-01-24,2023-01-25 00:00:00,24,lags_meteo,xgboost_direct,11.0,9.349068641662598
2023-01-25,2023-01-25 01:00:00,1,lags_meteo,xgboost_direct,9.0,8.19981575012207
2023-01-25,2023-01-25 02:00:00,2,lags_meteo,xgboost_direct,10.0,7.908702373504639
2023-01-25,2023-01-25 03:00:00,3,lags_meteo,xgboost_direct,7.0,7.126451015472412
2023-01-25,2023-01-25 04:00:00,4,lags_meteo,xgboost_direct,6.0,6.801595687866211
2023-01-25,2023-01-25 05:00:00,5,lags_meteo,xgboost_direct,9.0,6.906883239746094
2023-01-25,2023-01-25 06:00:00,6,lags_meteo,xgboost_direct,8.0,7.974716663360596
2023-01-25,2023-01-25 07:00:00,7,lags_meteo,xgboost_direct,10.0,7.913825035095215
2023-01-25,2023-01-25 08:00:00,8,lags_meteo,xgboost_direct,12.0,8.634353637695312
2023-01-25,2023-01-25 09:00:00,9,lags_meteo,xgboost_direct,11.0,12.213641166687012
2023-01-25,2023-01-25 10:00:00,10,lags_meteo,xgboost_direct,15.0,14.474413871765137
2023-01-25,2023-01-25 11:00:00,11,lags_meteo,xgboost_direct,12.0,15.366425514221191
2023-01-25,2023-01-25 12:00:00,12,lags_meteo,xgboost_direct,12.0,15.609374046325684
2023-01-25,2023-01-25 13:00:00,13,lags_meteo,xgboost_direct,10.0,13.251761436462402
2023-01-25,2023-01-25 14:00:00,14,lags_meteo,xgboost_direct,8.0,13.685210227966309
2023-01-25,2023-01-25 15:00:00,15,lags_meteo,xgboost_direct,6.0,10.03140926361084
2023-01-25,2023-01-25 16:00:00,16,lags_meteo,xgboost_direct,6.0,10.484600067138672
2023-01-25,2023-01-25 17:00:00,17,lags_meteo,xgboost_direct,7.0,12.384596824645996
2023-01-25,2023-01-25 18:00:00,18,lags_meteo,xgboost_direct,8.0,11.108579635620117
2023-01-25,2023-01-25 19:00:00,19,lags_meteo,xgboost_direct,9.0,12.614831924438477
2023-01-25,2023-01-25 20:00:00,20,lags_meteo,xgboost_direct,14.0,12.784502983093262
2023-01-25,2023-01-25 21:00:00,21,lags_meteo,xgboost_direct,16.0,12.733436584472656
2023-01-25,2023-01-25 22:00:00,22,lags_meteo,xgboost_direct,18.0,11.990208625793457
2023-01-25,2023-01-25 23:00:00,23,lags_meteo,xgboost_direct,18.0,11.815662384033203
2023-01-25,2023-01-26 00:00:00,24,lags_meteo,xgboost_direct,17.0,11.774850845336914
2023-01-26,2023-01-26 01:00:00,1,lags_meteo,xgboost_direct,13.0,14.783890724182129
2023-01-26,2023-01-26 02:00:00,2,lags_meteo,xgboost_direct,8.0,13.703437805175781
2023-01-26,2023-01-26 03:00:00,3,lags_meteo,xgboost_direct,11.0,12.360234260559082
2023-01-26,2023-01-26 04:00:00,4,lags_meteo,xgboost_direct,18.0,11.669408798217773
2023-01-26,2023-01-26 05:00:00,5,lags_meteo,xgboost_direct,12.0,11.220565795898438
2023-01-26,2023-01-26 06:00:00,6,lags_meteo,xgboost_direct,12.0,11.137393951416016
2023-01-26,2023-01-26 07:00:00,7,lags_meteo,xgboost_direct,11.0,12.339681625366211
2023-01-26,2023-01-26 08:00:00,8,lags_meteo,xgboost_direct,15.0,12.848033905029297
2023-01-26,2023-01-26 09:00:00,9,lags_meteo,xgboost_direct,17.0,15.536200523376465
2023-01-26,2023-01-26 10:00:00,10,lags_meteo,xgboost_direct,19.0,19.503877639770508
2023-01-26,2023-01-26 11:00:00,11,lags_meteo,xgboost_direct,18.0,22.42929458618164
2023-01-26,2023-01-26 12:00:00,12,lags_meteo,xgboost_direct,13.0,21.160390853881836
2023-01-26,2023-01-26 13:00:00,13,lags_meteo,xgboost_direct,14.0,18.224403381347656
2023-01-26,2023-01-26 14:00:00,14,lags_meteo,xgboost_direct,8.0,18.634878158569336
2023-01-26,2023-01-26 15:00:00,15,lags_meteo,xgboost_direct,6.0,15.478851318359375
2023-01-26,2023-01-26 16:00:00,16,lags_meteo,xgboost_direct,6.0,14.405820846557617
2023-01-26,2023-01-26 17:00:00,17,lags_meteo,xgboost_direct,6.0,14.616273880004883
2023-01-26,2023-01-26 18:00:00,18,lags_meteo,xgboost_direct,8.0,15.325281143188477
2023-01-26,2023-01-26 19:00:00,19,lags_meteo,xgboost_direct,9.0,15.29721736907959
2023-01-26,2023-01-26 20:00:00,20,lags_meteo,xgboost_direct,9.0,14.960116386413574
2023-01-26,2023-01-26 21:00:00,21,lags_meteo,xgboost_direct,12.0,16.614654541015625
2023-01-26,2023-01-26 22:00:00,22,lags_meteo,xgboost_direct,15.0,16.428489685058594
2023-01-26,2023-01-26 23:00:00,23,lags_meteo,xgboost_direct,12.0,15.34781265258789
2023-01-26,2023-01-27 00:00:00,24,lags_meteo,xgboost_direct,10.0,13.919438362121582
2023-01-27,2023-01-27 01:00:00,1,lags_meteo,xgboost_direct,10.0,11.274421691894531
2023-01-27,2023-01-27 02:00:00,2,lags_meteo,xgboost_direct,14.0,11.164185523986816
2023-01-27,2023-01-27 03:00:00,3,lags_meteo,xgboost_direct,12.0,10.95111083984375
2023-01-27,2023-01-27 04:00:00,4,lags_meteo,xgboost_direct,9.0,10.529638290405273
2023-01-27,2023-01-27 05:00:00,5,lags_meteo,xgboost_direct,5.0,9.879765510559082
2023-01-27,2023-01-27 06:00:00,6,lags_meteo,xgboost_direct,10.0,9.78437614440918
2023-01-27,2023-01-27 07:00:00,7,lags_meteo,xgboost_direct,9.0,10.270651817321777
2023-01-27,2023-01-27 08:00:00,8,lags_meteo,xgboost_direct,13.0,11.488738059997559
2023-01-27,2023-01-27 09:00:00,9,lags_meteo,xgboost_direct,14.0,11.88218879699707
2023-01-27,2023-01-27 10:00:00,10,lags_meteo,xgboost_direct,13.0,14.957136154174805
2023-01-27,2023-01-27 11:00:00,11,lags_meteo,xgboost_direct,12.0,16.201202392578125
2023-01-27,2023-01-27 12:00:00,12,lags_meteo,xgboost_direct,10.0,16.29224395751953
2023-01-27,2023-01-27 13:00:00,13,lags_meteo,xgboost_direct,7.0,13.004528045654297
2023-01-27,2023-01-27 14:00:00,14,lags_meteo,xgboost_direct,8.0,11.84560489654541
2023-01-27,2023-01-27 15:00:00,15,lags_meteo,xgboost_direct,6.0,10.260825157165527
2023-01-27,2023-01-27 16:00:00,16,lags_meteo,xgboost_direct,8.0,9.591300964355469
2023-01-27,2023-01-27 17:00:00,17,lags_meteo,xgboost_direct,8.0,9.464492797851562
2023-01-27,2023-01-27 18:00:00,18,lags_meteo,xgboost_direct,8.0,10.633628845214844
2023-01-27,2023-01-27 19:00:00,19,lags_meteo,xgboost_direct,6.0,11.372842788696289
2023-01-27,2023-01-27 20:00:00,20,lags_meteo,xgboost_direct,7.0,11.225117683410645
2023-01-27,2023-01-27 21:00:00,21,lags_meteo,xgboost_direct,6.0,11.51485824584961
2023-01-27,2023-01-27 22:00:00,22,lags_meteo,xgboost_direct,3.0,10.555840492248535
2023-01-27,2023-01-27 23:00:00,23,lags_meteo,xgboost_direct,3.0,9.18209171295166
2023-01-27,2023-01-28 00:00:00,24,lags_meteo,xgboost_direct,4.0,7.75213098526001
2023-01-28,2023-01-28 01:00:00,1,lags_meteo,xgboost_direct,3.0,5.282865047454834
2023-01-28,2023-01-28 02:00:00,2,lags_meteo,xgboost_direct,4.0,5.476803779602051
2023-01-28,2023-01-28 03:00:00,3,lags_meteo,xgboost_direct,4.0,5.331698417663574
2023-01-28,2023-01-28 04:00:00,4,lags_meteo,xgboost_direct,3.0,4.989494800567627
2023-01-28,2023-01-28 05:00:00,5,lags_meteo,xgboost_direct,5.0,5.229090213775635
2023-01-28,2023-01-28 06:00:00,6,lags_meteo,xgboost_direct,6.0,5.596437931060791
2023-01-28,2023-01-28 07:00:00,7,lags_meteo,xgboost_direct,5.0,4.642619609832764
2023-01-28,2023-01-28 08:00:00,8,lags_meteo,xgboost_direct,5.0,4.783446311950684
2023-01-28,2023-01-28 09:00:00,9,lags_meteo,xgboost_direct,8.0,6.825699329376221
2023-01-28,2023-01-28 10:00:00,10,lags_meteo,xgboost_direct,12.0,11.781366348266602
2023-01-28,2023-01-28 11:00:00,11,lags_meteo,xgboost_direct,13.0,12.028305053710938
2023-01-28,2023-01-28 12:00:00,12,lags_meteo,xgboost_direct,10.0,11.778360366821289
2023-01-28,2023-01-28 13:00:00,13,lags_meteo,xgboost_direct,9.0,11.446890830993652
2023-01-28,2023-01-28 14:00:00,14,lags_meteo,xgboost_direct,6.0,10.844775199890137
2023-01-28,2023-01-28 15:00:00,15,lags_meteo,xgboost_direct,6.0,9.05037784576416
2023-01-28,2023-01-28 16:00:00,16,lags_meteo,xgboost_direct,7.0,8.840949058532715
2023-01-28,2023-01-28 17:00:00,17,lags_meteo,xgboost_direct,7.0,10.202281951904297
2023-01-28,2023-01-28 18:00:00,18,lags_meteo,xgboost_direct,6.0,10.114538192749023
2023-01-28,2023-01-28 19:00:00,19,lags_meteo,xgboost_direct,6.0,11.126472473144531
2023-01-28,2023-01-28 20:00:00,20,lags_meteo,xgboost_direct,6.0,11.087271690368652
2023-01-28,2023-01-28 21:00:00,21,lags_meteo,xgboost_direct,8.0,10.88891315460205
2023-01-28,2023-01-28 22:00:00,22,lags_meteo,xgboost_direct,9.0,10.067732810974121
2023-01-28,2023-01-28 23:00:00,23,lags_meteo,xgboost_direct,5.0,8.515270233154297
2023-01-28,2023-01-29 00:00:00,24,lags_meteo,xgboost_direct,5.0,7.790098190307617
2023-01-29,2023-01-29 01:00:00,1,lags_meteo,xgboost_direct,5.0,6.178652763366699
2023-01-29,2023-01-29 02:00:00,2,lags_meteo,xgboost_direct,6.0,5.813399791717529
2023-01-29,2023-01-29 03:00:00,3,lags_meteo,xgboost_direct,8.0,5.033492565155029
2023-01-29,2023-01-29 04:00:00,4,lags_meteo,xgboost_direct,11.0,4.7742486000061035
2023-01-29,2023-01-29 05:00:00,5,lags_meteo,xgboost_direct,11.0,4.968631744384766
2023-01-29,2023-01-29 06:00:00,6,lags_meteo,xgboost_direct,9.0,5.649757385253906
2023-01-29,2023-01-29 07:00:00,7,lags_meteo,xgboost_direct,7.0,4.8430657386779785
2023-01-29,2023-01-29 08:00:00,8,lags_meteo,xgboost_direct,12.0,5.0046868324279785
2023-01-29,2023-01-29 09:00:00,9,lags_meteo,xgboost_direct,6.0,6.409294128417969
2023-01-29,2023-01-29 10:00:00,10,lags_meteo,xgboost_direct,9.0,9.547517776489258
2023-01-29,2023-01-29 11:00:00,11,lags_meteo,xgboost_direct,9.0,10.752644538879395
2023-01-29,2023-01-29 12:00:00,12,lags_meteo,xgboost_direct,8.0,10.833586692810059
2023-01-29,2023-01-29 13:00:00,13,lags_meteo,xgboost_direct,11.0,11.070234298706055
2023-01-29,2023-01-29 14:00:00,14,lags_meteo,xgboost_direct,10.0,9.824124336242676
2023-01-29,2023-01-29 15:00:00,15,lags_meteo,xgboost_direct,5.0,8.48640251159668
2023-01-29,2023-01-29 16:00:00,16,lags_meteo,xgboost_direct,6.0,7.5806145668029785
2023-01-29,2023-01-29 17:00:00,17,lags_meteo,xgboost_direct,7.0,7.81654691696167
2023-01-29,2023-01-29 18:00:00,18,lags_meteo,xgboost_direct,7.0,8.898918151855469
2023-01-29,2023-01-29 19:00:00,19,lags_meteo,xgboost_direct,9.0,10.215051651000977
2023-01-29,2023-01-29 20:00:00,20,lags_meteo,xgboost_direct,10.0,10.309940338134766
2023-01-29,2023-01-29 21:00:00,21,lags_meteo,xgboost_direct,9.0,10.09506893157959
2023-01-29,2023-01-29 22:00:00,22,lags_meteo,xgboost_direct,9.0,10.654228210449219
2023-01-29,2023-01-29 23:00:00,23,lags_meteo,xgboost_direct,7.0,10.51546573638916
2023-01-29,2023-01-30 00:00:00,24,lags_meteo,xgboost_direct,9.0,10.39664077758789
2023-01-30,2023-01-30 01:00:00,1,lags_meteo,xgboost_direct,8.0,7.323948860168457
2023-01-30,2023-01-30 02:00:00,2,lags_meteo,xgboost_direct,8.0,6.855518341064453
2023-01-30,2023-01-30 03:00:00,3,lags_meteo,xgboost_direct,8.0,6.193427562713623
2023-01-30,2023-01-30 04:00:00,4,lags_meteo,xgboost_direct,10.0,6.07668399810791
2023-01-30,2023-01-30 05:00:00,5,lags_meteo,xgboost_direct,9.0,6.389333724975586
2023-01-30,2023-01-30 06:00:00,6,lags_meteo,xgboost_direct,8.0,6.840134620666504
2023-01-30,2023-01-30 07:00:00,7,lags_meteo,xgboost_direct,6.0,5.966673374176025
2023-01-30,2023-01-30 08:00:00,8,lags_meteo,xgboost_direct,12.0,7.761713027954102
2023-01-30,2023-01-30 09:00:00,9,lags_meteo,xgboost_direct,30.0,10.182709693908691
2023-01-30,2023-01-30 10:00:00,10,lags_meteo,xgboost_direct,18.0,12.586793899536133
2023-01-30,2023-01-30 11:00:00,11,lags_meteo,xgboost_direct,22.0,13.427867889404297
2023-01-30,2023-01-30 12:00:00,12,lags_meteo,xgboost_direct,21.0,13.019745826721191
2023-01-30,2023-01-30 13:00:00,13,lags_meteo,xgboost_direct,18.0,12.262679100036621
2023-01-30,2023-01-30 14:00:00,14,lags_meteo,xgboost_direct,17.0,12.212068557739258
2023-01-30,2023-01-30 15:00:00,15,lags_meteo,xgboost_direct,18.0,10.361255645751953
2023-01-30,2023-01-30 16:00:00,16,lags_meteo,xgboost_direct,15.0,9.007537841796875
2023-01-30,2023-01-30 17:00:00,17,lags_meteo,xgboost_direct,12.0,8.980597496032715
2023-01-30,2023-01-30 18:00:00,18,lags_meteo,xgboost_direct,12.0,8.864957809448242
2023-01-30,2023-01-30 19:00:00,19,lags_meteo,xgboost_direct,13.0,8.934537887573242
2023-01-30,2023-01-30 20:00:00,20,lags_meteo,xgboost_direct,18.0,11.214770317077637
2023-01-30,2023-01-30 21:00:00,21,lags_meteo,xgboost_direct,19.0,10.546853065490723
2023-01-30,2023-01-30 22:00:00,22,lags_meteo,xgboost_direct,14.0,8.295135498046875
2023-01-30,2023-01-30 23:00:00,23,lags_meteo,xgboost_direct,13.0,8.050527572631836
2023-01-30,2023-01-31 00:00:00,24,lags_meteo,xgboost_direct,15.0,5.421648979187012
2023-01-31,2023-01-31 01:00:00,1,lags_meteo,xgboost_direct,18.0,12.77902603149414
2023-01-31,2023-01-31 02:00:00,2,lags_meteo,xgboost_direct,18.0,12.621965408325195
2023-01-31,2023-01-31 03:00:00,3,lags_meteo,xgboost_direct,16.0,12.890762329101562
2023-01-31,2023-01-31 04:00:00,4,lags_meteo,xgboost_direct,17.0,12.317994117736816
2023-01-31,2023-01-31 05:00:00,5,lags_meteo,xgboost_direct,16.0,11.140543937683105
2023-01-31,2023-01-31 06:00:00,6,lags_meteo,xgboost_direct,17.0,11.564135551452637
2023-01-31,2023-01-31 07:00:00,7,lags_meteo,xgboost_direct,12.0,11.044559478759766
2023-01-31,2023-01-31 08:00:00,8,lags_meteo,xgboost_direct,15.0,12.648300170898438
2023-01-31,2023-01-31 09:00:00,9,lags_meteo,xgboost_direct,25.0,14.344817161560059
2023-01-31,2023-01-31 10:00:00,10,lags_meteo,xgboost_direct,32.0,18.59783935546875
2023-01-31,2023-01-31 11:00:00,11,lags_meteo,xgboost_direct,38.0,21.24638557434082
2023-01-31,2023-01-31 12:00:00,12,lags_meteo,xgboost_direct,46.0,19.356319427490234
2023-01-31,2023-01-31 13:00:00,13,lags_meteo,xgboost_direct,44.0,18.056236267089844
2023-01-31,2023-01-31 14:00:00,14,lags_meteo,xgboost_direct,39.0,16.923410415649414
2023-01-31,2023-01-31 15:00:00,15,lags_meteo,xgboost_direct,35.0,14.067063331604004
2023-01-31,2023-01-31 16:00:00,16,lags_meteo,xgboost_direct,26.0,12.213318824768066
2023-01-31,2023-01-31 17:00:00,17,lags_meteo,xgboost_direct,28.0,12.768261909484863
2023-01-31,2023-01-31 18:00:00,18,lags_meteo,xgboost_direct,23.0,12.870200157165527
2023-01-31,2023-01-31 19:00:00,19,lags_meteo,xgboost_direct,22.0,14.4224214553833
2023-01-31,2023-01-31 20:00:00,20,lags_meteo,xgboost_direct,26.0,15.946704864501953
2023-01-31,2023-01-31 21:00:00,21,lags_meteo,xgboost_direct,24.0,15.515334129333496
2023-01-31,2023-01-31 22:00:00,22,lags_meteo,xgboost_direct,26.0,13.974737167358398
2023-01-31,2023-01-31 23:00:00,23,lags_meteo,xgboost_direct,29.0,13.257063865661621
2023-01-31,2023-02-01 00:00:00,24,lags_meteo,xgboost_direct,30.0,11.315032958984375
2023-02-01,2023-02-01 01:00:00,1,lags_meteo,xgboost_direct,31.0,24.621976852416992
2023-02-01,2023-02-01 02:00:00,2,lags_meteo,xgboost_direct,40.0,24.332305908203125
2023-02-01,2023-02-01 03:00:00,3,lags_meteo,xgboost_direct,33.0,23.439006805419922
2023-02-01,2023-02-01 04:00:00,4,lags_meteo,xgboost_direct,15.0,22.176532745361328
2023-02-01,2023-02-01 05:00:00,5,lags_meteo,xgboost_direct,18.0,20.960649490356445
2023-02-01,2023-02-01 06:00:00,6,lags_meteo,xgboost_direct,14.0,22.288297653198242
2023-02-01,2023-02-01 07:00:00,7,lags_meteo,xgboost_direct,13.0,23.898168563842773
2023-02-01,2023-02-01 08:00:00,8,lags_meteo,xgboost_direct,14.0,23.17632293701172
2023-02-01,2023-02-01 09:00:00,9,lags_meteo,xgboost_direct,9.0,30.87480926513672
2023-02-01,2023-02-01 10:00:00,10,lags_meteo,xgboost_direct,21.0,33.32901382446289
2023-02-01,2023-02-01 11:00:00,11,lags_meteo,xgboost_direct,13.0,41.02961349487305
2023-02-01,2023-02-01 12:00:00,12,lags_meteo,xgboost_direct,13.0,39.62904357910156
2023-02-01,2023-02-01 13:00:00,13,lags_meteo,xgboost_direct,10.0,38.438716888427734
2023-02-01,2023-02-01 14:00:00,14,lags_meteo,xgboost_direct,8.0,31.750450134277344
2023-02-01,2023-02-01 15:00:00,15,lags_meteo,xgboost_direct,10.0,27.48676300048828
2023-02-01,2023-02-01 16:00:00,16,lags_meteo,xgboost_direct,11.0,28.246496200561523
2023-02-01,2023-02-01 17:00:00,17,lags_meteo,xgboost_direct,12.0,27.493297576904297
2023-02-01,2023-02-01 18:00:00,18,lags_meteo,xgboost_direct,17.0,27.009334564208984
2023-02-01,2023-02-01 19:00:00,19,lags_meteo,xgboost_direct,28.0,28.16670799255371
2023-02-01,2023-02-01 20:00:00,20,lags_meteo,xgboost_direct,34.0,26.820905685424805
2023-02-01,2023-02-01 21:00:00,21,lags_meteo,xgboost_direct,31.0,26.726301193237305
2023-02-01,2023-02-01 22:00:00,22,lags_meteo,xgboost_direct,20.0,28.226648330688477
2023-02-01,2023-02-01 23:00:00,23,lags_meteo,xgboost_direct,24.0,28.10159683227539
2023-02-01,2023-02-02 00:00:00,24,lags_meteo,xgboost_direct,27.0,27.561111450195312
2023-02-02,2023-02-02 01:00:00,1,lags_meteo,xgboost_direct,25.0,21.444313049316406
2023-02-02,2023-02-02 02:00:00,2,lags_meteo,xgboost_direct,16.0,21.166902542114258
2023-02-02,2023-02-02 03:00:00,3,lags_meteo,xgboost_direct,12.0,19.159387588500977
2023-02-02,2023-02-02 04:00:00,4,lags_meteo,xgboost_direct,10.0,17.452152252197266
2023-02-02,2023-02-02 05:00:00,5,lags_meteo,xgboost_direct,8.0,17.60424041748047
2023-02-02,2023-02-02 06:00:00,6,lags_meteo,xgboost_direct,10.0,18.514610290527344
2023-02-02,2023-02-02 07:00:00,7,lags_meteo,xgboost_direct,8.0,17.59320831298828
2023-02-02,2023-02-02 08:00:00,8,lags_meteo,xgboost_direct,7.0,16.461618423461914
2023-02-02,2023-02-02 09:00:00,9,lags_meteo,xgboost_direct,15.0,18.418487548828125
2023-02-02,2023-02-02 10:00:00,10,lags_meteo,xgboost_direct,,22.64925193786621
2023-02-02,2023-02-02 11:00:00,11,lags_meteo,xgboost_direct,,27.088376998901367
2023-02-02,2023-02-02 12:00:00,12,lags_meteo,xgboost_direct,,24.184616088867188
2023-02-02,2023-02-02 13:00:00,13,lags_meteo,xgboost_direct,,23.810136795043945
2023-02-02,2023-02-02 14:00:00,14,lags_meteo,xgboost_direct,,23.62961769104004
2023-02-02,2023-02-02 15:00:00,15,lags_meteo,xgboost_direct,,19.488143920898438
2023-02-02,2023-02-02 16:00:00,16,lags_meteo,xgboost_direct,,22.312902450561523
2023-02-02,2023-02-02 17:00:00,17,lags_meteo,xgboost_direct,25.0,23.65910530090332
2023-02-02,2023-02-02 18:00:00,18,lags_meteo,xgboost_direct,27.0,22.962787628173828
2023-02-02,2023-02-02 19:00:00,19,lags_meteo,xgboost_direct,25.0,24.04305648803711
2023-02-02,2023-02-02 20:00:00,20,lags_meteo,xgboost_direct,26.0,24.98362922668457
2023-02-02,2023-02-02 21:00:00,21,lags_meteo,xgboost_direct,27.0,25.49925422668457
2023-02-02,2023-02-02 22:00:00,22,lags_meteo,xgboost_direct,26.0,24.171567916870117
2023-02-02,2023-02-02 23:00:00,23,lags_meteo,xgboost_direct,21.0,23.339191436767578
2023-02-02,2023-02-03 00:00:00,24,lags_meteo,xgboost_direct,28.0,21.242725372314453
2023-02-03,2023-02-03 01:00:00,1,lags_meteo,xgboost_direct,30.0,19.934823989868164
2023-02-03,2023-02-03 02:00:00,2,lags_meteo,xgboost_direct,29.0,18.75310707092285
2023-02-03,2023-02-03 03:00:00,3,lags_meteo,xgboost_direct,13.0,18.594602584838867
2023-02-03,2023-02-03 04:00:00,4,lags_meteo,xgboost_direct,15.0,16.496379852294922
2023-02-03,2023-02-03 05:00:00,5,lags_meteo,xgboost_direct,10.0,15.998199462890625
2023-02-03,2023-02-03 06:00:00,6,lags_meteo,xgboost_direct,1.0,14.919595718383789
2023-02-03,2023-02-03 07:00:00,7,lags_meteo,xgboost_direct,9.0,14.467782974243164
2023-02-03,2023-02-03 08:00:00,8,lags_meteo,xgboost_direct,17.0,14.479520797729492
2023-02-03,2023-02-03 09:00:00,9,lags_meteo,xgboost_direct,11.0,15.990962028503418
2023-02-03,2023-02-03 10:00:00,10,lags_meteo,xgboost_direct,18.0,20.68918228149414
2023-02-03,2023-02-03 11:00:00,11,lags_meteo,xgboost_direct,30.0,25.271825790405273
2023-02-03,2023-02-03 12:00:00,12,lags_meteo,xgboost_direct,34.0,25.48236083984375
2023-02-03,2023-02-03 13:00:00,13,lags_meteo,xgboost_direct,23.0,24.726802825927734
2023-02-03,2023-02-03 14:00:00,14,lags_meteo,xgboost_direct,18.0,25.039091110229492
2023-02-03,2023-02-03 15:00:00,15,lags_meteo,xgboost_direct,13.0,24.246366500854492
2023-02-03,2023-02-03 16:00:00,16,lags_meteo,xgboost_direct,9.0,25.693010330200195
2023-02-03,2023-02-03 17:00:00,17,lags_meteo,xgboost_direct,10.0,25.549253463745117
2023-02-03,2023-02-03 18:00:00,18,lags_meteo,xgboost_direct,10.0,27.93674087524414
2023-02-03,2023-02-03 19:00:00,19,lags_meteo,xgboost_direct,15.0,25.336576461791992
2023-02-03,2023-02-03 20:00:00,20,lags_meteo,xgboost_direct,21.0,24.897781372070312
2023-02-03,2023-02-03 21:00:00,21,lags_meteo,xgboost_direct,22.0,24.614412307739258
2023-02-03,2023-02-03 22:00:00,22,lags_meteo,xgboost_direct,19.0,22.903684616088867
2023-02-03,2023-02-03 23:00:00,23,lags_meteo,xgboost_direct,24.0,21.393342971801758
2023-02-03,2023-02-04 00:00:00,24,lags_meteo,xgboost_direct,24.0,20.901304244995117
2023-02-04,2023-02-04 01:00:00,1,lags_meteo,xgboost_direct,28.0,22.504913330078125
2023-02-04,2023-02-04 02:00:00,2,lags_meteo,xgboost_direct,27.0,21.172542572021484
2023-02-04,2023-02-04 03:00:00,3,lags_meteo,xgboost_direct,23.0,19.72737693786621
2023-02-04,2023-02-04 04:00:00,4,lags_meteo,xgboost_direct,22.0,16.888334274291992
2023-02-04,2023-02-04 05:00:00,5,lags_meteo,xgboost_direct,21.0,14.574406623840332
2023-02-04,2023-02-04 06:00:00,6,lags_meteo,xgboost_direct,21.0,14.20261001586914
2023-02-04,2023-02-04 07:00:00,7,lags_meteo,xgboost_direct,35.0,14.829081535339355
2023-02-04,2023-02-04 08:00:00,8,lags_meteo,xgboost_direct,17.0,15.016640663146973
2023-02-04,2023-02-04 09:00:00,9,lags_meteo,xgboost_direct,14.0,16.307897567749023
2023-02-04,2023-02-04 10:00:00,10,lags_meteo,xgboost_direct,14.0,22.51079750061035
2023-02-04,2023-02-04 11:00:00,11,lags_meteo,xgboost_direct,21.0,27.303348541259766
2023-02-04,2023-02-04 12:00:00,12,lags_meteo,xgboost_direct,31.0,28.425283432006836
2023-02-04,2023-02-04 13:00:00,13,lags_meteo,xgboost_direct,26.0,25.760709762573242
2023-02-04,2023-02-04 14:00:00,14,lags_meteo,xgboost_direct,22.0,24.05116081237793
2023-02-04,2023-02-04 15:00:00,15,lags_meteo,xgboost_direct,24.0,19.797334671020508
2023-02-04,2023-02-04 16:00:00,16,lags_meteo,xgboost_direct,16.0,16.235044479370117
2023-02-04,2023-02-04 17:00:00,17,lags_meteo,xgboost_direct,14.0,14.711865425109863
2023-02-04,2023-02-04 18:00:00,18,lags_meteo,xgboost_direct,23.0,15.517990112304688
2023-02-04,2023-02-04 19:00:00,19,lags_meteo,xgboost_direct,23.0,16.512371063232422
2023-02-04,2023-02-04 20:00:00,20,lags_meteo,xgboost_direct,22.0,18.513790130615234
2023-02-04,2023-02-04 21:00:00,21,lags_meteo,xgboost_direct,23.0,19.52277946472168
2023-02-04,2023-02-04 22:00:00,22,lags_meteo,xgboost_direct,26.0,18.4190673828125
2023-02-04,2023-02-04 23:00:00,23,lags_meteo,xgboost_direct,24.0,18.205045700073242
2023-02-04,2023-02-05 00:00:00,24,lags_meteo,xgboost_direct,22.0,20.52665901184082
2023-02-05,2023-02-05 01:00:00,1,lags_meteo,xgboost_direct,19.0,22.007564544677734
2023-02-05,2023-02-05 02:00:00,2,lags_meteo,xgboost_direct,21.0,21.631671905517578
2023-02-05,2023-02-05 03:00:00,3,lags_meteo,xgboost_direct,19.0,20.061748504638672
2023-02-05,2023-02-05 04:00:00,4,lags_meteo,xgboost_direct,23.0,19.104270935058594
2023-02-05,2023-02-05 05:00:00,5,lags_meteo,xgboost_direct,22.0,15.653767585754395
2023-02-05,2023-02-05 06:00:00,6,lags_meteo,xgboost_direct,16.0,14.847841262817383
2023-02-05,2023-02-05 07:00:00,7,lags_meteo,xgboost_direct,15.0,14.123699188232422
2023-02-05,2023-02-05 08:00:00,8,lags_meteo,xgboost_direct,10.0,13.308218955993652
2023-02-05,2023-02-05 09:00:00,9,lags_meteo,xgboost_direct,7.0,15.606612205505371
2023-02-05,2023-02-05 10:00:00,10,lags_meteo,xgboost_direct,5.0,22.351959228515625
2023-02-05,2023-02-05 11:00:00,11,lags_meteo,xgboost_direct,7.0,26.905807495117188
2023-02-05,2023-02-05 12:00:00,12,lags_meteo,xgboost_direct,9.0,27.974994659423828
2023-02-05,2023-02-05 13:00:00,13,lags_meteo,xgboost_direct,11.0,24.92133903503418
2023-02-05,2023-02-05 14:00:00,14,lags_meteo,xgboost_direct,8.0,24.198219299316406
2023-02-05,2023-02-05 15:00:00,15,lags_meteo,xgboost_direct,7.0,21.055776596069336
2023-02-05,2023-02-05 16:00:00,16,lags_meteo,xgboost_direct,4.0,19.921056747436523
2023-02-05,2023-02-05 17:00:00,17,lags_meteo,xgboost_direct,9.0,19.35084342956543
2023-02-05,2023-02-05 18:00:00,18,lags_meteo,xgboost_direct,9.0,19.270248413085938
2023-02-05,2023-02-05 19:00:00,19,lags_meteo,xgboost_direct,9.0,21.38530921936035
2023-02-05,2023-02-05 20:00:00,20,lags_meteo,xgboost_direct,16.0,21.305883407592773
2023-02-05,2023-02-05 21:00:00,21,lags_meteo,xgboost_direct,23.0,20.80503273010254
2023-02-05,2023-02-05 22:00:00,22,lags_meteo,xgboost_direct,23.0,21.118684768676758
2023-02-05,2023-02-05 23:00:00,23,lags_meteo,xgboost_direct,23.0,21.15679359436035
2023-02-05,2023-02-06 00:00:00,24,lags_meteo,xgboost_direct,17.0,21.975767135620117
2023-02-06,2023-02-06 01:00:00,1,lags_meteo,xgboost_direct,15.0,20.150148391723633
2023-02-06,2023-02-06 02:00:00,2,lags_meteo,xgboost_direct,14.0,18.619550704956055
2023-02-06,2023-02-06 03:00:00,3,lags_meteo,xgboost_direct,16.0,16.560592651367188
2023-02-06,2023-02-06 04:00:00,4,lags_meteo,xgboost_direct,17.0,15.9742431640625
2023-02-06,2023-02-06 05:00:00,5,lags_meteo,xgboost_direct,17.0,15.721068382263184
2023-02-06,2023-02-06 06:00:00,6,lags_meteo,xgboost_direct,14.0,15.318244934082031
2023-02-06,2023-02-06 07:00:00,7,lags_meteo,xgboost_direct,9.0,15.465007781982422
2023-02-06,2023-02-06 08:00:00,8,lags_meteo,xgboost_direct,15.0,15.460182189941406
2023-02-06,2023-02-06 09:00:00,9,lags_meteo,xgboost_direct,25.0,18.45180320739746
2023-02-06,2023-02-06 10:00:00,10,lags_meteo,xgboost_direct,25.0,22.271968841552734
2023-02-06,2023-02-06 11:00:00,11,lags_meteo,xgboost_direct,17.0,25.377674102783203
2023-02-06,2023-02-06 12:00:00,12,lags_meteo,xgboost_direct,18.0,23.84522819519043
2023-02-06,2023-02-06 13:00:00,13,lags_meteo,xgboost_direct,15.0,22.245447158813477
2023-02-06,2023-02-06 14:00:00,14,lags_meteo,xgboost_direct,9.0,21.073959350585938
2023-02-06,2023-02-06 15:00:00,15,lags_meteo,xgboost_direct,8.0,18.97681999206543
2023-02-06,2023-02-06 16:00:00,16,lags_meteo,xgboost_direct,7.0,17.184432983398438
2023-02-06,2023-02-06 17:00:00,17,lags_meteo,xgboost_direct,6.0,17.269207000732422
2023-02-06,2023-02-06 18:00:00,18,lags_meteo,xgboost_direct,9.0,18.229429244995117
2023-02-06,2023-02-06 19:00:00,19,lags_meteo,xgboost_direct,18.0,16.318147659301758
2023-02-06,2023-02-06 20:00:00,20,lags_meteo,xgboost_direct,13.0,20.087310791015625
2023-02-06,2023-02-06 21:00:00,21,lags_meteo,xgboost_direct,7.0,22.231985092163086
2023-02-06,2023-02-06 22:00:00,22,lags_meteo,xgboost_direct,9.0,23.154277801513672
2023-02-06,2023-02-06 23:00:00,23,lags_meteo,xgboost_direct,11.0,22.992813110351562
2023-02-06,2023-02-07 00:00:00,24,lags_meteo,xgboost_direct,11.0,23.921491622924805
2023-02-07,2023-02-07 01:00:00,1,lags_meteo,xgboost_direct,8.0,9.850058555603027
2023-02-07,2023-02-07 02:00:00,2,lags_meteo,xgboost_direct,7.0,8.597843170166016
2023-02-07,2023-02-07 03:00:00,3,lags_meteo,xgboost_direct,7.0,8.271098136901855
2023-02-07,2023-02-07 04:00:00,4,lags_meteo,xgboost_direct,10.0,8.500466346740723
2023-02-07,2023-02-07 05:00:00,5,lags_meteo,xgboost_direct,5.0,8.207742691040039
2023-02-07,2023-02-07 06:00:00,6,lags_meteo,xgboost_direct,7.0,8.459094047546387
2023-02-07,2023-02-07 07:00:00,7,lags_meteo,xgboost_direct,10.0,8.739160537719727
2023-02-07,2023-02-07 08:00:00,8,lags_meteo,xgboost_direct,11.0,9.693229675292969
2023-02-07,2023-02-07 09:00:00,9,lags_meteo,xgboost_direct,14.0,12.869977951049805
2023-02-07,2023-02-07 10:00:00,10,lags_meteo,xgboost_direct,19.0,15.84553050994873
2023-02-07,2023-02-07 11:00:00,11,lags_meteo,xgboost_direct,22.0,16.20537757873535
2023-02-07,2023-02-07 12:00:00,12,lags_meteo,xgboost_direct,15.0,16.819414138793945
2023-02-07,2023-02-07 13:00:00,13,lags_meteo,xgboost_direct,18.0,15.97045612335205
2023-02-07,2023-02-07 14:00:00,14,lags_meteo,xgboost_direct,15.0,14.900836944580078
2023-02-07,2023-02-07 15:00:00,15,lags_meteo,xgboost_direct,19.0,13.48438835144043
2023-02-07,2023-02-07 16:00:00,16,lags_meteo,xgboost_direct,13.0,13.501890182495117
2023-02-07,2023-02-07 17:00:00,17,lags_meteo,xgboost_direct,18.0,12.97658634185791
2023-02-07,2023-02-07 18:00:00,18,lags_meteo,xgboost_direct,12.0,13.304082870483398
2023-02-07,2023-02-07 19:00:00,19,lags_meteo,xgboost_direct,11.0,14.345308303833008
2023-02-07,2023-02-07 20:00:00,20,lags_meteo,xgboost_direct,12.0,14.127143859863281
2023-02-07,2023-02-07 21:00:00,21,lags_meteo,xgboost_direct,10.0,15.187528610229492
2023-02-07,2023-02-07 22:00:00,22,lags_meteo,xgboost_direct,6.0,15.188760757446289
2023-02-07,2023-02-07 23:00:00,23,lags_meteo,xgboost_direct,9.0,14.17790412902832
2023-02-07,2023-02-08 00:00:00,24,lags_meteo,xgboost_direct,14.0,15.597847938537598
2023-02-08,2023-02-08 01:00:00,1,lags_meteo,xgboost_direct,10.0,8.308209419250488
2023-02-08,2023-02-08 02:00:00,2,lags_meteo,xgboost_direct,9.0,8.118128776550293
2023-02-08,2023-02-08 03:00:00,3,lags_meteo,xgboost_direct,9.0,7.612221717834473
2023-02-08,2023-02-08 04:00:00,4,lags_meteo,xgboost_direct,9.0,7.393711090087891
2023-02-08,2023-02-08 05:00:00,5,lags_meteo,xgboost_direct,7.0,7.539618968963623
2023-02-08,2023-02-08 06:00:00,6,lags_meteo,xgboost_direct,8.0,7.3837080001831055
2023-02-08,2023-02-08 07:00:00,7,lags_meteo,xgboost_direct,8.0,8.337955474853516
2023-02-08,2023-02-08 08:00:00,8,lags_meteo,xgboost_direct,7.0,9.736316680908203
2023-02-08,2023-02-08 09:00:00,9,lags_meteo,xgboost_direct,6.0,11.876882553100586
2023-02-08,2023-02-08 10:00:00,10,lags_meteo,xgboost_direct,8.0,14.249643325805664
2023-02-08,2023-02-08 11:00:00,11,lags_meteo,xgboost_direct,10.0,15.380494117736816
2023-02-08,2023-02-08 12:00:00,12,lags_meteo,xgboost_direct,7.0,14.445793151855469
2023-02-08,2023-02-08 13:00:00,13,lags_meteo,xgboost_direct,4.0,13.839459419250488
2023-02-08,2023-02-08 14:00:00,14,lags_meteo,xgboost_direct,4.0,13.249019622802734
2023-02-08,2023-02-08 15:00:00,15,lags_meteo,xgboost_direct,8.0,12.55506420135498
2023-02-08,2023-02-08 16:00:00,16,lags_meteo,xgboost_direct,12.0,13.175602912902832
2023-02-08,2023-02-08 17:00:00,17,lags_meteo,xgboost_direct,11.0,12.851408958435059
2023-02-08,2023-02-08 18:00:00,18,lags_meteo,xgboost_direct,10.0,14.299164772033691
2023-02-08,2023-02-08 19:00:00,19,lags_meteo,xgboost_direct,10.0,15.141558647155762
2023-02-08,2023-02-08 20:00:00,20,lags_meteo,xgboost_direct,14.0,15.746147155761719
2023-02-08,2023-02-08 21:00:00,21,lags_meteo,xgboost_direct,13.0,15.587143898010254
2023-02-08,2023-02-08 22:00:00,22,lags_meteo,xgboost_direct,13.0,14.651390075683594
2023-02-08,2023-02-08 23:00:00,23,lags_meteo,xgboost_direct,12.0,14.489498138427734
2023-02-08,2023-02-09 00:00:00,24,lags_meteo,xgboost_direct,11.0,14.121578216552734
2023-02-09,2023-02-09 01:00:00,1,lags_meteo,xgboost_direct,10.0,11.113450050354004
2023-02-09,2023-02-09 02:00:00,2,lags_meteo,xgboost_direct,9.0,10.933040618896484
2023-02-09,2023-02-09 03:00:00,3,lags_meteo,xgboost_direct,7.0,11.147604942321777
2023-02-09,2023-02-09 04:00:00,4,lags_meteo,xgboost_direct,9.0,10.58957576751709
2023-02-09,2023-02-09 05:00:00,5,lags_meteo,xgboost_direct,8.0,11.375985145568848
2023-02-09,2023-02-09 06:00:00,6,lags_meteo,xgboost_direct,7.0,12.300375938415527
2023-02-09,2023-02-09 07:00:00,7,lags_meteo,xgboost_direct,7.0,12.41024398803711
2023-02-09,2023-02-09 08:00:00,8,lags_meteo,xgboost_direct,14.0,13.42516040802002
2023-02-09,2023-02-09 09:00:00,9,lags_meteo,xgboost_direct,15.0,14.185568809509277
2023-02-09,2023-02-09 10:00:00,10,lags_meteo,xgboost_direct,18.0,16.643037796020508
2023-02-09,2023-02-09 11:00:00,11,lags_meteo,xgboost_direct,20.0,18.730167388916016
2023-02-09,2023-02-09 12:00:00,12,lags_meteo,xgboost_direct,18.0,18.1817569732666
2023-02-09,2023-02-09 13:00:00,13,lags_meteo,xgboost_direct,25.0,17.081613540649414
2023-02-09,2023-02-09 14:00:00,14,lags_meteo,xgboost_direct,15.0,16.502120971679688
2023-02-09,2023-02-09 15:00:00,15,lags_meteo,xgboost_direct,5.0,15.801566123962402
2023-02-09,2023-02-09 16:00:00,16,lags_meteo,xgboost_direct,4.0,15.421416282653809
2023-02-09,2023-02-09 17:00:00,17,lags_meteo,xgboost_direct,6.0,16.01483154296875
2023-02-09,2023-02-09 18:00:00,18,lags_meteo,xgboost_direct,16.0,17.077360153198242
2023-02-09,2023-02-09 19:00:00,19,lags_meteo,xgboost_direct,14.0,16.95146942138672
2023-02-09,2023-02-09 20:00:00,20,lags_meteo,xgboost_direct,18.0,16.820146560668945
2023-02-09,2023-02-09 21:00:00,21,lags_meteo,xgboost_direct,18.0,16.98630142211914
2023-02-09,2023-02-09 22:00:00,22,lags_meteo,xgboost_direct,19.0,16.01628875732422
2023-02-09,2023-02-09 23:00:00,23,lags_meteo,xgboost_direct,20.0,16.110288619995117
2023-02-09,2023-02-10 00:00:00,24,lags_meteo,xgboost_direct,15.0,16.09272003173828
2023-02-10,2023-02-10 01:00:00,1,lags_meteo,xgboost_direct,18.0,17.455480575561523
2023-02-10,2023-02-10 02:00:00,2,lags_meteo,xgboost_direct,14.0,16.532926559448242
2023-02-10,2023-02-10 03:00:00,3,lags_meteo,xgboost_direct,14.0,15.585423469543457
2023-02-10,2023-02-10 04:00:00,4,lags_meteo,xgboost_direct,12.0,13.020371437072754
2023-02-10,2023-02-10 05:00:00,5,lags_meteo,xgboost_direct,11.0,12.376229286193848
2023-02-10,2023-02-10 06:00:00,6,lags_meteo,xgboost_direct,14.0,10.926637649536133
2023-02-10,2023-02-10 07:00:00,7,lags_meteo,xgboost_direct,11.0,12.241540908813477
2023-02-10,2023-02-10 08:00:00,8,lags_meteo,xgboost_direct,13.0,12.111649513244629
2023-02-10,2023-02-10 09:00:00,9,lags_meteo,xgboost_direct,14.0,15.750365257263184
2023-02-10,2023-02-10 10:00:00,10,lags_meteo,xgboost_direct,17.0,19.394311904907227
2023-02-10,2023-02-10 11:00:00,11,lags_meteo,xgboost_direct,21.0,22.86210060119629
2023-02-10,2023-02-10 12:00:00,12,lags_meteo,xgboost_direct,19.0,24.179386138916016
2023-02-10,2023-02-10 13:00:00,13,lags_meteo,xgboost_direct,18.0,22.582317352294922
2023-02-10,2023-02-10 14:00:00,14,lags_meteo,xgboost_direct,20.0,20.303600311279297
2023-02-10,2023-02-10 15:00:00,15,lags_meteo,xgboost_direct,13.0,17.58725357055664
2023-02-10,2023-02-10 16:00:00,16,lags_meteo,xgboost_direct,10.0,18.27391242980957
2023-02-10,2023-02-10 17:00:00,17,lags_meteo,xgboost_direct,9.0,18.339147567749023
2023-02-10,2023-02-10 18:00:00,18,lags_meteo,xgboost_direct,11.0,19.167308807373047
2023-02-10,2023-02-10 19:00:00,19,lags_meteo,xgboost_direct,13.0,19.74481201171875
2023-02-10,2023-02-10 20:00:00,20,lags_meteo,xgboost_direct,14.0,19.030502319335938
2023-02-10,2023-02-10 21:00:00,21,lags_meteo,xgboost_direct,17.0,18.557661056518555
2023-02-10,2023-02-10 22:00:00,22,lags_meteo,xgboost_direct,19.0,19.49388313293457
2023-02-10,2023-02-10 23:00:00,23,lags_meteo,xgboost_direct,17.0,20.222257614135742
2023-02-10,2023-02-11 00:00:00,24,lags_meteo,xgboost_direct,17.0,18.654664993286133
2023-02-11,2023-02-11 01:00:00,1,lags_meteo,xgboost_direct,15.0,14.860487937927246
2023-02-11,2023-02-11 02:00:00,2,lags_meteo,xgboost_direct,17.0,13.535822868347168
2023-02-11,2023-02-11 03:00:00,3,lags_meteo,xgboost_direct,15.0,12.226362228393555
2023-02-11,2023-02-11 04:00:00,4,lags_meteo,xgboost_direct,16.0,10.625177383422852
2023-02-11,2023-02-11 05:00:00,5,lags_meteo,xgboost_direct,18.0,9.325251579284668
2023-02-11,2023-02-11 06:00:00,6,lags_meteo,xgboost_direct,12.0,9.41159725189209
2023-02-11,2023-02-11 07:00:00,7,lags_meteo,xgboost_direct,16.0,9.397673606872559
2023-02-11,2023-02-11 08:00:00,8,lags_meteo,xgboost_direct,17.0,10.801207542419434
2023-02-11,2023-02-11 09:00:00,9,lags_meteo,xgboost_direct,15.0,14.258040428161621
2023-02-11,2023-02-11 10:00:00,10,lags_meteo,xgboost_direct,14.0,18.07380485534668
2023-02-11,2023-02-11 11:00:00,11,lags_meteo,xgboost_direct,15.0,20.595537185668945
2023-02-11,2023-02-11 12:00:00,12,lags_meteo,xgboost_direct,17.0,19.462984085083008
2023-02-11,2023-02-11 13:00:00,13,lags_meteo,xgboost_direct,16.0,19.026987075805664
2023-02-11,2023-02-11 14:00:00,14,lags_meteo,xgboost_direct,14.0,16.74287223815918
2023-02-11,2023-02-11 15:00:00,15,lags_meteo,xgboost_direct,12.0,13.80251407623291
2023-02-11,2023-02-11 16:00:00,16,lags_meteo,xgboost_direct,11.0,13.496756553649902
2023-02-11,2023-02-11 17:00:00,17,lags_meteo,xgboost_direct,10.0,12.20519733428955
2023-02-11,2023-02-11 18:00:00,18,lags_meteo,xgboost_direct,11.0,13.44965648651123
2023-02-11,2023-02-11 19:00:00,19,lags_meteo,xgboost_direct,12.0,14.805724143981934
2023-02-11,2023-02-11 20:00:00,20,lags_meteo,xgboost_direct,10.0,15.718165397644043
2023-02-11,2023-02-11 21:00:00,21,lags_meteo,xgboost_direct,13.0,16.6934814453125
2023-02-11,2023-02-11 22:00:00,22,lags_meteo,xgboost_direct,14.0,17.965299606323242
2023-02-11,2023-02-11 23:00:00,23,lags_meteo,xgboost_direct,14.0,17.257532119750977
2023-02-11,2023-02-12 00:00:00,24,lags_meteo,xgboost_direct,17.0,17.95926284790039
2023-02-12,2023-02-12 01:00:00,1,lags_meteo,xgboost_direct,18.0,14.406401634216309
2023-02-12,2023-02-12 02:00:00,2,lags_meteo,xgboost_direct,17.0,12.066268920898438
2023-02-12,2023-02-12 03:00:00,3,lags_meteo,xgboost_direct,19.0,10.897392272949219
2023-02-12,2023-02-12 04:00:00,4,lags_meteo,xgboost_direct,18.0,9.372726440429688
2023-02-12,2023-02-12 05:00:00,5,lags_meteo,xgboost_direct,17.0,8.762727737426758
2023-02-12,2023-02-12 06:00:00,6,lags_meteo,xgboost_direct,17.0,7.784425258636475
2023-02-12,2023-02-12 07:00:00,7,lags_meteo,xgboost_direct,17.0,6.7082743644714355
2023-02-12,2023-02-12 08:00:00,8,lags_meteo,xgboost_direct,14.0,8.16737174987793
2023-02-12,2023-02-12 09:00:00,9,lags_meteo,xgboost_direct,12.0,11.101566314697266
2023-02-12,2023-02-12 10:00:00,10,lags_meteo,xgboost_direct,12.0,13.514389038085938
2023-02-12,2023-02-12 11:00:00,11,lags_meteo,xgboost_direct,15.0,14.441190719604492
2023-02-12,2023-02-12 12:00:00,12,lags_meteo,xgboost_direct,20.0,13.966282844543457
2023-02-12,2023-02-12 13:00:00,13,lags_meteo,xgboost_direct,19.0,13.380764961242676
2023-02-12,2023-02-12 14:00:00,14,lags_meteo,xgboost_direct,17.0,11.990245819091797
2023-02-12,2023-02-12 15:00:00,15,lags_meteo,xgboost_direct,9.0,11.356657028198242
2023-02-12,2023-02-12 16:00:00,16,lags_meteo,xgboost_direct,14.0,10.598248481750488
2023-02-12,2023-02-12 17:00:00,17,lags_meteo,xgboost_direct,28.0,10.527752876281738
2023-02-12,2023-02-12 18:00:00,18,lags_meteo,xgboost_direct,33.0,11.619097709655762
2023-02-12,2023-02-12 19:00:00,19,lags_meteo,xgboost_direct,29.0,12.31869125366211
2023-02-12,2023-02-12 20:00:00,20,lags_meteo,xgboost_direct,30.0,12.047059059143066
2023-02-12,2023-02-12 21:00:00,21,lags_meteo,xgboost_direct,28.0,13.191964149475098
2023-02-12,2023-02-12 22:00:00,22,lags_meteo,xgboost_direct,30.0,15.015395164489746
2023-02-12,2023-02-12 23:00:00,23,lags_meteo,xgboost_direct,30.0,14.241962432861328
2023-02-12,2023-02-13 00:00:00,24,lags_meteo,xgboost_direct,30.0,13.982457160949707
2023-02-13,2023-02-13 01:00:00,1,lags_meteo,xgboost_direct,29.0,27.01940155029297
2023-02-13,2023-02-13 02:00:00,2,lags_meteo,xgboost_direct,28.0,25.251583099365234
2023-02-13,2023-02-13 03:00:00,3,lags_meteo,xgboost_direct,28.0,23.196334838867188
2023-02-13,2023-02-13 04:00:00,4,lags_meteo,xgboost_direct,26.0,20.41986846923828
2023-02-13,2023-02-13 05:00:00,5,lags_meteo,xgboost_direct,26.0,20.872386932373047
2023-02-13,2023-02-13 06:00:00,6,lags_meteo,xgboost_direct,27.0,19.280412673950195
2023-02-13,2023-02-13 07:00:00,7,lags_meteo,xgboost_direct,25.0,18.120136260986328
2023-02-13,2023-02-13 08:00:00,8,lags_meteo,xgboost_direct,24.0,19.350858688354492
2023-02-13,2023-02-13 09:00:00,9,lags_meteo,xgboost_direct,31.0,21.400474548339844
2023-02-13,2023-02-13 10:00:00,10,lags_meteo,xgboost_direct,31.0,26.070837020874023
2023-02-13,2023-02-13 11:00:00,11,lags_meteo,xgboost_direct,36.0,29.561737060546875
2023-02-13,2023-02-13 12:00:00,12,lags_meteo,xgboost_direct,36.0,30.016870498657227
2023-02-13,2023-02-13 13:00:00,13,lags_meteo,xgboost_direct,41.0,29.2354679107666
2023-02-13,2023-02-13 14:00:00,14,lags_meteo,xgboost_direct,31.0,29.944843292236328
2023-02-13,2023-02-13 15:00:00,15,lags_meteo,xgboost_direct,33.0,28.760169982910156
2023-02-13,2023-02-13 16:00:00,16,lags_meteo,xgboost_direct,31.0,31.223651885986328
2023-02-13,2023-02-13 17:00:00,17,lags_meteo,xgboost_direct,21.0,31.625131607055664
2023-02-13,2023-02-13 18:00:00,18,lags_meteo,xgboost_direct,19.0,33.15403366088867
2023-02-13,2023-02-13 19:00:00,19,lags_meteo,xgboost_direct,18.0,33.699581146240234
2023-02-13,2023-02-13 20:00:00,20,lags_meteo,xgboost_direct,24.0,32.70949172973633
2023-02-13,2023-02-13 21:00:00,21,lags_meteo,xgboost_direct,22.0,30.406532287597656
2023-02-13,2023-02-13 22:00:00,22,lags_meteo,xgboost_direct,22.0,30.287179946899414
2023-02-13,2023-02-13 23:00:00,23,lags_meteo,xgboost_direct,20.0,28.228755950927734
2023-02-13,2023-02-14 00:00:00,24,lags_meteo,xgboost_direct,22.0,28.582134246826172
2023-02-14,2023-02-14 01:00:00,1,lags_meteo,xgboost_direct,27.0,19.098268508911133
2023-02-14,2023-02-14 02:00:00,2,lags_meteo,xgboost_direct,24.0,19.049392700195312
2023-02-14,2023-02-14 03:00:00,3,lags_meteo,xgboost_direct,22.0,18.887754440307617
2023-02-14,2023-02-14 04:00:00,4,lags_meteo,xgboost_direct,20.0,16.54825210571289
2023-02-14,2023-02-14 05:00:00,5,lags_meteo,xgboost_direct,20.0,16.286956787109375
2023-02-14,2023-02-14 06:00:00,6,lags_meteo,xgboost_direct,19.0,16.347166061401367
2023-02-14,2023-02-14 07:00:00,7,lags_meteo,xgboost_direct,20.0,16.31341552734375
2023-02-14,2023-02-14 08:00:00,8,lags_meteo,xgboost_direct,22.0,16.32158088684082
2023-02-14,2023-02-14 09:00:00,9,lags_meteo,xgboost_direct,21.0,20.508697509765625
2023-02-14,2023-02-14 10:00:00,10,lags_meteo,xgboost_direct,23.0,29.269756317138672
2023-02-14,2023-02-14 11:00:00,11,lags_meteo,xgboost_direct,22.0,31.089191436767578
2023-02-14,2023-02-14 12:00:00,12,lags_meteo,xgboost_direct,23.0,32.37809371948242
2023-02-14,2023-02-14 13:00:00,13,lags_meteo,xgboost_direct,19.0,32.36753463745117
2023-02-14,2023-02-14 14:00:00,14,lags_meteo,xgboost_direct,20.0,30.039934158325195
2023-02-14,2023-02-14 15:00:00,15,lags_meteo,xgboost_direct,20.0,26.39198112487793
2023-02-14,2023-02-14 16:00:00,16,lags_meteo,xgboost_direct,24.0,24.091590881347656
2023-02-14,2023-02-14 17:00:00,17,lags_meteo,xgboost_direct,26.0,22.901348114013672
2023-02-14,2023-02-14 18:00:00,18,lags_meteo,xgboost_direct,22.0,22.80099105834961
2023-02-14,2023-02-14 19:00:00,19,lags_meteo,xgboost_direct,22.0,22.622509002685547
2023-02-14,2023-02-14 20:00:00,20,lags_meteo,xgboost_direct,26.0,23.979835510253906
2023-02-14,2023-02-14 21:00:00,21,lags_meteo,xgboost_direct,24.0,23.756317138671875
2023-02-14,2023-02-14 22:00:00,22,lags_meteo,xgboost_direct,24.0,23.433067321777344
2023-02-14,2023-02-14 23:00:00,23,lags_meteo,xgboost_direct,24.0,22.29082679748535
2023-02-14,2023-02-15 00:00:00,24,lags_meteo,xgboost_direct,22.0,23.172513961791992
2023-02-15,2023-02-15 01:00:00,1,lags_meteo,xgboost_direct,22.0,24.42919158935547
2023-02-15,2023-02-15 02:00:00,2,lags_meteo,xgboost_direct,20.0,23.068342208862305
2023-02-15,2023-02-15 03:00:00,3,lags_meteo,xgboost_direct,21.0,21.69078826904297
2023-02-15,2023-02-15 04:00:00,4,lags_meteo,xgboost_direct,18.0,19.949687957763672
2023-02-15,2023-02-15 05:00:00,5,lags_meteo,xgboost_direct,21.0,18.00775909423828
2023-02-15,2023-02-15 06:00:00,6,lags_meteo,xgboost_direct,21.0,17.871196746826172
2023-02-15,2023-02-15 07:00:00,7,lags_meteo,xgboost_direct,21.0,17.610769271850586
2023-02-15,2023-02-15 08:00:00,8,lags_meteo,xgboost_direct,23.0,18.343860626220703
2023-02-15,2023-02-15 09:00:00,9,lags_meteo,xgboost_direct,24.0,20.406177520751953
2023-02-15,2023-02-15 10:00:00,10,lags_meteo,xgboost_direct,26.0,24.38367462158203
2023-02-15,2023-02-15 11:00:00,11,lags_meteo,xgboost_direct,20.0,26.84490966796875
2023-02-15,2023-02-15 12:00:00,12,lags_meteo,xgboost_direct,20.0,25.979751586914062
2023-02-15,2023-02-15 13:00:00,13,lags_meteo,xgboost_direct,24.0,24.482643127441406
2023-02-15,2023-02-15 14:00:00,14,lags_meteo,xgboost_direct,7.0,22.99066734313965
2023-02-15,2023-02-15 15:00:00,15,lags_meteo,xgboost_direct,17.0,22.50763511657715
2023-02-15,2023-02-15 16:00:00,16,lags_meteo,xgboost_direct,26.0,22.85791015625
2023-02-15,2023-02-15 17:00:00,17,lags_meteo,xgboost_direct,27.0,21.940006256103516
2023-02-15,2023-02-15 18:00:00,18,lags_meteo,xgboost_direct,33.0,23.46673011779785
2023-02-15,2023-02-15 19:00:00,19,lags_meteo,xgboost_direct,14.0,24.392751693725586
2023-02-15,2023-02-15 20:00:00,20,lags_meteo,xgboost_direct,31.0,25.315380096435547
2023-02-15,2023-02-15 21:00:00,21,lags_meteo,xgboost_direct,23.0,25.183761596679688
2023-02-15,2023-02-15 22:00:00,22,lags_meteo,xgboost_direct,22.0,26.69745445251465
2023-02-15,2023-02-15 23:00:00,23,lags_meteo,xgboost_direct,28.0,25.64424705505371
2023-02-15,2023-02-16 00:00:00,24,lags_meteo,xgboost_direct,29.0,26.96198272705078
2023-02-16,2023-02-16 01:00:00,1,lags_meteo,xgboost_direct,31.0,25.830032348632812
2023-02-16,2023-02-16 02:00:00,2,lags_meteo,xgboost_direct,29.0,25.594392776489258
2023-02-16,2023-02-16 03:00:00,3,lags_meteo,xgboost_direct,26.0,24.507211685180664
2023-02-16,2023-02-16 04:00:00,4,lags_meteo,xgboost_direct,26.0,23.410602569580078
2023-02-16,2023-02-16 05:00:00,5,lags_meteo,xgboost_direct,26.0,21.446908950805664
2023-02-16,2023-02-16 06:00:00,6,lags_meteo,xgboost_direct,25.0,19.65019416809082
2023-02-16,2023-02-16 07:00:00,7,lags_meteo,xgboost_direct,25.0,20.18316650390625
2023-02-16,2023-02-16 08:00:00,8,lags_meteo,xgboost_direct,28.0,20.66118621826172
2023-02-16,2023-02-16 09:00:00,9,lags_meteo,xgboost_direct,29.0,22.89161491394043
2023-02-16,2023-02-16 10:00:00,10,lags_meteo,xgboost_direct,27.0,28.257362365722656
2023-02-16,2023-02-16 11:00:00,11,lags_meteo,xgboost_direct,26.0,30.820980072021484
2023-02-16,2023-02-16 12:00:00,12,lags_meteo,xgboost_direct,29.0,30.34160041809082
2023-02-16,2023-02-16 13:00:00,13,lags_meteo,xgboost_direct,25.0,30.146469116210938
2023-02-16,2023-02-16 14:00:00,14,lags_meteo,xgboost_direct,28.0,30.573814392089844
2023-02-16,2023-02-16 15:00:00,15,lags_meteo,xgboost_direct,18.0,30.781673431396484
2023-02-16,2023-02-16 16:00:00,16,lags_meteo,xgboost_direct,15.0,30.908767700195312
2023-02-16,2023-02-16 17:00:00,17,lags_meteo,xgboost_direct,14.0,30.345277786254883
2023-02-16,2023-02-16 18:00:00,18,lags_meteo,xgboost_direct,15.0,35.66425323486328
2023-02-16,2023-02-16 19:00:00,19,lags_meteo,xgboost_direct,17.0,32.25737762451172
2023-02-16,2023-02-16 20:00:00,20,lags_meteo,xgboost_direct,20.0,39.72518539428711
2023-02-16,2023-02-16 21:00:00,21,lags_meteo,xgboost_direct,23.0,31.031688690185547
2023-02-16,2023-02-16 22:00:00,22,lags_meteo,xgboost_direct,25.0,29.017715454101562
2023-02-16,2023-02-16 23:00:00,23,lags_meteo,xgboost_direct,25.0,30.629825592041016
2023-02-16,2023-02-17 00:00:00,24,lags_meteo,xgboost_direct,20.0,30.008188247680664
2023-02-17,2023-02-17 01:00:00,1,lags_meteo,xgboost_direct,17.0,23.30825424194336
2023-02-17,2023-02-17 02:00:00,2,lags_meteo,xgboost_direct,16.0,22.779197692871094
2023-02-17,2023-02-17 03:00:00,3,lags_meteo,xgboost_direct,18.0,21.714481353759766
2023-02-17,2023-02-17 04:00:00,4,lags_meteo,xgboost_direct,19.0,23.518537521362305
2023-02-17,2023-02-17 05:00:00,5,lags_meteo,xgboost_direct,19.0,19.753421783447266
2023-02-17,2023-02-17 06:00:00,6,lags_meteo,xgboost_direct,19.0,19.918956756591797
2023-02-17,2023-02-17 07:00:00,7,lags_meteo,xgboost_direct,19.0,18.95720863342285
2023-02-17,2023-02-17 08:00:00,8,lags_meteo,xgboost_direct,21.0,21.35267448425293
2023-02-17,2023-02-17 09:00:00,9,lags_meteo,xgboost_direct,24.0,25.200382232666016
2023-02-17,2023-02-17 10:00:00,10,lags_meteo,xgboost_direct,28.0,28.571216583251953
2023-02-17,2023-02-17 11:00:00,11,lags_meteo,xgboost_direct,27.0,34.53815841674805
2023-02-17,2023-02-17 12:00:00,12,lags_meteo,xgboost_direct,23.0,33.68349075317383
2023-02-17,2023-02-17 13:00:00,13,lags_meteo,xgboost_direct,20.0,28.79594612121582
2023-02-17,2023-02-17 14:00:00,14,lags_meteo,xgboost_direct,20.0,35.7608757019043
2023-02-17,2023-02-17 15:00:00,15,lags_meteo,xgboost_direct,16.0,28.493677139282227
2023-02-17,2023-02-17 16:00:00,16,lags_meteo,xgboost_direct,14.0,26.66993522644043
2023-02-17,2023-02-17 17:00:00,17,lags_meteo,xgboost_direct,16.0,23.34819793701172
2023-02-17,2023-02-17 18:00:00,18,lags_meteo,xgboost_direct,14.0,22.978120803833008
2023-02-17,2023-02-17 19:00:00,19,lags_meteo,xgboost_direct,18.0,23.62936019897461
2023-02-17,2023-02-17 20:00:00,20,lags_meteo,xgboost_direct,16.0,21.631746292114258
2023-02-17,2023-02-17 21:00:00,21,lags_meteo,xgboost_direct,19.0,19.873065948486328
2023-02-17,2023-02-17 22:00:00,22,lags_meteo,xgboost_direct,21.0,26.103242874145508
2023-02-17,2023-02-17 23:00:00,23,lags_meteo,xgboost_direct,21.0,25.42378044128418
2023-02-17,2023-02-18 00:00:00,24,lags_meteo,xgboost_direct,20.0,24.40928840637207
2023-02-18,2023-02-18 01:00:00,1,lags_meteo,xgboost_direct,18.0,18.869346618652344
2023-02-18,2023-02-18 02:00:00,2,lags_meteo,xgboost_direct,19.0,19.16141128540039
2023-02-18,2023-02-18 03:00:00,3,lags_meteo,xgboost_direct,19.0,19.65903663635254
2023-02-18,2023-02-18 04:00:00,4,lags_meteo,xgboost_direct,17.0,16.696796417236328
2023-02-18,2023-02-18 05:00:00,5,lags_meteo,xgboost_direct,16.0,17.274614334106445
2023-02-18,2023-02-18 06:00:00,6,lags_meteo,xgboost_direct,15.0,17.537601470947266
2023-02-18,2023-02-18 07:00:00,7,lags_meteo,xgboost_direct,14.0,19.369770050048828
2023-02-18,2023-02-18 08:00:00,8,lags_meteo,xgboost_direct,15.0,21.95397186279297
2023-02-18,2023-02-18 09:00:00,9,lags_meteo,xgboost_direct,16.0,21.780229568481445
2023-02-18,2023-02-18 10:00:00,10,lags_meteo,xgboost_direct,10.0,27.09502601623535
2023-02-18,2023-02-18 11:00:00,11,lags_meteo,xgboost_direct,16.0,30.792795181274414
2023-02-18,2023-02-18 12:00:00,12,lags_meteo,xgboost_direct,21.0,29.344497680664062
2023-02-18,2023-02-18 13:00:00,13,lags_meteo,xgboost_direct,20.0,27.463552474975586
2023-02-18,2023-02-18 14:00:00,14,lags_meteo,xgboost_direct,22.0,25.07815933227539
2023-02-18,2023-02-18 15:00:00,15,lags_meteo,xgboost_direct,23.0,25.79315948486328
2023-02-18,2023-02-18 16:00:00,16,lags_meteo,xgboost_direct,24.0,17.919836044311523
2023-02-18,2023-02-18 17:00:00,17,lags_meteo,xgboost_direct,24.0,18.805681228637695
2023-02-18,2023-02-18 18:00:00,18,lags_meteo,xgboost_direct,24.0,18.608036041259766
2023-02-18,2023-02-18 19:00:00,19,lags_meteo,xgboost_direct,21.0,22.77128028869629
2023-02-18,2023-02-18 20:00:00,20,lags_meteo,xgboost_direct,23.0,26.071014404296875
2023-02-18,2023-02-18 21:00:00,21,lags_meteo,xgboost_direct,33.0,24.203262329101562
2023-02-18,2023-02-18 22:00:00,22,lags_meteo,xgboost_direct,31.0,26.967721939086914
2023-02-18,2023-02-18 23:00:00,23,lags_meteo,xgboost_direct,34.0,24.553573608398438
2023-02-18,2023-02-19 00:00:00,24,lags_meteo,xgboost_direct,32.0,27.33674430847168
2023-02-19,2023-02-19 01:00:00,1,lags_meteo,xgboost_direct,31.0,28.86884307861328
2023-02-19,2023-02-19 02:00:00,2,lags_meteo,xgboost_direct,27.0,27.274341583251953
2023-02-19,2023-02-19 03:00:00,3,lags_meteo,xgboost_direct,32.0,25.046472549438477
2023-02-19,2023-02-19 04:00:00,4,lags_meteo,xgboost_direct,31.0,23.701807022094727
2023-02-19,2023-02-19 05:00:00,5,lags_meteo,xgboost_direct,35.0,21.75650978088379
2023-02-19,2023-02-19 06:00:00,6,lags_meteo,xgboost_direct,33.0,20.850950241088867
2023-02-19,2023-02-19 07:00:00,7,lags_meteo,xgboost_direct,32.0,19.464767456054688
2023-02-19,2023-02-19 08:00:00,8,lags_meteo,xgboost_direct,32.0,18.43988037109375
2023-02-19,2023-02-19 09:00:00,9,lags_meteo,xgboost_direct,29.0,20.98858070373535
2023-02-19,2023-02-19 10:00:00,10,lags_meteo,xgboost_direct,29.0,23.95087242126465
2023-02-19,2023-02-19 11:00:00,11,lags_meteo,xgboost_direct,28.0,28.118831634521484
2023-02-19,2023-02-19 12:00:00,12,lags_meteo,xgboost_direct,35.0,27.002479553222656
2023-02-19,2023-02-19 13:00:00,13,lags_meteo,xgboost_direct,38.0,27.50124740600586
2023-02-19,2023-02-19 14:00:00,14,lags_meteo,xgboost_direct,22.0,26.913747787475586
2023-02-19,2023-02-19 15:00:00,15,lags_meteo,xgboost_direct,27.0,25.77720832824707
2023-02-19,2023-02-19 16:00:00,16,lags_meteo,xgboost_direct,23.0,27.90455436706543
2023-02-19,2023-02-19 17:00:00,17,lags_meteo,xgboost_direct,23.0,33.595829010009766
2023-02-19,2023-02-19 18:00:00,18,lags_meteo,xgboost_direct,29.0,30.795705795288086
2023-02-19,2023-02-19 19:00:00,19,lags_meteo,xgboost_direct,29.0,28.572919845581055
2023-02-19,2023-02-19 20:00:00,20,lags_meteo,xgboost_direct,36.0,29.548797607421875
2023-02-19,2023-02-19 21:00:00,21,lags_meteo,xgboost_direct,49.0,29.02659034729004
2023-02-19,2023-02-19 22:00:00,22,lags_meteo,xgboost_direct,38.0,25.842836380004883
2023-02-19,2023-02-19 23:00:00,23,lags_meteo,xgboost_direct,36.0,25.376323699951172
2023-02-19,2023-02-20 00:00:00,24,lags_meteo,xgboost_direct,40.0,25.53561782836914
2023-02-20,2023-02-20 01:00:00,1,lags_meteo,xgboost_direct,36.0,34.05760192871094
2023-02-20,2023-02-20 02:00:00,2,lags_meteo,xgboost_direct,34.0,32.712982177734375
2023-02-20,2023-02-20 03:00:00,3,lags_meteo,xgboost_direct,31.0,31.950645446777344
2023-02-20,2023-02-20 04:00:00,4,lags_meteo,xgboost_direct,32.0,31.55525779724121
2023-02-20,2023-02-20 05:00:00,5,lags_meteo,xgboost_direct,33.0,30.147613525390625
2023-02-20,2023-02-20 06:00:00,6,lags_meteo,xgboost_direct,33.0,30.133203506469727
2023-02-20,2023-02-20 07:00:00,7,lags_meteo,xgboost_direct,36.0,30.329654693603516
2023-02-20,2023-02-20 08:00:00,8,lags_meteo,xgboost_direct,35.0,32.14353942871094
2023-02-20,2023-02-20 09:00:00,9,lags_meteo,xgboost_direct,36.0,36.81884002685547
2023-02-20,2023-02-20 10:00:00,10,lags_meteo,xgboost_direct,44.0,37.70896911621094
2023-02-20,2023-02-20 11:00:00,11,lags_meteo,xgboost_direct,55.0,40.39934539794922
2023-02-20,2023-02-20 12:00:00,12,lags_meteo,xgboost_direct,20.0,40.33810806274414
2023-02-20,2023-02-20 13:00:00,13,lags_meteo,xgboost_direct,14.0,38.73961639404297
2023-02-20,2023-02-20 14:00:00,14,lags_meteo,xgboost_direct,24.0,39.09429168701172
2023-02-20,2023-02-20 15:00:00,15,lags_meteo,xgboost_direct,24.0,37.98997497558594
2023-02-20,2023-02-20 16:00:00,16,lags_meteo,xgboost_direct,26.0,36.88634490966797
2023-02-20,2023-02-20 17:00:00,17,lags_meteo,xgboost_direct,30.0,36.99678421020508
2023-02-20,2023-02-20 18:00:00,18,lags_meteo,xgboost_direct,32.0,40.04375076293945
2023-02-20,2023-02-20 19:00:00,19,lags_meteo,xgboost_direct,29.0,39.48588943481445
2023-02-20,2023-02-20 20:00:00,20,lags_meteo,xgboost_direct,29.0,40.11812973022461
2023-02-20,2023-02-20 21:00:00,21,lags_meteo,xgboost_direct,31.0,40.50864028930664
2023-02-20,2023-02-20 22:00:00,22,lags_meteo,xgboost_direct,31.0,38.65070343017578
2023-02-20,2023-02-20 23:00:00,23,lags_meteo,xgboost_direct,30.0,36.93292236328125
2023-02-20,2023-02-21 00:00:00,24,lags_meteo,xgboost_direct,26.0,33.804317474365234
2023-02-21,2023-02-21 01:00:00,1,lags_meteo,xgboost_direct,27.0,28.238183975219727
2023-02-21,2023-02-21 02:00:00,2,lags_meteo,xgboost_direct,29.0,26.959596633911133
2023-02-21,2023-02-21 03:00:00,3,lags_meteo,xgboost_direct,25.0,26.356090545654297
2023-02-21,2023-02-21 04:00:00,4,lags_meteo,xgboost_direct,23.0,24.99659538269043
2023-02-21,2023-02-21 05:00:00,5,lags_meteo,xgboost_direct,26.0,24.6898193359375
2023-02-21,2023-02-21 06:00:00,6,lags_meteo,xgboost_direct,24.0,24.04374885559082
2023-02-21,2023-02-21 07:00:00,7,lags_meteo,xgboost_direct,23.0,24.487693786621094
2023-02-21,2023-02-21 08:00:00,8,lags_meteo,xgboost_direct,24.0,25.536165237426758
2023-02-21,2023-02-21 09:00:00,9,lags_meteo,xgboost_direct,29.0,28.179767608642578
2023-02-21,2023-02-21 10:00:00,10,lags_meteo,xgboost_direct,34.0,30.37842559814453
2023-02-21,2023-02-21 11:00:00,11,lags_meteo,xgboost_direct,28.0,28.723506927490234
2023-02-21,2023-02-21 12:00:00,12,lags_meteo,xgboost_direct,53.0,29.504854202270508
2023-02-21,2023-02-21 13:00:00,13,lags_meteo,xgboost_direct,50.0,28.922103881835938
2023-02-21,2023-02-21 14:00:00,14,lags_meteo,xgboost_direct,44.0,30.01187515258789
2023-02-21,2023-02-21 15:00:00,15,lags_meteo,xgboost_direct,57.0,30.00163459777832
2023-02-21,2023-02-21 16:00:00,16,lags_meteo,xgboost_direct,67.0,31.60015869140625
2023-02-21,2023-02-21 17:00:00,17,lags_meteo,xgboost_direct,72.0,32.80219268798828
2023-02-21,2023-02-21 18:00:00,18,lags_meteo,xgboost_direct,70.0,36.318565368652344
2023-02-21,2023-02-21 19:00:00,19,lags_meteo,xgboost_direct,62.0,33.69916534423828
2023-02-21,2023-02-21 20:00:00,20,lags_meteo,xgboost_direct,38.0,32.92240905761719
2023-02-21,2023-02-21 21:00:00,21,lags_meteo,xgboost_direct,60.0,35.503292083740234
2023-02-21,2023-02-21 22:00:00,22,lags_meteo,xgboost_direct,64.0,35.71598815917969
2023-02-21,2023-02-21 23:00:00,23,lags_meteo,xgboost_direct,72.0,34.57782745361328
2023-02-21,2023-02-22 00:00:00,24,lags_meteo,xgboost_direct,77.0,32.280059814453125
2023-02-22,2023-02-22 01:00:00,1,lags_meteo,xgboost_direct,87.0,71.73969268798828
2023-02-22,2023-02-22 02:00:00,2,lags_meteo,xgboost_direct,81.0,70.49276733398438
2023-02-22,2023-02-22 03:00:00,3,lags_meteo,xgboost_direct,76.0,65.8492431640625
2023-02-22,2023-02-22 04:00:00,4,lags_meteo,xgboost_direct,72.0,64.33277893066406
2023-02-22,2023-02-22 05:00:00,5,lags_meteo,xgboost_direct,70.0,58.8846435546875
2023-02-22,2023-02-22 06:00:00,6,lags_meteo,xgboost_direct,71.0,53.67599105834961
2023-02-22,2023-02-22 07:00:00,7,lags_meteo,xgboost_direct,71.0,53.45624542236328
2023-02-22,2023-02-22 08:00:00,8,lags_meteo,xgboost_direct,76.0,53.39649963378906
2023-02-22,2023-02-22 09:00:00,9,lags_meteo,xgboost_direct,73.0,56.186668395996094
2023-02-22,2023-02-22 10:00:00,10,lags_meteo,xgboost_direct,70.0,58.460906982421875
2023-02-22,2023-02-22 11:00:00,11,lags_meteo,xgboost_direct,84.0,67.02363586425781
2023-02-22,2023-02-22 12:00:00,12,lags_meteo,xgboost_direct,108.0,62.08542251586914
2023-02-22,2023-02-22 13:00:00,13,lags_meteo,xgboost_direct,87.0,59.12312698364258
2023-02-22,2023-02-22 14:00:00,14,lags_meteo,xgboost_direct,87.0,58.89828109741211
2023-02-22,2023-02-22 15:00:00,15,lags_meteo,xgboost_direct,81.0,52.013179779052734
2023-02-22,2023-02-22 16:00:00,16,lags_meteo,xgboost_direct,80.0,49.06179428100586
2023-02-22,2023-02-22 17:00:00,17,lags_meteo,xgboost_direct,76.0,48.74565505981445
2023-02-22,2023-02-22 18:00:00,18,lags_meteo,xgboost_direct,76.0,49.21195602416992
2023-02-22,2023-02-22 19:00:00,19,lags_meteo,xgboost_direct,85.0,48.57128143310547
2023-02-22,2023-02-22 20:00:00,20,lags_meteo,xgboost_direct,98.0,46.322628021240234
2023-02-22,2023-02-22 21:00:00,21,lags_meteo,xgboost_direct,88.0,45.93547821044922
2023-02-22,2023-02-22 22:00:00,22,lags_meteo,xgboost_direct,102.0,44.432579040527344
2023-02-22,2023-02-22 23:00:00,23,lags_meteo,xgboost_direct,99.0,45.035152435302734
2023-02-22,2023-02-23 00:00:00,24,lags_meteo,xgboost_direct,106.0,42.63027572631836
2023-02-23,2023-02-23 01:00:00,1,lags_meteo,xgboost_direct,102.0,82.87113952636719
2023-02-23,2023-02-23 02:00:00,2,lags_meteo,xgboost_direct,92.0,74.76007843017578
2023-02-23,2023-02-23 03:00:00,3,lags_meteo,xgboost_direct,77.0,67.63876342773438
2023-02-23,2023-02-23 04:00:00,4,lags_meteo,xgboost_direct,71.0,65.35448455810547
2023-02-23,2023-02-23 05:00:00,5,lags_meteo,xgboost_direct,76.0,66.70540618896484
2023-02-23,2023-02-23 06:00:00,6,lags_meteo,xgboost_direct,73.0,67.18383026123047
2023-02-23,2023-02-23 07:00:00,7,lags_meteo,xgboost_direct,70.0,63.13421630859375
2023-02-23,2023-02-23 08:00:00,8,lags_meteo,xgboost_direct,65.0,63.4693489074707
2023-02-23,2023-02-23 09:00:00,9,lags_meteo,xgboost_direct,58.0,59.06070327758789
2023-02-23,2023-02-23 10:00:00,10,lags_meteo,xgboost_direct,34.0,65.42737579345703
2023-02-23,2023-02-23 11:00:00,11,lags_meteo,xgboost_direct,18.0,67.07481384277344
2023-02-23,2023-02-23 12:00:00,12,lags_meteo,xgboost_direct,29.0,59.9329719543457
2023-02-23,2023-02-23 13:00:00,13,lags_meteo,xgboost_direct,29.0,56.141998291015625
2023-02-23,2023-02-23 14:00:00,14,lags_meteo,xgboost_direct,23.0,49.569671630859375
2023-02-23,2023-02-23 15:00:00,15,lags_meteo,xgboost_direct,14.0,47.02189254760742
2023-02-23,2023-02-23 16:00:00,16,lags_meteo,xgboost_direct,13.0,52.937705993652344
2023-02-23,2023-02-23 17:00:00,17,lags_meteo,xgboost_direct,11.0,59.59070587158203
2023-02-23,2023-02-23 18:00:00,18,lags_meteo,xgboost_direct,14.0,63.818458557128906
2023-02-23,2023-02-23 19:00:00,19,lags_meteo,xgboost_direct,14.0,55.84376907348633
2023-02-23,2023-02-23 20:00:00,20,lags_meteo,xgboost_direct,11.0,51.19059753417969
2023-02-23,2023-02-23 21:00:00,21,lags_meteo,xgboost_direct,15.0,54.593692779541016
2023-02-23,2023-02-23 22:00:00,22,lags_meteo,xgboost_direct,18.0,59.0832405090332
2023-02-23,2023-02-23 23:00:00,23,lags_meteo,xgboost_direct,14.0,57.205596923828125
2023-02-23,2023-02-24 00:00:00,24,lags_meteo,xgboost_direct,14.0,55.6317253112793
2023-02-24,2023-02-24 01:00:00,1,lags_meteo,xgboost_direct,11.0,15.304117202758789
2023-02-24,2023-02-24 02:00:00,2,lags_meteo,xgboost_direct,13.0,15.93995189666748
2023-02-24,2023-02-24 03:00:00,3,lags_meteo,xgboost_direct,11.0,15.286251068115234
2023-02-24,2023-02-24 04:00:00,4,lags_meteo,xgboost_direct,11.0,16.50295639038086
2023-02-24,2023-02-24 05:00:00,5,lags_meteo,xgboost_direct,32.0,15.854907035827637
2023-02-24,2023-02-24 06:00:00,6,lags_meteo,xgboost_direct,16.0,13.989686012268066
2023-02-24,2023-02-24 07:00:00,7,lags_meteo,xgboost_direct,3.0,15.430599212646484
2023-02-24,2023-02-24 08:00:00,8,lags_meteo,xgboost_direct,3.0,16.894845962524414
2023-02-24,2023-02-24 09:00:00,9,lags_meteo,xgboost_direct,26.0,20.757469177246094
2023-02-24,2023-02-24 10:00:00,10,lags_meteo,xgboost_direct,26.0,22.671890258789062
2023-02-24,2023-02-24 11:00:00,11,lags_meteo,xgboost_direct,27.0,25.67141342163086
2023-02-24,2023-02-24 12:00:00,12,lags_meteo,xgboost_direct,22.0,24.556650161743164
2023-02-24,2023-02-24 13:00:00,13,lags_meteo,xgboost_direct,21.0,26.320512771606445
2023-02-24,2023-02-24 14:00:00,14,lags_meteo,xgboost_direct,18.0,20.032733917236328
2023-02-24,2023-02-24 15:00:00,15,lags_meteo,xgboost_direct,14.0,27.377809524536133
2023-02-24,2023-02-24 16:00:00,16,lags_meteo,xgboost_direct,15.0,22.570375442504883
2023-02-24,2023-02-24 17:00:00,17,lags_meteo,xgboost_direct,8.0,19.918041229248047
2023-02-24,2023-02-24 18:00:00,18,lags_meteo,xgboost_direct,15.0,23.40123176574707
2023-02-24,2023-02-24 19:00:00,19,lags_meteo,xgboost_direct,16.0,21.403661727905273
2023-02-24,2023-02-24 20:00:00,20,lags_meteo,xgboost_direct,17.0,16.955039978027344
2023-02-24,2023-02-24 21:00:00,21,lags_meteo,xgboost_direct,18.0,21.869707107543945
2023-02-24,2023-02-24 22:00:00,22,lags_meteo,xgboost_direct,17.0,24.185951232910156
2023-02-24,2023-02-24 23:00:00,23,lags_meteo,xgboost_direct,21.0,26.692758560180664
2023-02-24,2023-02-25 00:00:00,24,lags_meteo,xgboost_direct,23.0,23.296720504760742
2023-02-25,2023-02-25 01:00:00,1,lags_meteo,xgboost_direct,24.0,18.718698501586914
2023-02-25,2023-02-25 02:00:00,2,lags_meteo,xgboost_direct,22.0,20.365436553955078
2023-02-25,2023-02-25 03:00:00,3,lags_meteo,xgboost_direct,20.0,17.597869873046875
2023-02-25,2023-02-25 04:00:00,4,lags_meteo,xgboost_direct,21.0,21.096675872802734
2023-02-25,2023-02-25 05:00:00,5,lags_meteo,xgboost_direct,16.0,18.00529670715332
2023-02-25,2023-02-25 06:00:00,6,lags_meteo,xgboost_direct,14.0,17.836109161376953
2023-02-25,2023-02-25 07:00:00,7,lags_meteo,xgboost_direct,20.0,18.245044708251953
2023-02-25,2023-02-25 08:00:00,8,lags_meteo,xgboost_direct,24.0,16.735652923583984
2023-02-25,2023-02-25 09:00:00,9,lags_meteo,xgboost_direct,25.0,18.608135223388672
2023-02-25,2023-02-25 10:00:00,10,lags_meteo,xgboost_direct,27.0,23.14995765686035
2023-02-25,2023-02-25 11:00:00,11,lags_meteo,xgboost_direct,28.0,26.869043350219727
2023-02-25,2023-02-25 12:00:00,12,lags_meteo,xgboost_direct,30.0,29.531614303588867
2023-02-25,2023-02-25 13:00:00,13,lags_meteo,xgboost_direct,22.0,30.891908645629883
2023-02-25,2023-02-25 14:00:00,14,lags_meteo,xgboost_direct,19.0,24.274459838867188
2023-02-25,2023-02-25 15:00:00,15,lags_meteo,xgboost_direct,21.0,20.268699645996094
2023-02-25,2023-02-25 16:00:00,16,lags_meteo,xgboost_direct,22.0,20.623600006103516
2023-02-25,2023-02-25 17:00:00,17,lags_meteo,xgboost_direct,18.0,21.195772171020508
2023-02-25,2023-02-25 18:00:00,18,lags_meteo,xgboost_direct,17.0,19.921415328979492
2023-02-25,2023-02-25 19:00:00,19,lags_meteo,xgboost_direct,15.0,17.868654251098633
2023-02-25,2023-02-25 20:00:00,20,lags_meteo,xgboost_direct,21.0,17.980661392211914
2023-02-25,2023-02-25 21:00:00,21,lags_meteo,xgboost_direct,22.0,23.306886672973633
2023-02-25,2023-02-25 22:00:00,22,lags_meteo,xgboost_direct,25.0,18.865880966186523
2023-02-25,2023-02-25 23:00:00,23,lags_meteo,xgboost_direct,21.0,16.921607971191406
2023-02-25,2023-02-26 00:00:00,24,lags_meteo,xgboost_direct,23.0,19.329437255859375
2023-02-26,2023-02-26 01:00:00,1,lags_meteo,xgboost_direct,22.0,20.417682647705078
2023-02-26,2023-02-26 02:00:00,2,lags_meteo,xgboost_direct,24.0,19.469219207763672
2023-02-26,2023-02-26 03:00:00,3,lags_meteo,xgboost_direct,22.0,18.870946884155273
2023-02-26,2023-02-26 04:00:00,4,lags_meteo,xgboost_direct,26.0,17.529756546020508
2023-02-26,2023-02-26 05:00:00,5,lags_meteo,xgboost_direct,21.0,16.614730834960938
2023-02-26,2023-02-26 06:00:00,6,lags_meteo,xgboost_direct,22.0,16.2254638671875
2023-02-26,2023-02-26 07:00:00,7,lags_meteo,xgboost_direct,21.0,18.143306732177734
2023-02-26,2023-02-26 08:00:00,8,lags_meteo,xgboost_direct,25.0,17.36407470703125
2023-02-26,2023-02-26 09:00:00,9,lags_meteo,xgboost_direct,29.0,20.33525276184082
2023-02-26,2023-02-26 10:00:00,10,lags_meteo,xgboost_direct,33.0,21.39935302734375
2023-02-26,2023-02-26 11:00:00,11,lags_meteo,xgboost_direct,27.0,27.856826782226562
2023-02-26,2023-02-26 12:00:00,12,lags_meteo,xgboost_direct,21.0,29.305143356323242
2023-02-26,2023-02-26 13:00:00,13,lags_meteo,xgboost_direct,21.0,42.766868591308594
2023-02-26,2023-02-26 14:00:00,14,lags_meteo,xgboost_direct,20.0,23.929821014404297
2023-02-26,2023-02-26 15:00:00,15,lags_meteo,xgboost_direct,14.0,24.290782928466797
2023-02-26,2023-02-26 16:00:00,16,lags_meteo,xgboost_direct,14.0,22.757078170776367
2023-02-26,2023-02-26 17:00:00,17,lags_meteo,xgboost_direct,13.0,20.209125518798828
2023-02-26,2023-02-26 18:00:00,18,lags_meteo,xgboost_direct,16.0,19.309741973876953
2023-02-26,2023-02-26 19:00:00,19,lags_meteo,xgboost_direct,18.0,20.3044490814209
2023-02-26,2023-02-26 20:00:00,20,lags_meteo,xgboost_direct,17.0,17.761882781982422
2023-02-26,2023-02-26 21:00:00,21,lags_meteo,xgboost_direct,15.0,22.4580078125
2023-02-26,2023-02-26 22:00:00,22,lags_meteo,xgboost_direct,18.0,29.883264541625977
2023-02-26,2023-02-26 23:00:00,23,lags_meteo,xgboost_direct,15.0,23.338830947875977
2023-02-26,2023-02-27 00:00:00,24,lags_meteo,xgboost_direct,12.0,23.157562255859375
2023-02-27,2023-02-27 01:00:00,1,lags_meteo,xgboost_direct,11.0,15.720869064331055
2023-02-27,2023-02-27 02:00:00,2,lags_meteo,xgboost_direct,12.0,14.617988586425781
2023-02-27,2023-02-27 03:00:00,3,lags_meteo,xgboost_direct,12.0,14.28778076171875
2023-02-27,2023-02-27 04:00:00,4,lags_meteo,xgboost_direct,14.0,14.00611400604248
2023-02-27,2023-02-27 05:00:00,5,lags_meteo,xgboost_direct,11.0,13.553506851196289
2023-02-27,2023-02-27 06:00:00,6,lags_meteo,xgboost_direct,14.0,13.385009765625
2023-02-27,2023-02-27 07:00:00,7,lags_meteo,xgboost_direct,15.0,13.95077896118164
2023-02-27,2023-02-27 08:00:00,8,lags_meteo,xgboost_direct,13.0,17.06096839904785
2023-02-27,2023-02-27 09:00:00,9,lags_meteo,xgboost_direct,13.0,21.38296890258789
2023-02-27,2023-02-27 10:00:00,10,lags_meteo,xgboost_direct,11.0,25.68482780456543
2023-02-27,2023-02-27 11:00:00,11,lags_meteo,xgboost_direct,11.0,25.051063537597656
2023-02-27,2023-02-27 12:00:00,12,lags_meteo,xgboost_direct,9.0,25.571706771850586
2023-02-27,2023-02-27 13:00:00,13,lags_meteo,xgboost_direct,13.0,27.642004013061523
2023-02-27,2023-02-27 14:00:00,14,lags_meteo,xgboost_direct,14.0,28.29552459716797
2023-02-27,2023-02-27 15:00:00,15,lags_meteo,xgboost_direct,14.0,31.88405990600586
2023-02-27,2023-02-27 16:00:00,16,lags_meteo,xgboost_direct,9.0,25.930776596069336
2023-02-27,2023-02-27 17:00:00,17,lags_meteo,xgboost_direct,12.0,24.754812240600586
2023-02-27,2023-02-27 18:00:00,18,lags_meteo,xgboost_direct,9.0,33.41543960571289
2023-02-27,2023-02-27 19:00:00,19,lags_meteo,xgboost_direct,12.0,34.59284591674805
2023-02-27,2023-02-27 20:00:00,20,lags_meteo,xgboost_direct,11.0,24.383747100830078
2023-02-27,2023-02-27 21:00:00,21,lags_meteo,xgboost_direct,12.0,38.49300765991211
2023-02-27,2023-02-27 22:00:00,22,lags_meteo,xgboost_direct,10.0,35.0936164855957
2023-02-27,2023-02-27 23:00:00,23,lags_meteo,xgboost_direct,8.0,29.064077377319336
2023-02-27,2023-02-28 00:00:00,24,lags_meteo,xgboost_direct,10.0,32.48125457763672
2023-02-28,2023-02-28 01:00:00,1,lags_meteo,xgboost_direct,8.0,9.07572078704834
2023-02-28,2023-02-28 02:00:00,2,lags_meteo,xgboost_direct,11.0,8.242189407348633
2023-02-28,2023-02-28 03:00:00,3,lags_meteo,xgboost_direct,12.0,8.007336616516113
2023-02-28,2023-02-28 04:00:00,4,lags_meteo,xgboost_direct,14.0,8.920257568359375
2023-02-28,2023-02-28 05:00:00,5,lags_meteo,xgboost_direct,15.0,9.872617721557617
2023-02-28,2023-02-28 06:00:00,6,lags_meteo,xgboost_direct,11.0,10.529708862304688
2023-02-28,2023-02-28 07:00:00,7,lags_meteo,xgboost_direct,15.0,11.90926456451416
2023-02-28,2023-02-28 08:00:00,8,lags_meteo,xgboost_direct,13.0,15.411748886108398
2023-02-28,2023-02-28 09:00:00,9,lags_meteo,xgboost_direct,19.0,16.835664749145508
2023-02-28,2023-02-28 10:00:00,10,lags_meteo,xgboost_direct,26.0,21.50173568725586
2023-02-28,2023-02-28 11:00:00,11,lags_meteo,xgboost_direct,20.0,24.455123901367188
2023-02-28,2023-02-28 12:00:00,12,lags_meteo,xgboost_direct,16.0,20.564865112304688
2023-02-28,2023-02-28 13:00:00,13,lags_meteo,xgboost_direct,22.0,20.624162673950195
2023-02-28,2023-02-28 14:00:00,14,lags_meteo,xgboost_direct,17.0,18.855331420898438
2023-02-28,2023-02-28 15:00:00,15,lags_meteo,xgboost_direct,17.0,20.659086227416992
2023-02-28,2023-02-28 16:00:00,16,lags_meteo,xgboost_direct,18.0,19.98651885986328
2023-02-28,2023-02-28 17:00:00,17,lags_meteo,xgboost_direct,14.0,18.38501739501953
2023-02-28,2023-02-28 18:00:00,18,lags_meteo,xgboost_direct,13.0,18.35622787475586
2023-02-28,2023-02-28 19:00:00,19,lags_meteo,xgboost_direct,11.0,18.14804458618164
2023-02-28,2023-02-28 20:00:00,20,lags_meteo,xgboost_direct,13.0,19.671972274780273
2023-02-28,2023-02-28 21:00:00,21,lags_meteo,xgboost_direct,14.0,18.639001846313477
2023-02-28,2023-02-28 22:00:00,22,lags_meteo,xgboost_direct,14.0,21.608625411987305
2023-02-28,2023-02-28 23:00:00,23,lags_meteo,xgboost_direct,12.0,18.79707145690918
2023-02-28,2023-03-01 00:00:00,24,lags_meteo,xgboost_direct,11.0,18.802824020385742
2023-03-01,2023-03-01 01:00:00,1,lags_meteo,xgboost_direct,11.0,12.383419036865234
2023-03-01,2023-03-01 02:00:00,2,lags_meteo,xgboost_direct,12.0,12.610320091247559
2023-03-01,2023-03-01 03:00:00,3,lags_meteo,xgboost_direct,12.0,13.397387504577637
2023-03-01,2023-03-01 04:00:00,4,lags_meteo,xgboost_direct,11.0,12.73198413848877
2023-03-01,2023-03-01 05:00:00,5,lags_meteo,xgboost_direct,17.0,12.838789939880371
2023-03-01,2023-03-01 06:00:00,6,lags_meteo,xgboost_direct,18.0,13.109126091003418
2023-03-01,2023-03-01 07:00:00,7,lags_meteo,xgboost_direct,16.0,12.620749473571777
2023-03-01,2023-03-01 08:00:00,8,lags_meteo,xgboost_direct,16.0,13.727091789245605
2023-03-01,2023-03-01 09:00:00,9,lags_meteo,xgboost_direct,22.0,15.123600959777832
2023-03-01,2023-03-01 10:00:00,10,lags_meteo,xgboost_direct,26.0,17.516685485839844
2023-03-01,2023-03-01 11:00:00,11,lags_meteo,xgboost_direct,25.0,18.715822219848633
2023-03-01,2023-03-01 12:00:00,12,lags_meteo,xgboost_direct,18.0,18.747817993164062
2023-03-01,2023-03-01 13:00:00,13,lags_meteo,xgboost_direct,14.0,16.916025161743164
2023-03-01,2023-03-01 14:00:00,14,lags_meteo,xgboost_direct,13.0,15.738389015197754
2023-03-01,2023-03-01 15:00:00,15,lags_meteo,xgboost_direct,9.0,14.483039855957031
2023-03-01,2023-03-01 16:00:00,16,lags_meteo,xgboost_direct,7.0,13.303656578063965
2023-03-01,2023-03-01 17:00:00,17,lags_meteo,xgboost_direct,11.0,14.337570190429688
2023-03-01,2023-03-01 18:00:00,18,lags_meteo,xgboost_direct,11.0,15.672987937927246
2023-03-01,2023-03-01 19:00:00,19,lags_meteo,xgboost_direct,10.0,15.794111251831055
2023-03-01,2023-03-01 20:00:00,20,lags_meteo,xgboost_direct,10.0,17.333877563476562
2023-03-01,2023-03-01 21:00:00,21,lags_meteo,xgboost_direct,14.0,15.027848243713379
2023-03-01,2023-03-01 22:00:00,22,lags_meteo,xgboost_direct,19.0,15.992012977600098
2023-03-01,2023-03-01 23:00:00,23,lags_meteo,xgboost_direct,21.0,15.605213165283203
2023-03-01,2023-03-02 00:00:00,24,lags_meteo,xgboost_direct,16.0,15.807621002197266
2023-03-02,2023-03-02 01:00:00,1,lags_meteo,xgboost_direct,20.0,17.5595645904541
2023-03-02,2023-03-02 02:00:00,2,lags_meteo,xgboost_direct,20.0,16.832483291625977
2023-03-02,2023-03-02 03:00:00,3,lags_meteo,xgboost_direct,20.0,16.104795455932617
2023-03-02,2023-03-02 04:00:00,4,lags_meteo,xgboost_direct,21.0,14.544078826904297
2023-03-02,2023-03-02 05:00:00,5,lags_meteo,xgboost_direct,17.0,14.373940467834473
2023-03-02,2023-03-02 06:00:00,6,lags_meteo,xgboost_direct,20.0,12.920425415039062
2023-03-02,2023-03-02 07:00:00,7,lags_meteo,xgboost_direct,21.0,13.513266563415527
2023-03-02,2023-03-02 08:00:00,8,lags_meteo,xgboost_direct,7.0,14.426301956176758
2023-03-02,2023-03-02 09:00:00,9,lags_meteo,xgboost_direct,21.0,16.378751754760742
2023-03-02,2023-03-02 10:00:00,10,lags_meteo,xgboost_direct,31.0,19.165769577026367
2023-03-02,2023-03-02 11:00:00,11,lags_meteo,xgboost_direct,22.0,22.081764221191406
2023-03-02,2023-03-02 12:00:00,12,lags_meteo,xgboost_direct,14.0,21.270002365112305
2023-03-02,2023-03-02 13:00:00,13,lags_meteo,xgboost_direct,26.0,19.521337509155273
2023-03-02,2023-03-02 14:00:00,14,lags_meteo,xgboost_direct,45.0,18.407493591308594
2023-03-02,2023-03-02 15:00:00,15,lags_meteo,xgboost_direct,17.0,16.864961624145508
2023-03-02,2023-03-02 16:00:00,16,lags_meteo,xgboost_direct,17.0,15.681879997253418
2023-03-02,2023-03-02 17:00:00,17,lags_meteo,xgboost_direct,22.0,14.585067749023438
2023-03-02,2023-03-02 18:00:00,18,lags_meteo,xgboost_direct,22.0,15.147538185119629
2023-03-02,2023-03-02 19:00:00,19,lags_meteo,xgboost_direct,23.0,15.670071601867676
2023-03-02,2023-03-02 20:00:00,20,lags_meteo,xgboost_direct,17.0,15.642097473144531
2023-03-02,2023-03-02 21:00:00,21,lags_meteo,xgboost_direct,18.0,18.039127349853516
2023-03-02,2023-03-02 22:00:00,22,lags_meteo,xgboost_direct,25.0,17.930681228637695
2023-03-02,2023-03-02 23:00:00,23,lags_meteo,xgboost_direct,21.0,18.50615882873535
2023-03-02,2023-03-03 00:00:00,24,lags_meteo,xgboost_direct,21.0,19.631507873535156
2023-03-03,2023-03-03 01:00:00,1,lags_meteo,xgboost_direct,24.0,18.137493133544922
2023-03-03,2023-03-03 02:00:00,2,lags_meteo,xgboost_direct,25.0,17.269535064697266
2023-03-03,2023-03-03 03:00:00,3,lags_meteo,xgboost_direct,23.0,17.600627899169922
2023-03-03,2023-03-03 04:00:00,4,lags_meteo,xgboost_direct,23.0,16.77545928955078
2023-03-03,2023-03-03 05:00:00,5,lags_meteo,xgboost_direct,20.0,16.5710506439209
2023-03-03,2023-03-03 06:00:00,6,lags_meteo,xgboost_direct,17.0,14.900352478027344
2023-03-03,2023-03-03 07:00:00,7,lags_meteo,xgboost_direct,1.0,15.492928504943848
2023-03-03,2023-03-03 08:00:00,8,lags_meteo,xgboost_direct,13.0,15.540125846862793
2023-03-03,2023-03-03 09:00:00,9,lags_meteo,xgboost_direct,20.0,16.74361801147461
2023-03-03,2023-03-03 10:00:00,10,lags_meteo,xgboost_direct,34.0,20.753448486328125
2023-03-03,2023-03-03 11:00:00,11,lags_meteo,xgboost_direct,37.0,23.492286682128906
2023-03-03,2023-03-03 12:00:00,12,lags_meteo,xgboost_direct,28.0,22.591238021850586
2023-03-03,2023-03-03 13:00:00,13,lags_meteo,xgboost_direct,24.0,21.68973159790039
2023-03-03,2023-03-03 14:00:00,14,lags_meteo,xgboost_direct,24.0,19.584270477294922
2023-03-03,2023-03-03 15:00:00,15,lags_meteo,xgboost_direct,27.0,18.75217628479004
2023-03-03,2023-03-03 16:00:00,16,lags_meteo,xgboost_direct,23.0,18.947921752929688
2023-03-03,2023-03-03 17:00:00,17,lags_meteo,xgboost_direct,25.0,19.841594696044922
2023-03-03,2023-03-03 18:00:00,18,lags_meteo,xgboost_direct,25.0,19.816062927246094
2023-03-03,2023-03-03 19:00:00,19,lags_meteo,xgboost_direct,26.0,21.285675048828125
2023-03-03,2023-03-03 20:00:00,20,lags_meteo,xgboost_direct,15.0,20.585601806640625
2023-03-03,2023-03-03 21:00:00,21,lags_meteo,xgboost_direct,15.0,19.75335121154785
2023-03-03,2023-03-03 22:00:00,22,lags_meteo,xgboost_direct,16.0,18.468013763427734
2023-03-03,2023-03-03 23:00:00,23,lags_meteo,xgboost_direct,17.0,18.98511505126953
2023-03-03,2023-03-04 00:00:00,24,lags_meteo,xgboost_direct,15.0,18.192127227783203
2023-03-04,2023-03-04 01:00:00,1,lags_meteo,xgboost_direct,19.0,17.6354923248291
2023-03-04,2023-03-04 02:00:00,2,lags_meteo,xgboost_direct,16.0,17.081384658813477
2023-03-04,2023-03-04 03:00:00,3,lags_meteo,xgboost_direct,14.0,16.305965423583984
2023-03-04,2023-03-04 04:00:00,4,lags_meteo,xgboost_direct,16.0,14.868229866027832
2023-03-04,2023-03-04 05:00:00,5,lags_meteo,xgboost_direct,19.0,14.280335426330566
2023-03-04,2023-03-04 06:00:00,6,lags_meteo,xgboost_direct,17.0,13.691991806030273
2023-03-04,2023-03-04 07:00:00,7,lags_meteo,xgboost_direct,16.0,13.66607666015625
2023-03-04,2023-03-04 08:00:00,8,lags_meteo,xgboost_direct,20.0,14.353687286376953
2023-03-04,2023-03-04 09:00:00,9,lags_meteo,xgboost_direct,22.0,16.75022315979004
2023-03-04,2023-03-04 10:00:00,10,lags_meteo,xgboost_direct,16.0,21.181612014770508
2023-03-04,2023-03-04 11:00:00,11,lags_meteo,xgboost_direct,16.0,23.823930740356445
2023-03-04,2023-03-04 12:00:00,12,lags_meteo,xgboost_direct,16.0,23.894657135009766
2023-03-04,2023-03-04 13:00:00,13,lags_meteo,xgboost_direct,10.0,22.71354103088379
2023-03-04,2023-03-04 14:00:00,14,lags_meteo,xgboost_direct,14.0,19.708887100219727
2023-03-04,2023-03-04 15:00:00,15,lags_meteo,xgboost_direct,15.0,19.792625427246094
2023-03-04,2023-03-04 16:00:00,16,lags_meteo,xgboost_direct,22.0,19.19087028503418
2023-03-04,2023-03-04 17:00:00,17,lags_meteo,xgboost_direct,23.0,18.332923889160156
2023-03-04,2023-03-04 18:00:00,18,lags_meteo,xgboost_direct,16.0,19.049514770507812
2023-03-04,2023-03-04 19:00:00,19,lags_meteo,xgboost_direct,14.0,19.686973571777344
2023-03-04,2023-03-04 20:00:00,20,lags_meteo,xgboost_direct,19.0,19.808574676513672
2023-03-04,2023-03-04 21:00:00,21,lags_meteo,xgboost_direct,21.0,17.865732192993164
2023-03-04,2023-03-04 22:00:00,22,lags_meteo,xgboost_direct,22.0,15.519134521484375
2023-03-04,2023-03-04 23:00:00,23,lags_meteo,xgboost_direct,26.0,15.877461433410645
2023-03-04,2023-03-05 00:00:00,24,lags_meteo,xgboost_direct,28.0,16.194913864135742
2023-03-05,2023-03-05 01:00:00,1,lags_meteo,xgboost_direct,29.0,20.981700897216797
2023-03-05,2023-03-05 02:00:00,2,lags_meteo,xgboost_direct,33.0,20.19151496887207
2023-03-05,2023-03-05 03:00:00,3,lags_meteo,xgboost_direct,28.0,18.884668350219727
2023-03-05,2023-03-05 04:00:00,4,lags_meteo,xgboost_direct,30.0,17.294055938720703
2023-03-05,2023-03-05 05:00:00,5,lags_meteo,xgboost_direct,27.0,15.672675132751465
2023-03-05,2023-03-05 06:00:00,6,lags_meteo,xgboost_direct,26.0,15.791142463684082
2023-03-05,2023-03-05 07:00:00,7,lags_meteo,xgboost_direct,17.0,15.523029327392578
2023-03-05,2023-03-05 08:00:00,8,lags_meteo,xgboost_direct,20.0,13.858454704284668
2023-03-05,2023-03-05 09:00:00,9,lags_meteo,xgboost_direct,27.0,15.139880180358887
2023-03-05,2023-03-05 10:00:00,10,lags_meteo,xgboost_direct,28.0,17.544906616210938
2023-03-05,2023-03-05 11:00:00,11,lags_meteo,xgboost_direct,29.0,20.05655288696289
2023-03-05,2023-03-05 12:00:00,12,lags_meteo,xgboost_direct,31.0,20.619735717773438
2023-03-05,2023-03-05 13:00:00,13,lags_meteo,xgboost_direct,28.0,18.80476188659668
2023-03-05,2023-03-05 14:00:00,14,lags_meteo,xgboost_direct,28.0,18.377178192138672
2023-03-05,2023-03-05 15:00:00,15,lags_meteo,xgboost_direct,20.0,17.37609100341797
2023-03-05,2023-03-05 16:00:00,16,lags_meteo,xgboost_direct,10.0,17.02556800842285
2023-03-05,2023-03-05 17:00:00,17,lags_meteo,xgboost_direct,16.0,16.77524185180664
2023-03-05,2023-03-05 18:00:00,18,lags_meteo,xgboost_direct,20.0,18.678707122802734
2023-03-05,2023-03-05 19:00:00,19,lags_meteo,xgboost_direct,22.0,18.37883949279785
2023-03-05,2023-03-05 20:00:00,20,lags_meteo,xgboost_direct,22.0,17.870859146118164
2023-03-05,2023-03-05 21:00:00,21,lags_meteo,xgboost_direct,25.0,19.992076873779297
2023-03-05,2023-03-05 22:00:00,22,lags_meteo,xgboost_direct,27.0,20.041366577148438
2023-03-05,2023-03-05 23:00:00,23,lags_meteo,xgboost_direct,26.0,19.105247497558594
2023-03-05,2023-03-06 00:00:00,24,lags_meteo,xgboost_direct,32.0,18.340940475463867
2023-03-06,2023-03-06 01:00:00,1,lags_meteo,xgboost_direct,34.0,23.304548263549805
2023-03-06,2023-03-06 02:00:00,2,lags_meteo,xgboost_direct,27.0,23.5830078125
2023-03-06,2023-03-06 03:00:00,3,lags_meteo,xgboost_direct,27.0,23.78485679626465
2023-03-06,2023-03-06 04:00:00,4,lags_meteo,xgboost_direct,30.0,21.806697845458984
2023-03-06,2023-03-06 05:00:00,5,lags_meteo,xgboost_direct,28.0,21.68478775024414
2023-03-06,2023-03-06 06:00:00,6,lags_meteo,xgboost_direct,25.0,20.757614135742188
2023-03-06,2023-03-06 07:00:00,7,lags_meteo,xgboost_direct,26.0,20.03460121154785
2023-03-06,2023-03-06 08:00:00,8,lags_meteo,xgboost_direct,25.0,21.23773765563965
2023-03-06,2023-03-06 09:00:00,9,lags_meteo,xgboost_direct,23.0,23.700576782226562
2023-03-06,2023-03-06 10:00:00,10,lags_meteo,xgboost_direct,20.0,28.45390510559082
2023-03-06,2023-03-06 11:00:00,11,lags_meteo,xgboost_direct,21.0,31.328590393066406
2023-03-06,2023-03-06 12:00:00,12,lags_meteo,xgboost_direct,17.0,33.22866439819336
2023-03-06,2023-03-06 13:00:00,13,lags_meteo,xgboost_direct,,34.02912902832031
2023-03-06,2023-03-06 14:00:00,14,lags_meteo,xgboost_direct,,31.93485450744629
2023-03-06,2023-03-06 15:00:00,15,lags_meteo,xgboost_direct,,28.335599899291992
2023-03-06,2023-03-06 16:00:00,16,lags_meteo,xgboost_direct,,30.198688507080078
2023-03-06,2023-03-06 17:00:00,17,lags_meteo,xgboost_direct,,26.58936882019043
2023-03-06,2023-03-06 18:00:00,18,lags_meteo,xgboost_direct,,23.790170669555664
2023-03-06,2023-03-06 19:00:00,19,lags_meteo,xgboost_direct,,24.70900535583496
2023-03-06,2023-03-06 20:00:00,20,lags_meteo,xgboost_direct,,23.917634963989258
2023-03-06,2023-03-06 21:00:00,21,lags_meteo,xgboost_direct,,24.967426300048828
2023-03-06,2023-03-06 22:00:00,22,lags_meteo,xgboost_direct,18.0,24.143579483032227
2023-03-06,2023-03-06 23:00:00,23,lags_meteo,xgboost_direct,18.0,25.904800415039062
2023-03-06,2023-03-07 00:00:00,24,lags_meteo,xgboost_direct,30.0,22.195877075195312
2023-03-07,2023-03-07 01:00:00,1,lags_meteo,xgboost_direct,25.0,17.511032104492188
2023-03-07,2023-03-07 02:00:00,2,lags_meteo,xgboost_direct,30.0,17.027273178100586
2023-03-07,2023-03-07 03:00:00,3,lags_meteo,xgboost_direct,19.0,15.991127967834473
2023-03-07,2023-03-07 04:00:00,4,lags_meteo,xgboost_direct,17.0,15.709423065185547
2023-03-07,2023-03-07 05:00:00,5,lags_meteo,xgboost_direct,12.0,16.354991912841797
2023-03-07,2023-03-07 06:00:00,6,lags_meteo,xgboost_direct,7.0,15.413472175598145
2023-03-07,2023-03-07 07:00:00,7,lags_meteo,xgboost_direct,19.0,16.49150848388672
2023-03-07,2023-03-07 08:00:00,8,lags_meteo,xgboost_direct,13.0,17.105026245117188
2023-03-07,2023-03-07 09:00:00,9,lags_meteo,xgboost_direct,14.0,18.396987915039062
2023-03-07,2023-03-07 10:00:00,10,lags_meteo,xgboost_direct,14.0,21.551942825317383
2023-03-07,2023-03-07 11:00:00,11,lags_meteo,xgboost_direct,17.0,22.80738067626953
2023-03-07,2023-03-07 12:00:00,12,lags_meteo,xgboost_direct,,21.451642990112305
2023-03-07,2023-03-07 13:00:00,13,lags_meteo,xgboost_direct,,21.256479263305664
2023-03-07,2023-03-07 14:00:00,14,lags_meteo,xgboost_direct,,19.31334114074707
2023-03-07,2023-03-07 15:00:00,15,lags_meteo,xgboost_direct,47.0,18.811908721923828
2023-03-07,2023-03-07 16:00:00,16,lags_meteo,xgboost_direct,3.0,18.989215850830078
2023-03-07,2023-03-07 17:00:00,17,lags_meteo,xgboost_direct,1.0,18.952035903930664
2023-03-07,2023-03-07 18:00:00,18,lags_meteo,xgboost_direct,1.0,19.271455764770508
2023-03-07,2023-03-07 19:00:00,19,lags_meteo,xgboost_direct,9.0,18.359357833862305
2023-03-07,2023-03-07 20:00:00,20,lags_meteo,xgboost_direct,27.0,19.660444259643555
2023-03-07,2023-03-07 21:00:00,21,lags_meteo,xgboost_direct,19.0,17.27590560913086
2023-03-07,2023-03-07 22:00:00,22,lags_meteo,xgboost_direct,32.0,18.592649459838867
2023-03-07,2023-03-07 23:00:00,23,lags_meteo,xgboost_direct,12.0,16.14406394958496
2023-03-07,2023-03-08 00:00:00,24,lags_meteo,xgboost_direct,6.0,15.681530952453613
2023-03-08,2023-03-08 01:00:00,1,lags_meteo,xgboost_direct,18.0,9.764527320861816
2023-03-08,2023-03-08 02:00:00,2,lags_meteo,xgboost_direct,15.0,9.567723274230957
2023-03-08,2023-03-08 03:00:00,3,lags_meteo,xgboost_direct,6.0,9.53036880493164
2023-03-08,2023-03-08 04:00:00,4,lags_meteo,xgboost_direct,16.0,9.926892280578613
2023-03-08,2023-03-08 05:00:00,5,lags_meteo,xgboost_direct,8.0,10.591594696044922
2023-03-08,2023-03-08 06:00:00,6,lags_meteo,xgboost_direct,22.0,11.191817283630371
2023-03-08,2023-03-08 07:00:00,7,lags_meteo,xgboost_direct,8.0,11.484851837158203
2023-03-08,2023-03-08 08:00:00,8,lags_meteo,xgboost_direct,5.0,12.959081649780273
2023-03-08,2023-03-08 09:00:00,9,lags_meteo,xgboost_direct,8.0,14.025383949279785
2023-03-08,2023-03-08 10:00:00,10,lags_meteo,xgboost_direct,24.0,16.115983963012695
2023-03-08,2023-03-08 11:00:00,11,lags_meteo,xgboost_direct,47.0,17.64165496826172
2023-03-08,2023-03-08 12:00:00,12,lags_meteo,xgboost_direct,14.0,15.370915412902832
2023-03-08,2023-03-08 13:00:00,13,lags_meteo,xgboost_direct,13.0,17.62287712097168
2023-03-08,2023-03-08 14:00:00,14,lags_meteo,xgboost_direct,9.0,14.1771879196167
2023-03-08,2023-03-08 15:00:00,15,lags_meteo,xgboost_direct,10.0,12.189983367919922
2023-03-08,2023-03-08 16:00:00,16,lags_meteo,xgboost_direct,10.0,12.237207412719727
2023-03-08,2023-03-08 17:00:00,17,lags_meteo,xgboost_direct,7.0,12.689069747924805
2023-03-08,2023-03-08 18:00:00,18,lags_meteo,xgboost_direct,25.0,12.533686637878418
2023-03-08,2023-03-08 19:00:00,19,lags_meteo,xgboost_direct,17.0,13.014633178710938
2023-03-08,2023-03-08 20:00:00,20,lags_meteo,xgboost_direct,3.0,17.737590789794922
2023-03-08,2023-03-08 21:00:00,21,lags_meteo,xgboost_direct,1.0,18.533344268798828
2023-03-08,2023-03-08 22:00:00,22,lags_meteo,xgboost_direct,1.0,18.485929489135742
2023-03-08,2023-03-08 23:00:00,23,lags_meteo,xgboost_direct,,16.627342224121094
2023-03-08,2023-03-09 00:00:00,24,lags_meteo,xgboost_direct,,14.787996292114258
2023-03-09,2023-03-09 01:00:00,1,lags_meteo,xgboost_direct,,4.615814208984375
2023-03-09,2023-03-09 02:00:00,2,lags_meteo,xgboost_direct,,5.878287315368652
2023-03-09,2023-03-09 03:00:00,3,lags_meteo,xgboost_direct,,5.934328079223633
2023-03-09,2023-03-09 04:00:00,4,lags_meteo,xgboost_direct,,5.87932825088501
2023-03-09,2023-03-09 05:00:00,5,lags_meteo,xgboost_direct,,7.373353004455566
2023-03-09,2023-03-09 06:00:00,6,lags_meteo,xgboost_direct,,7.815102577209473
2023-03-09,2023-03-09 07:00:00,7,lags_meteo,xgboost_direct,,9.907384872436523
2023-03-09,2023-03-09 08:00:00,8,lags_meteo,xgboost_direct,,7.88871955871582
2023-03-09,2023-03-09 09:00:00,9,lags_meteo,xgboost_direct,,14.172161102294922
2023-03-09,2023-03-09 10:00:00,10,lags_meteo,xgboost_direct,,9.907242774963379
2023-03-09,2023-03-09 11:00:00,11,lags_meteo,xgboost_direct,,10.040773391723633
2023-03-09,2023-03-09 12:00:00,12,lags_meteo,xgboost_direct,,10.505622863769531
2023-03-09,2023-03-09 13:00:00,13,lags_meteo,xgboost_direct,,12.166271209716797
2023-03-09,2023-03-09 14:00:00,14,lags_meteo,xgboost_direct,,12.053504943847656
2023-03-09,2023-03-09 15:00:00,15,lags_meteo,xgboost_direct,,14.007349014282227
2023-03-09,2023-03-09 16:00:00,16,lags_meteo,xgboost_direct,,16.5373477935791
2023-03-09,2023-03-09 17:00:00,17,lags_meteo,xgboost_direct,,15.1227388381958
2023-03-09,2023-03-09 18:00:00,18,lags_meteo,xgboost_direct,,15.735566139221191
2023-03-09,2023-03-09 19:00:00,19,lags_meteo,xgboost_direct,,15.441353797912598
2023-03-09,2023-03-09 20:00:00,20,lags_meteo,xgboost_direct,14.0,14.130032539367676
2023-03-09,2023-03-09 21:00:00,21,lags_meteo,xgboost_direct,13.0,12.186201095581055
2023-03-09,2023-03-09 22:00:00,22,lags_meteo,xgboost_direct,13.0,11.342988967895508
2023-03-09,2023-03-09 23:00:00,23,lags_meteo,xgboost_direct,10.0,11.315228462219238
2023-03-09,2023-03-10 00:00:00,24,lags_meteo,xgboost_direct,19.0,11.031559944152832
2023-03-10,2023-03-10 01:00:00,1,lags_meteo,xgboost_direct,11.0,8.149040222167969
2023-03-10,2023-03-10 02:00:00,2,lags_meteo,xgboost_direct,12.0,7.858308792114258
2023-03-10,2023-03-10 03:00:00,3,lags_meteo,xgboost_direct,12.0,8.36047077178955
2023-03-10,2023-03-10 04:00:00,4,lags_meteo,xgboost_direct,16.0,8.24179744720459
2023-03-10,2023-03-10 05:00:00,5,lags_meteo,xgboost_direct,16.0,7.998289585113525
2023-03-10,2023-03-10 06:00:00,6,lags_meteo,xgboost_direct,8.0,7.754349708557129
2023-03-10,2023-03-10 07:00:00,7,lags_meteo,xgboost_direct,5.0,8.918672561645508
2023-03-10,2023-03-10 08:00:00,8,lags_meteo,xgboost_direct,17.0,8.949246406555176
2023-03-10,2023-03-10 09:00:00,9,lags_meteo,xgboost_direct,17.0,10.253693580627441
2023-03-10,2023-03-10 10:00:00,10,lags_meteo,xgboost_direct,,11.59078598022461
2023-03-10,2023-03-10 11:00:00,11,lags_meteo,xgboost_direct,,11.051704406738281
2023-03-10,2023-03-10 12:00:00,12,lags_meteo,xgboost_direct,,10.638359069824219
2023-03-10,2023-03-10 13:00:00,13,lags_meteo,xgboost_direct,,9.635337829589844
2023-03-10,2023-03-10 14:00:00,14,lags_meteo,xgboost_direct,,9.124064445495605
2023-03-10,2023-03-10 15:00:00,15,lags_meteo,xgboost_direct,,8.95205020904541
2023-03-10,2023-03-10 16:00:00,16,lags_meteo,xgboost_direct,,8.82582950592041
2023-03-10,2023-03-10 17:00:00,17,lags_meteo,xgboost_direct,,8.672868728637695
2023-03-10,2023-03-10 18:00:00,18,lags_meteo,xgboost_direct,,10.01657772064209
2023-03-10,2023-03-10 19:00:00,19,lags_meteo,xgboost_direct,,10.78992748260498
2023-03-10,2023-03-10 20:00:00,20,lags_meteo,xgboost_direct,,11.264323234558105
2023-03-10,2023-03-10 21:00:00,21,lags_meteo,xgboost_direct,,10.248072624206543
2023-03-10,2023-03-10 22:00:00,22,lags_meteo,xgboost_direct,11.0,11.015726089477539
2023-03-10,2023-03-10 23:00:00,23,lags_meteo,xgboost_direct,12.0,11.422627449035645
2023-03-10,2023-03-11 00:00:00,24,lags_meteo,xgboost_direct,11.0,8.89008617401123
2023-03-11,2023-03-11 01:00:00,1,lags_meteo,xgboost_direct,7.0,11.935226440429688
2023-03-11,2023-03-11 02:00:00,2,lags_meteo,xgboost_direct,12.0,12.216001510620117
2023-03-11,2023-03-11 03:00:00,3,lags_meteo,xgboost_direct,7.0,12.67999267578125
2023-03-11,2023-03-11 04:00:00,4,lags_meteo,xgboost_direct,8.0,12.489789009094238
2023-03-11,2023-03-11 05:00:00,5,lags_meteo,xgboost_direct,8.0,12.370903968811035
2023-03-11,2023-03-11 06:00:00,6,lags_meteo,xgboost_direct,4.0,12.305843353271484
2023-03-11,2023-03-11 07:00:00,7,lags_meteo,xgboost_direct,7.0,12.29256820678711
2023-03-11,2023-03-11 08:00:00,8,lags_meteo,xgboost_direct,5.0,13.025309562683105
2023-03-11,2023-03-11 09:00:00,9,lags_meteo,xgboost_direct,6.0,14.203947067260742
2023-03-11,2023-03-11 10:00:00,10,lags_meteo,xgboost_direct,3.0,17.183929443359375
2023-03-11,2023-03-11 11:00:00,11,lags_meteo,xgboost_direct,12.0,17.004823684692383
2023-03-11,2023-03-11 12:00:00,12,lags_meteo,xgboost_direct,11.0,16.536518096923828
2023-03-11,2023-03-11 13:00:00,13,lags_meteo,xgboost_direct,16.0,15.302264213562012
2023-03-11,2023-03-11 14:00:00,14,lags_meteo,xgboost_direct,8.0,15.441813468933105
2023-03-11,2023-03-11 15:00:00,15,lags_meteo,xgboost_direct,16.0,15.109283447265625
2023-03-11,2023-03-11 16:00:00,16,lags_meteo,xgboost_direct,3.0,15.328117370605469
2023-03-11,2023-03-11 17:00:00,17,lags_meteo,xgboost_direct,2.0,15.181234359741211
2023-03-11,2023-03-11 18:00:00,18,lags_meteo,xgboost_direct,5.0,14.767505645751953
2023-03-11,2023-03-11 19:00:00,19,lags_meteo,xgboost_direct,3.0,15.354511260986328
2023-03-11,2023-03-11 20:00:00,20,lags_meteo,xgboost_direct,6.0,15.513416290283203
2023-03-11,2023-03-11 21:00:00,21,lags_meteo,xgboost_direct,1.0,13.187889099121094
2023-03-11,2023-03-11 22:00:00,22,lags_meteo,xgboost_direct,3.0,11.439870834350586
2023-03-11,2023-03-11 23:00:00,23,lags_meteo,xgboost_direct,1.0,11.517892837524414
2023-03-11,2023-03-12 00:00:00,24,lags_meteo,xgboost_direct,4.0,10.4580078125
2023-03-12,2023-03-12 01:00:00,1,lags_meteo,xgboost_direct,5.0,2.665296792984009
2023-03-12,2023-03-12 02:00:00,2,lags_meteo,xgboost_direct,6.0,2.8284976482391357
2023-03-12,2023-03-12 03:00:00,3,lags_meteo,xgboost_direct,5.0,2.856416702270508
2023-03-12,2023-03-12 04:00:00,4,lags_meteo,xgboost_direct,4.0,3.8658251762390137
2023-03-12,2023-03-12 05:00:00,5,lags_meteo,xgboost_direct,2.0,4.204765796661377
2023-03-12,2023-03-12 06:00:00,6,lags_meteo,xgboost_direct,1.0,5.175625801086426
2023-03-12,2023-03-12 07:00:00,7,lags_meteo,xgboost_direct,3.0,4.922488689422607
2023-03-12,2023-03-12 08:00:00,8,lags_meteo,xgboost_direct,5.0,6.336625576019287
2023-03-12,2023-03-12 09:00:00,9,lags_meteo,xgboost_direct,6.0,7.560664653778076
2023-03-12,2023-03-12 10:00:00,10,lags_meteo,xgboost_direct,11.0,8.171710968017578
2023-03-12,2023-03-12 11:00:00,11,lags_meteo,xgboost_direct,11.0,9.127968788146973
2023-03-12,2023-03-12 12:00:00,12,lags_meteo,xgboost_direct,5.0,9.530839920043945
2023-03-12,2023-03-12 13:00:00,13,lags_meteo,xgboost_direct,15.0,8.515356063842773
2023-03-12,2023-03-12 14:00:00,14,lags_meteo,xgboost_direct,11.0,9.243266105651855
2023-03-12,2023-03-12 15:00:00,15,lags_meteo,xgboost_direct,17.0,9.53413200378418
2023-03-12,2023-03-12 16:00:00,16,lags_meteo,xgboost_direct,11.0,9.37867259979248
2023-03-12,2023-03-12 17:00:00,17,lags_meteo,xgboost_direct,9.0,8.576629638671875
2023-03-12,2023-03-12 18:00:00,18,lags_meteo,xgboost_direct,8.0,9.882131576538086
2023-03-12,2023-03-12 19:00:00,19,lags_meteo,xgboost_direct,6.0,9.580211639404297
2023-03-12,2023-03-12 20:00:00,20,lags_meteo,xgboost_direct,11.0,9.118659973144531
2023-03-12,2023-03-12 21:00:00,21,lags_meteo,xgboost_direct,11.0,9.210230827331543
2023-03-12,2023-03-12 22:00:00,22,lags_meteo,xgboost_direct,16.0,8.431138038635254
2023-03-12,2023-03-12 23:00:00,23,lags_meteo,xgboost_direct,13.0,8.509058952331543
2023-03-12,2023-03-13 00:00:00,24,lags_meteo,xgboost_direct,10.0,8.78417682647705
2023-03-13,2023-03-13 01:00:00,1,lags_meteo,xgboost_direct,11.0,11.927007675170898
2023-03-13,2023-03-13 02:00:00,2,lags_meteo,xgboost_direct,10.0,11.503023147583008
2023-03-13,2023-03-13 03:00:00,3,lags_meteo,xgboost_direct,11.0,11.291678428649902
2023-03-13,2023-03-13 04:00:00,4,lags_meteo,xgboost_direct,8.0,11.339451789855957
2023-03-13,2023-03-13 05:00:00,5,lags_meteo,xgboost_direct,8.0,11.170735359191895
2023-03-13,2023-03-13 06:00:00,6,lags_meteo,xgboost_direct,7.0,11.664782524108887
2023-03-13,2023-03-13 07:00:00,7,lags_meteo,xgboost_direct,11.0,17.475391387939453
2023-03-13,2023-03-13 08:00:00,8,lags_meteo,xgboost_direct,15.0,13.828039169311523
2023-03-13,2023-03-13 09:00:00,9,lags_meteo,xgboost_direct,19.0,24.995567321777344
2023-03-13,2023-03-13 10:00:00,10,lags_meteo,xgboost_direct,20.0,30.088640213012695
2023-03-13,2023-03-13 11:00:00,11,lags_meteo,xgboost_direct,12.0,41.706512451171875
2023-03-13,2023-03-13 12:00:00,12,lags_meteo,xgboost_direct,6.0,45.13360595703125
2023-03-13,2023-03-13 13:00:00,13,lags_meteo,xgboost_direct,9.0,37.89208221435547
2023-03-13,2023-03-13 14:00:00,14,lags_meteo,xgboost_direct,16.0,39.510494232177734
2023-03-13,2023-03-13 15:00:00,15,lags_meteo,xgboost_direct,12.0,45.65216827392578
2023-03-13,2023-03-13 16:00:00,16,lags_meteo,xgboost_direct,3.0,28.733312606811523
2023-03-13,2023-03-13 17:00:00,17,lags_meteo,xgboost_direct,14.0,40.021724700927734
2023-03-13,2023-03-13 18:00:00,18,lags_meteo,xgboost_direct,10.0,64.50243377685547
2023-03-13,2023-03-13 19:00:00,19,lags_meteo,xgboost_direct,9.0,54.297325134277344
2023-03-13,2023-03-13 20:00:00,20,lags_meteo,xgboost_direct,7.0,68.96427154541016
2023-03-13,2023-03-13 21:00:00,21,lags_meteo,xgboost_direct,8.0,94.64916229248047
2023-03-13,2023-03-13 22:00:00,22,lags_meteo,xgboost_direct,8.0,111.23898315429688
2023-03-13,2023-03-13 23:00:00,23,lags_meteo,xgboost_direct,8.0,164.08673095703125
2023-03-13,2023-03-14 00:00:00,24,lags_meteo,xgboost_direct,6.0,177.76898193359375
2023-03-14,2023-03-14 01:00:00,1,lags_meteo,xgboost_direct,7.0,6.7237324714660645
2023-03-14,2023-03-14 02:00:00,2,lags_meteo,xgboost_direct,6.0,6.321622371673584
2023-03-14,2023-03-14 03:00:00,3,lags_meteo,xgboost_direct,7.0,6.515476226806641
2023-03-14,2023-03-14 04:00:00,4,lags_meteo,xgboost_direct,8.0,7.152715682983398
2023-03-14,2023-03-14 05:00:00,5,lags_meteo,xgboost_direct,7.0,7.31300163269043
2023-03-14,2023-03-14 06:00:00,6,lags_meteo,xgboost_direct,6.0,8.038293838500977
2023-03-14,2023-03-14 07:00:00,7,lags_meteo,xgboost_direct,8.0,10.770514488220215
2023-03-14,2023-03-14 08:00:00,8,lags_meteo,xgboost_direct,5.0,10.830507278442383
2023-03-14,2023-03-14 09:00:00,9,lags_meteo,xgboost_direct,9.0,14.141392707824707
2023-03-14,2023-03-14 10:00:00,10,lags_meteo,xgboost_direct,9.0,19.025468826293945
2023-03-14,2023-03-14 11:00:00,11,lags_meteo,xgboost_direct,3.0,22.181381225585938
2023-03-14,2023-03-14 12:00:00,12,lags_meteo,xgboost_direct,4.0,29.309106826782227
2023-03-14,2023-03-14 13:00:00,13,lags_meteo,xgboost_direct,9.0,27.113101959228516
2023-03-14,2023-03-14 14:00:00,14,lags_meteo,xgboost_direct,4.0,30.943626403808594
2023-03-14,2023-03-14 15:00:00,15,lags_meteo,xgboost_direct,16.0,26.51170539855957
2023-03-14,2023-03-14 16:00:00,16,lags_meteo,xgboost_direct,13.0,40.24998474121094
2023-03-14,2023-03-14 17:00:00,17,lags_meteo,xgboost_direct,6.0,38.901451110839844
2023-03-14,2023-03-14 18:00:00,18,lags_meteo,xgboost_direct,9.0,44.00645446777344
2023-03-14,2023-03-14 19:00:00,19,lags_meteo,xgboost_direct,11.0,29.23969841003418
2023-03-14,2023-03-14 20:00:00,20,lags_meteo,xgboost_direct,9.0,30.594093322753906
2023-03-14,2023-03-14 21:00:00,21,lags_meteo,xgboost_direct,7.0,47.56760787963867
2023-03-14,2023-03-14 22:00:00,22,lags_meteo,xgboost_direct,7.0,33.980411529541016
2023-03-14,2023-03-14 23:00:00,23,lags_meteo,xgboost_direct,9.0,43.675209045410156
2023-03-14,2023-03-15 00:00:00,24,lags_meteo,xgboost_direct,9.0,31.039745330810547
2023-03-15,2023-03-15 01:00:00,1,lags_meteo,xgboost_direct,9.0,8.215145111083984
2023-03-15,2023-03-15 02:00:00,2,lags_meteo,xgboost_direct,12.0,8.721744537353516
2023-03-15,2023-03-15 03:00:00,3,lags_meteo,xgboost_direct,10.0,8.728282928466797
2023-03-15,2023-03-15 04:00:00,4,lags_meteo,xgboost_direct,8.0,8.433969497680664
2023-03-15,2023-03-15 05:00:00,5,lags_meteo,xgboost_direct,10.0,8.6516695022583
2023-03-15,2023-03-15 06:00:00,6,lags_meteo,xgboost_direct,10.0,9.986593246459961
2023-03-15,2023-03-15 07:00:00,7,lags_meteo,xgboost_direct,9.0,10.334443092346191
2023-03-15,2023-03-15 08:00:00,8,lags_meteo,xgboost_direct,7.0,11.387809753417969
2023-03-15,2023-03-15 09:00:00,9,lags_meteo,xgboost_direct,10.0,13.876289367675781
2023-03-15,2023-03-15 10:00:00,10,lags_meteo,xgboost_direct,22.0,17.750959396362305
2023-03-15,2023-03-15 11:00:00,11,lags_meteo,xgboost_direct,19.0,18.23035430908203
2023-03-15,2023-03-15 12:00:00,12,lags_meteo,xgboost_direct,7.0,23.66073226928711
2023-03-15,2023-03-15 13:00:00,13,lags_meteo,xgboost_direct,16.0,23.624778747558594
2023-03-15,2023-03-15 14:00:00,14,lags_meteo,xgboost_direct,12.0,19.568756103515625
2023-03-15,2023-03-15 15:00:00,15,lags_meteo,xgboost_direct,18.0,25.038476943969727
2023-03-15,2023-03-15 16:00:00,16,lags_meteo,xgboost_direct,19.0,31.075687408447266
2023-03-15,2023-03-15 17:00:00,17,lags_meteo,xgboost_direct,17.0,43.07258987426758
2023-03-15,2023-03-15 18:00:00,18,lags_meteo,xgboost_direct,10.0,34.29489517211914
2023-03-15,2023-03-15 19:00:00,19,lags_meteo,xgboost_direct,16.0,23.933856964111328
2023-03-15,2023-03-15 20:00:00,20,lags_meteo,xgboost_direct,17.0,30.28840446472168
2023-03-15,2023-03-15 21:00:00,21,lags_meteo,xgboost_direct,18.0,28.21158218383789
2023-03-15,2023-03-15 22:00:00,22,lags_meteo,xgboost_direct,24.0,49.73308181762695
2023-03-15,2023-03-15 23:00:00,23,lags_meteo,xgboost_direct,27.0,42.646026611328125
2023-03-15,2023-03-16 00:00:00,24,lags_meteo,xgboost_direct,25.0,54.47822952270508
2023-03-16,2023-03-16 01:00:00,1,lags_meteo,xgboost_direct,21.0,22.02046775817871
2023-03-16,2023-03-16 02:00:00,2,lags_meteo,xgboost_direct,17.0,19.82875633239746
2023-03-16,2023-03-16 03:00:00,3,lags_meteo,xgboost_direct,18.0,19.277496337890625
2023-03-16,2023-03-16 04:00:00,4,lags_meteo,xgboost_direct,15.0,17.30184555053711
2023-03-16,2023-03-16 05:00:00,5,lags_meteo,xgboost_direct,12.0,17.08643341064453
2023-03-16,2023-03-16 06:00:00,6,lags_meteo,xgboost_direct,12.0,16.562265396118164
2023-03-16,2023-03-16 07:00:00,7,lags_meteo,xgboost_direct,13.0,16.205814361572266
2023-03-16,2023-03-16 08:00:00,8,lags_meteo,xgboost_direct,17.0,18.006460189819336
2023-03-16,2023-03-16 09:00:00,9,lags_meteo,xgboost_direct,23.0,18.908159255981445
2023-03-16,2023-03-16 10:00:00,10,lags_meteo,xgboost_direct,,22.966699600219727
2023-03-16,2023-03-16 11:00:00,11,lags_meteo,xgboost_direct,,24.093120574951172
2023-03-16,2023-03-16 12:00:00,12,lags_meteo,xgboost_direct,,23.712942123413086
2023-03-16,2023-03-16 13:00:00,13,lags_meteo,xgboost_direct,,21.910642623901367
2023-03-16,2023-03-16 14:00:00,14,lags_meteo,xgboost_direct,,22.257925033569336
2023-03-16,2023-03-16 15:00:00,15,lags_meteo,xgboost_direct,9.0,21.251537322998047
2023-03-16,2023-03-16 16:00:00,16,lags_meteo,xgboost_direct,19.0,22.404563903808594
2023-03-16,2023-03-16 17:00:00,17,lags_meteo,xgboost_direct,22.0,24.410871505737305
2023-03-16,2023-03-16 18:00:00,18,lags_meteo,xgboost_direct,18.0,23.509883880615234
2023-03-16,2023-03-16 19:00:00,19,lags_meteo,xgboost_direct,18.0,21.712316513061523
2023-03-16,2023-03-16 20:00:00,20,lags_meteo,xgboost_direct,11.0,19.603668212890625
2023-03-16,2023-03-16 21:00:00,21,lags_meteo,xgboost_direct,16.0,20.135576248168945
2023-03-16,2023-03-16 22:00:00,22,lags_meteo,xgboost_direct,21.0,19.815380096435547
2023-03-16,2023-03-16 23:00:00,23,lags_meteo,xgboost_direct,27.0,19.958951950073242
2023-03-16,2023-03-17 00:00:00,24,lags_meteo,xgboost_direct,16.0,19.62015724182129
2023-03-17,2023-03-17 01:00:00,1,lags_meteo,xgboost_direct,15.0,22.8846492767334
2023-03-17,2023-03-17 02:00:00,2,lags_meteo,xgboost_direct,15.0,21.695331573486328
2023-03-17,2023-03-17 03:00:00,3,lags_meteo,xgboost_direct,17.0,20.058818817138672
2023-03-17,2023-03-17 04:00:00,4,lags_meteo,xgboost_direct,17.0,18.995037078857422
2023-03-17,2023-03-17 05:00:00,5,lags_meteo,xgboost_direct,17.0,17.352874755859375
2023-03-17,2023-03-17 06:00:00,6,lags_meteo,xgboost_direct,16.0,17.404287338256836
2023-03-17,2023-03-17 07:00:00,7,lags_meteo,xgboost_direct,15.0,17.057653427124023
2023-03-17,2023-03-17 08:00:00,8,lags_meteo,xgboost_direct,13.0,17.90290641784668
2023-03-17,2023-03-17 09:00:00,9,lags_meteo,xgboost_direct,9.0,20.137195587158203
2023-03-17,2023-03-17 10:00:00,10,lags_meteo,xgboost_direct,6.0,21.58725357055664
2023-03-17,2023-03-17 11:00:00,11,lags_meteo,xgboost_direct,3.0,22.260337829589844
2023-03-17,2023-03-17 12:00:00,12,lags_meteo,xgboost_direct,10.0,20.91114616394043
2023-03-17,2023-03-17 13:00:00,13,lags_meteo,xgboost_direct,9.0,20.238889694213867
2023-03-17,2023-03-17 14:00:00,14,lags_meteo,xgboost_direct,7.0,18.77591896057129
2023-03-17,2023-03-17 15:00:00,15,lags_meteo,xgboost_direct,1.0,19.54707145690918
2023-03-17,2023-03-17 16:00:00,16,lags_meteo,xgboost_direct,3.0,18.58794593811035
2023-03-17,2023-03-17 17:00:00,17,lags_meteo,xgboost_direct,7.0,17.369169235229492
2023-03-17,2023-03-17 18:00:00,18,lags_meteo,xgboost_direct,6.0,17.25682830810547
2023-03-17,2023-03-17 19:00:00,19,lags_meteo,xgboost_direct,5.0,18.206432342529297
2023-03-17,2023-03-17 20:00:00,20,lags_meteo,xgboost_direct,5.0,18.03073501586914
2023-03-17,2023-03-17 21:00:00,21,lags_meteo,xgboost_direct,2.0,18.043701171875
2023-03-17,2023-03-17 22:00:00,22,lags_meteo,xgboost_direct,3.0,18.564983367919922
2023-03-17,2023-03-17 23:00:00,23,lags_meteo,xgboost_direct,4.0,18.96212387084961
2023-03-17,2023-03-18 00:00:00,24,lags_meteo,xgboost_direct,4.0,18.294330596923828
2023-03-18,2023-03-18 01:00:00,1,lags_meteo,xgboost_direct,2.0,4.459385395050049
2023-03-18,2023-03-18 02:00:00,2,lags_meteo,xgboost_direct,6.0,4.0712785720825195
2023-03-18,2023-03-18 03:00:00,3,lags_meteo,xgboost_direct,4.0,5.19685173034668
2023-03-18,2023-03-18 04:00:00,4,lags_meteo,xgboost_direct,3.0,6.2274298667907715
2023-03-18,2023-03-18 05:00:00,5,lags_meteo,xgboost_direct,5.0,5.006715297698975
2023-03-18,2023-03-18 06:00:00,6,lags_meteo,xgboost_direct,2.0,4.582719802856445
2023-03-18,2023-03-18 07:00:00,7,lags_meteo,xgboost_direct,3.0,4.379026412963867
2023-03-18,2023-03-18 08:00:00,8,lags_meteo,xgboost_direct,5.0,4.852313995361328
2023-03-18,2023-03-18 09:00:00,9,lags_meteo,xgboost_direct,11.0,5.1559224128723145
2023-03-18,2023-03-18 10:00:00,10,lags_meteo,xgboost_direct,8.0,6.079651355743408
2023-03-18,2023-03-18 11:00:00,11,lags_meteo,xgboost_direct,2.0,6.693176746368408
2023-03-18,2023-03-18 12:00:00,12,lags_meteo,xgboost_direct,1.0,6.235751628875732
2023-03-18,2023-03-18 13:00:00,13,lags_meteo,xgboost_direct,1.0,6.739147186279297
2023-03-18,2023-03-18 14:00:00,14,lags_meteo,xgboost_direct,6.0,6.786591053009033
2023-03-18,2023-03-18 15:00:00,15,lags_meteo,xgboost_direct,7.0,6.417795181274414
2023-03-18,2023-03-18 16:00:00,16,lags_meteo,xgboost_direct,7.0,6.682066917419434
2023-03-18,2023-03-18 17:00:00,17,lags_meteo,xgboost_direct,5.0,6.676775932312012
2023-03-18,2023-03-18 18:00:00,18,lags_meteo,xgboost_direct,5.0,6.645807266235352
2023-03-18,2023-03-18 19:00:00,19,lags_meteo,xgboost_direct,7.0,7.841063499450684
2023-03-18,2023-03-18 20:00:00,20,lags_meteo,xgboost_direct,4.0,7.382785797119141
2023-03-18,2023-03-18 21:00:00,21,lags_meteo,xgboost_direct,4.0,7.598948955535889
2023-03-18,2023-03-18 22:00:00,22,lags_meteo,xgboost_direct,1.0,6.668063163757324
2023-03-18,2023-03-18 23:00:00,23,lags_meteo,xgboost_direct,3.0,7.584303379058838
2023-03-18,2023-03-19 00:00:00,24,lags_meteo,xgboost_direct,1.0,7.781424522399902
2023-03-19,2023-03-19 01:00:00,1,lags_meteo,xgboost_direct,4.0,4.536376476287842
2023-03-19,2023-03-19 02:00:00,2,lags_meteo,xgboost_direct,3.0,5.325246810913086
2023-03-19,2023-03-19 03:00:00,3,lags_meteo,xgboost_direct,4.0,5.313629627227783
2023-03-19,2023-03-19 04:00:00,4,lags_meteo,xgboost_direct,8.0,5.737797737121582
2023-03-19,2023-03-19 05:00:00,5,lags_meteo,xgboost_direct,8.0,6.237932205200195
2023-03-19,2023-03-19 06:00:00,6,lags_meteo,xgboost_direct,6.0,6.2589521408081055
2023-03-19,2023-03-19 07:00:00,7,lags_meteo,xgboost_direct,4.0,6.125807285308838
2023-03-19,2023-03-19 08:00:00,8,lags_meteo,xgboost_direct,4.0,6.4040303230285645
2023-03-19,2023-03-19 09:00:00,9,lags_meteo,xgboost_direct,5.0,7.486530303955078
2023-03-19,2023-03-19 10:00:00,10,lags_meteo,xgboost_direct,4.0,10.780473709106445
2023-03-19,2023-03-19 11:00:00,11,lags_meteo,xgboost_direct,4.0,11.972203254699707
2023-03-19,2023-03-19 12:00:00,12,lags_meteo,xgboost_direct,1.0,11.734856605529785
2023-03-19,2023-03-19 13:00:00,13,lags_meteo,xgboost_direct,1.0,10.869988441467285
2023-03-19,2023-03-19 14:00:00,14,lags_meteo,xgboost_direct,1.0,11.454407691955566
2023-03-19,2023-03-19 15:00:00,15,lags_meteo,xgboost_direct,3.0,11.761571884155273
2023-03-19,2023-03-19 16:00:00,16,lags_meteo,xgboost_direct,1.0,11.534344673156738
2023-03-19,2023-03-19 17:00:00,17,lags_meteo,xgboost_direct,1.0,11.579360008239746
2023-03-19,2023-03-19 18:00:00,18,lags_meteo,xgboost_direct,3.0,11.728449821472168
2023-03-19,2023-03-19 19:00:00,19,lags_meteo,xgboost_direct,5.0,11.401061058044434
2023-03-19,2023-03-19 20:00:00,20,lags_meteo,xgboost_direct,6.0,11.594362258911133
2023-03-19,2023-03-19 21:00:00,21,lags_meteo,xgboost_direct,5.0,11.259531021118164
2023-03-19,2023-03-19 22:00:00,22,lags_meteo,xgboost_direct,9.0,12.466307640075684
2023-03-19,2023-03-19 23:00:00,23,lags_meteo,xgboost_direct,10.0,11.00487232208252
2023-03-19,2023-03-20 00:00:00,24,lags_meteo,xgboost_direct,12.0,9.929080963134766
2023-03-20,2023-03-20 01:00:00,1,lags_meteo,xgboost_direct,14.0,9.032959938049316
2023-03-20,2023-03-20 02:00:00,2,lags_meteo,xgboost_direct,13.0,8.94076156616211
2023-03-20,2023-03-20 03:00:00,3,lags_meteo,xgboost_direct,10.0,8.502090454101562
2023-03-20,2023-03-20 04:00:00,4,lags_meteo,xgboost_direct,8.0,8.693506240844727
2023-03-20,2023-03-20 05:00:00,5,lags_meteo,xgboost_direct,3.0,8.544366836547852
2023-03-20,2023-03-20 06:00:00,6,lags_meteo,xgboost_direct,3.0,9.272109985351562
2023-03-20,2023-03-20 07:00:00,7,lags_meteo,xgboost_direct,5.0,9.400572776794434
2023-03-20,2023-03-20 08:00:00,8,lags_meteo,xgboost_direct,3.0,9.3218994140625
2023-03-20,2023-03-20 09:00:00,9,lags_meteo,xgboost_direct,5.0,10.496723175048828
2023-03-20,2023-03-20 10:00:00,10,lags_meteo,xgboost_direct,9.0,16.160825729370117
2023-03-20,2023-03-20 11:00:00,11,lags_meteo,xgboost_direct,7.0,17.423032760620117
2023-03-20,2023-03-20 12:00:00,12,lags_meteo,xgboost_direct,4.0,17.613262176513672
2023-03-20,2023-03-20 13:00:00,13,lags_meteo,xgboost_direct,11.0,16.905044555664062
2023-03-20,2023-03-20 14:00:00,14,lags_meteo,xgboost_direct,10.0,12.401124000549316
2023-03-20,2023-03-20 15:00:00,15,lags_meteo,xgboost_direct,5.0,12.158656120300293
2023-03-20,2023-03-20 16:00:00,16,lags_meteo,xgboost_direct,2.0,11.443378448486328
2023-03-20,2023-03-20 17:00:00,17,lags_meteo,xgboost_direct,4.0,13.265990257263184
2023-03-20,2023-03-20 18:00:00,18,lags_meteo,xgboost_direct,7.0,13.611820220947266
2023-03-20,2023-03-20 19:00:00,19,lags_meteo,xgboost_direct,7.0,15.121260643005371
2023-03-20,2023-03-20 20:00:00,20,lags_meteo,xgboost_direct,8.0,15.324922561645508
2023-03-20,2023-03-20 21:00:00,21,lags_meteo,xgboost_direct,7.0,15.933144569396973
2023-03-20,2023-03-20 22:00:00,22,lags_meteo,xgboost_direct,7.0,17.751577377319336
2023-03-20,2023-03-20 23:00:00,23,lags_meteo,xgboost_direct,10.0,19.3561954498291
2023-03-20,2023-03-21 00:00:00,24,lags_meteo,xgboost_direct,8.0,23.492883682250977
2023-03-21,2023-03-21 01:00:00,1,lags_meteo,xgboost_direct,7.0,8.494543075561523
2023-03-21,2023-03-21 02:00:00,2,lags_meteo,xgboost_direct,10.0,8.974327087402344
2023-03-21,2023-03-21 03:00:00,3,lags_meteo,xgboost_direct,8.0,8.596187591552734
2023-03-21,2023-03-21 04:00:00,4,lags_meteo,xgboost_direct,8.0,8.330511093139648
2023-03-21,2023-03-21 05:00:00,5,lags_meteo,xgboost_direct,9.0,8.261052131652832
2023-03-21,2023-03-21 06:00:00,6,lags_meteo,xgboost_direct,10.0,9.396939277648926
2023-03-21,2023-03-21 07:00:00,7,lags_meteo,xgboost_direct,12.0,9.129899024963379
2023-03-21,2023-03-21 08:00:00,8,lags_meteo,xgboost_direct,9.0,9.624951362609863
2023-03-21,2023-03-21 09:00:00,9,lags_meteo,xgboost_direct,17.0,10.722650527954102
2023-03-21,2023-03-21 10:00:00,10,lags_meteo,xgboost_direct,27.0,12.404960632324219
2023-03-21,2023-03-21 11:00:00,11,lags_meteo,xgboost_direct,34.0,14.13086986541748
2023-03-21,2023-03-21 12:00:00,12,lags_meteo,xgboost_direct,38.0,13.379497528076172
2023-03-21,2023-03-21 13:00:00,13,lags_meteo,xgboost_direct,31.0,13.0132474899292
2023-03-21,2023-03-21 14:00:00,14,lags_meteo,xgboost_direct,17.0,11.463835716247559
2023-03-21,2023-03-21 15:00:00,15,lags_meteo,xgboost_direct,12.0,11.850314140319824
2023-03-21,2023-03-21 16:00:00,16,lags_meteo,xgboost_direct,8.0,12.14762020111084
2023-03-21,2023-03-21 17:00:00,17,lags_meteo,xgboost_direct,2.0,12.058594703674316
2023-03-21,2023-03-21 18:00:00,18,lags_meteo,xgboost_direct,6.0,12.906238555908203
2023-03-21,2023-03-21 19:00:00,19,lags_meteo,xgboost_direct,8.0,13.167366981506348
2023-03-21,2023-03-21 20:00:00,20,lags_meteo,xgboost_direct,8.0,12.760960578918457
2023-03-21,2023-03-21 21:00:00,21,lags_meteo,xgboost_direct,14.0,13.943979263305664
2023-03-21,2023-03-21 22:00:00,22,lags_meteo,xgboost_direct,7.0,13.669501304626465
2023-03-21,2023-03-21 23:00:00,23,lags_meteo,xgboost_direct,6.0,13.459808349609375
2023-03-21,2023-03-22 00:00:00,24,lags_meteo,xgboost_direct,10.0,13.403255462646484
2023-03-22,2023-03-22 01:00:00,1,lags_meteo,xgboost_direct,9.0,8.367806434631348
2023-03-22,2023-03-22 02:00:00,2,lags_meteo,xgboost_direct,9.0,8.775404930114746
2023-03-22,2023-03-22 03:00:00,3,lags_meteo,xgboost_direct,10.0,8.93908405303955
2023-03-22,2023-03-22 04:00:00,4,lags_meteo,xgboost_direct,11.0,10.334794044494629
2023-03-22,2023-03-22 05:00:00,5,lags_meteo,xgboost_direct,11.0,9.777966499328613
2023-03-22,2023-03-22 06:00:00,6,lags_meteo,xgboost_direct,10.0,9.609641075134277
2023-03-22,2023-03-22 07:00:00,7,lags_meteo,xgboost_direct,11.0,10.155390739440918
2023-03-22,2023-03-22 08:00:00,8,lags_meteo,xgboost_direct,10.0,10.16096019744873
2023-03-22,2023-03-22 09:00:00,9,lags_meteo,xgboost_direct,20.0,13.772316932678223
2023-03-22,2023-03-22 10:00:00,10,lags_meteo,xgboost_direct,31.0,16.421770095825195
2023-03-22,2023-03-22 11:00:00,11,lags_meteo,xgboost_direct,37.0,18.525053024291992
2023-03-22,2023-03-22 12:00:00,12,lags_meteo,xgboost_direct,28.0,17.981731414794922
2023-03-22,2023-03-22 13:00:00,13,lags_meteo,xgboost_direct,20.0,16.908836364746094
2023-03-22,2023-03-22 14:00:00,14,lags_meteo,xgboost_direct,16.0,15.641551971435547
2023-03-22,2023-03-22 15:00:00,15,lags_meteo,xgboost_direct,7.0,14.776036262512207
2023-03-22,2023-03-22 16:00:00,16,lags_meteo,xgboost_direct,2.0,14.162928581237793
2023-03-22,2023-03-22 17:00:00,17,lags_meteo,xgboost_direct,2.0,13.36577320098877
2023-03-22,2023-03-22 18:00:00,18,lags_meteo,xgboost_direct,2.0,13.779317855834961
2023-03-22,2023-03-22 19:00:00,19,lags_meteo,xgboost_direct,4.0,15.322274208068848
2023-03-22,2023-03-22 20:00:00,20,lags_meteo,xgboost_direct,7.0,13.941363334655762
2023-03-22,2023-03-22 21:00:00,21,lags_meteo,xgboost_direct,9.0,13.755406379699707
2023-03-22,2023-03-22 22:00:00,22,lags_meteo,xgboost_direct,7.0,13.981521606445312
2023-03-22,2023-03-22 23:00:00,23,lags_meteo,xgboost_direct,6.0,13.444076538085938
2023-03-22,2023-03-23 00:00:00,24,lags_meteo,xgboost_direct,6.0,12.764785766601562
2023-03-23,2023-03-23 01:00:00,1,lags_meteo,xgboost_direct,6.0,7.7729268074035645
2023-03-23,2023-03-23 02:00:00,2,lags_meteo,xgboost_direct,6.0,8.043169975280762
2023-03-23,2023-03-23 03:00:00,3,lags_meteo,xgboost_direct,4.0,8.376225471496582
2023-03-23,2023-03-23 04:00:00,4,lags_meteo,xgboost_direct,7.0,9.496374130249023
2023-03-23,2023-03-23 05:00:00,5,lags_meteo,xgboost_direct,7.0,8.95594310760498
2023-03-23,2023-03-23 06:00:00,6,lags_meteo,xgboost_direct,3.0,8.40715503692627
2023-03-23,2023-03-23 07:00:00,7,lags_meteo,xgboost_direct,8.0,8.62566089630127
2023-03-23,2023-03-23 08:00:00,8,lags_meteo,xgboost_direct,16.0,10.184073448181152
2023-03-23,2023-03-23 09:00:00,9,lags_meteo,xgboost_direct,14.0,13.765263557434082
2023-03-23,2023-03-23 10:00:00,10,lags_meteo,xgboost_direct,20.0,16.65377426147461
2023-03-23,2023-03-23 11:00:00,11,lags_meteo,xgboost_direct,15.0,18.177095413208008
2023-03-23,2023-03-23 12:00:00,12,lags_meteo,xgboost_direct,13.0,17.930097579956055
2023-03-23,2023-03-23 13:00:00,13,lags_meteo,xgboost_direct,4.0,16.72540855407715
2023-03-23,2023-03-23 14:00:00,14,lags_meteo,xgboost_direct,6.0,15.325993537902832
2023-03-23,2023-03-23 15:00:00,15,lags_meteo,xgboost_direct,1.0,15.3218994140625
2023-03-23,2023-03-23 16:00:00,16,lags_meteo,xgboost_direct,2.0,14.646289825439453
2023-03-23,2023-03-23 17:00:00,17,lags_meteo,xgboost_direct,8.0,13.594930648803711
2023-03-23,2023-03-23 18:00:00,18,lags_meteo,xgboost_direct,8.0,13.146524429321289
2023-03-23,2023-03-23 19:00:00,19,lags_meteo,xgboost_direct,5.0,14.189227104187012
2023-03-23,2023-03-23 20:00:00,20,lags_meteo,xgboost_direct,4.0,14.617924690246582
2023-03-23,2023-03-23 21:00:00,21,lags_meteo,xgboost_direct,8.0,13.985251426696777
2023-03-23,2023-03-23 22:00:00,22,lags_meteo,xgboost_direct,5.0,13.889263153076172
2023-03-23,2023-03-23 23:00:00,23,lags_meteo,xgboost_direct,9.0,14.123568534851074
2023-03-23,2023-03-24 00:00:00,24,lags_meteo,xgboost_direct,9.0,14.898599624633789
2023-03-24,2023-03-24 01:00:00,1,lags_meteo,xgboost_direct,6.0,7.407543182373047
2023-03-24,2023-03-24 02:00:00,2,lags_meteo,xgboost_direct,5.0,7.208947658538818
2023-03-24,2023-03-24 03:00:00,3,lags_meteo,xgboost_direct,7.0,6.935179233551025
2023-03-24,2023-03-24 04:00:00,4,lags_meteo,xgboost_direct,8.0,7.241750717163086
2023-03-24,2023-03-24 05:00:00,5,lags_meteo,xgboost_direct,7.0,6.611038684844971
2023-03-24,2023-03-24 06:00:00,6,lags_meteo,xgboost_direct,8.0,6.812199592590332
2023-03-24,2023-03-24 07:00:00,7,lags_meteo,xgboost_direct,9.0,6.898425102233887
2023-03-24,2023-03-24 08:00:00,8,lags_meteo,xgboost_direct,11.0,8.003689765930176
2023-03-24,2023-03-24 09:00:00,9,lags_meteo,xgboost_direct,12.0,9.19409465789795
2023-03-24,2023-03-24 10:00:00,10,lags_meteo,xgboost_direct,13.0,10.377327919006348
2023-03-24,2023-03-24 11:00:00,11,lags_meteo,xgboost_direct,10.0,11.261687278747559
2023-03-24,2023-03-24 12:00:00,12,lags_meteo,xgboost_direct,4.0,10.26416301727295
2023-03-24,2023-03-24 13:00:00,13,lags_meteo,xgboost_direct,3.0,10.067523956298828
2023-03-24,2023-03-24 14:00:00,14,lags_meteo,xgboost_direct,3.0,10.440620422363281
2023-03-24,2023-03-24 15:00:00,15,lags_meteo,xgboost_direct,1.0,10.162209510803223
2023-03-24,2023-03-24 16:00:00,16,lags_meteo,xgboost_direct,1.0,10.040051460266113
2023-03-24,2023-03-24 17:00:00,17,lags_meteo,xgboost_direct,1.0,9.838262557983398
2023-03-24,2023-03-24 18:00:00,18,lags_meteo,xgboost_direct,1.0,9.78956413269043
2023-03-24,2023-03-24 19:00:00,19,lags_meteo,xgboost_direct,1.0,10.296793937683105
2023-03-24,2023-03-24 20:00:00,20,lags_meteo,xgboost_direct,6.0,10.105820655822754
2023-03-24,2023-03-24 21:00:00,21,lags_meteo,xgboost_direct,8.0,10.243334770202637
2023-03-24,2023-03-24 22:00:00,22,lags_meteo,xgboost_direct,8.0,9.85818862915039
2023-03-24,2023-03-24 23:00:00,23,lags_meteo,xgboost_direct,6.0,9.861919403076172
2023-03-24,2023-03-25 00:00:00,24,lags_meteo,xgboost_direct,6.0,9.750816345214844
2023-03-25,2023-03-25 01:00:00,1,lags_meteo,xgboost_direct,4.0,5.472776889801025
2023-03-25,2023-03-25 02:00:00,2,lags_meteo,xgboost_direct,4.0,4.8309550285339355
2023-03-25,2023-03-25 03:00:00,3,lags_meteo,xgboost_direct,5.0,4.879339694976807
2023-03-25,2023-03-25 04:00:00,4,lags_meteo,xgboost_direct,5.0,5.449462413787842
2023-03-25,2023-03-25 05:00:00,5,lags_meteo,xgboost_direct,4.0,5.189438819885254
2023-03-25,2023-03-25 06:00:00,6,lags_meteo,xgboost_direct,5.0,4.9833269119262695
2023-03-25,2023-03-25 07:00:00,7,lags_meteo,xgboost_direct,4.0,5.379290580749512
2023-03-25,2023-03-25 08:00:00,8,lags_meteo,xgboost_direct,5.0,6.1176438331604
2023-03-25,2023-03-25 09:00:00,9,lags_meteo,xgboost_direct,6.0,6.916871070861816
2023-03-25,2023-03-25 10:00:00,10,lags_meteo,xgboost_direct,8.0,8.274369239807129
2023-03-25,2023-03-25 11:00:00,11,lags_meteo,xgboost_direct,8.0,9.102925300598145
2023-03-25,2023-03-25 12:00:00,12,lags_meteo,xgboost_direct,16.0,8.837274551391602
2023-03-25,2023-03-25 13:00:00,13,lags_meteo,xgboost_direct,14.0,8.356060028076172
2023-03-25,2023-03-25 14:00:00,14,lags_meteo,xgboost_direct,2.0,8.837542533874512
2023-03-25,2023-03-25 15:00:00,15,lags_meteo,xgboost_direct,8.0,9.187188148498535
2023-03-25,2023-03-25 16:00:00,16,lags_meteo,xgboost_direct,5.0,9.65716552734375
2023-03-25,2023-03-25 17:00:00,17,lags_meteo,xgboost_direct,3.0,9.280041694641113
2023-03-25,2023-03-25 18:00:00,18,lags_meteo,xgboost_direct,8.0,9.139806747436523
2023-03-25,2023-03-25 19:00:00,19,lags_meteo,xgboost_direct,6.0,9.239957809448242
2023-03-25,2023-03-25 20:00:00,20,lags_meteo,xgboost_direct,11.0,9.398756980895996
2023-03-25,2023-03-25 21:00:00,21,lags_meteo,xgboost_direct,7.0,9.12431812286377
2023-03-25,2023-03-25 22:00:00,22,lags_meteo,xgboost_direct,8.0,9.591838836669922
2023-03-25,2023-03-25 23:00:00,23,lags_meteo,xgboost_direct,6.0,8.965118408203125
2023-03-25,2023-03-26 00:00:00,24,lags_meteo,xgboost_direct,4.0,9.536102294921875
2023-03-26,2023-03-26 01:00:00,1,lags_meteo,xgboost_direct,4.0,5.983672618865967
2023-03-26,2023-03-26 02:00:00,2,lags_meteo,xgboost_direct,,5.920773506164551
2023-03-26,2023-03-26 03:00:00,3,lags_meteo,xgboost_direct,7.0,5.8724541664123535
2023-03-26,2023-03-26 04:00:00,4,lags_meteo,xgboost_direct,4.0,6.098921775817871
2023-03-26,2023-03-26 05:00:00,5,lags_meteo,xgboost_direct,6.0,5.994989395141602
2023-03-26,2023-03-26 06:00:00,6,lags_meteo,xgboost_direct,7.0,6.412108898162842
2023-03-26,2023-03-26 07:00:00,7,lags_meteo,xgboost_direct,4.0,6.246662139892578
2023-03-26,2023-03-26 08:00:00,8,lags_meteo,xgboost_direct,3.0,7.301947593688965
2023-03-26,2023-03-26 09:00:00,9,lags_meteo,xgboost_direct,2.0,9.183924674987793
2023-03-26,2023-03-26 10:00:00,10,lags_meteo,xgboost_direct,6.0,10.332111358642578
2023-03-26,2023-03-26 11:00:00,11,lags_meteo,xgboost_direct,7.0,11.264382362365723
2023-03-26,2023-03-26 12:00:00,12,lags_meteo,xgboost_direct,12.0,11.439923286437988
2023-03-26,2023-03-26 13:00:00,13,lags_meteo,xgboost_direct,7.0,11.105254173278809
2023-03-26,2023-03-26 14:00:00,14,lags_meteo,xgboost_direct,3.0,11.170610427856445
2023-03-26,2023-03-26 15:00:00,15,lags_meteo,xgboost_direct,11.0,12.23380184173584
2023-03-26,2023-03-26 16:00:00,16,lags_meteo,xgboost_direct,4.0,10.930057525634766
2023-03-26,2023-03-26 17:00:00,17,lags_meteo,xgboost_direct,7.0,10.952342987060547
2023-03-26,2023-03-26 18:00:00,18,lags_meteo,xgboost_direct,6.0,10.360844612121582
2023-03-26,2023-03-26 19:00:00,19,lags_meteo,xgboost_direct,6.0,10.919153213500977
2023-03-26,2023-03-26 20:00:00,20,lags_meteo,xgboost_direct,9.0,9.996872901916504
2023-03-26,2023-03-26 21:00:00,21,lags_meteo,xgboost_direct,3.0,10.792420387268066
2023-03-26,2023-03-26 22:00:00,22,lags_meteo,xgboost_direct,5.0,10.88298511505127
2023-03-26,2023-03-26 23:00:00,23,lags_meteo,xgboost_direct,6.0,9.694286346435547
2023-03-26,2023-03-27 00:00:00,24,lags_meteo,xgboost_direct,7.0,11.25513744354248
2023-03-27,2023-03-27 01:00:00,1,lags_meteo,xgboost_direct,7.0,4.676362991333008
2023-03-27,2023-03-27 02:00:00,2,lags_meteo,xgboost_direct,8.0,4.697673320770264
2023-03-27,2023-03-27 03:00:00,3,lags_meteo,xgboost_direct,8.0,4.9676337242126465
2023-03-27,2023-03-27 04:00:00,4,lags_meteo,xgboost_direct,11.0,5.573404312133789
2023-03-27,2023-03-27 05:00:00,5,lags_meteo,xgboost_direct,11.0,6.040775775909424
2023-03-27,2023-03-27 06:00:00,6,lags_meteo,xgboost_direct,10.0,5.886213302612305
2023-03-27,2023-03-27 07:00:00,7,lags_meteo,xgboost_direct,9.0,6.781533241271973
2023-03-27,2023-03-27 08:00:00,8,lags_meteo,xgboost_direct,9.0,8.881582260131836
2023-03-27,2023-03-27 09:00:00,9,lags_meteo,xgboost_direct,14.0,9.870984077453613
2023-03-27,2023-03-27 10:00:00,10,lags_meteo,xgboost_direct,18.0,11.443510055541992
2023-03-27,2023-03-27 11:00:00,11,lags_meteo,xgboost_direct,20.0,10.556547164916992
2023-03-27,2023-03-27 12:00:00,12,lags_meteo,xgboost_direct,20.0,11.394639015197754
2023-03-27,2023-03-27 13:00:00,13,lags_meteo,xgboost_direct,16.0,10.24718952178955
2023-03-27,2023-03-27 14:00:00,14,lags_meteo,xgboost_direct,12.0,10.785192489624023
2023-03-27,2023-03-27 15:00:00,15,lags_meteo,xgboost_direct,13.0,11.3892240524292
2023-03-27,2023-03-27 16:00:00,16,lags_meteo,xgboost_direct,11.0,11.254849433898926
2023-03-27,2023-03-27 17:00:00,17,lags_meteo,xgboost_direct,8.0,10.655442237854004
2023-03-27,2023-03-27 18:00:00,18,lags_meteo,xgboost_direct,13.0,12.484920501708984
2023-03-27,2023-03-27 19:00:00,19,lags_meteo,xgboost_direct,13.0,11.525252342224121
2023-03-27,2023-03-27 20:00:00,20,lags_meteo,xgboost_direct,16.0,15.520984649658203
2023-03-27,2023-03-27 21:00:00,21,lags_meteo,xgboost_direct,5.0,14.468794822692871
2023-03-27,2023-03-27 22:00:00,22,lags_meteo,xgboost_direct,5.0,10.954588890075684
2023-03-27,2023-03-27 23:00:00,23,lags_meteo,xgboost_direct,15.0,10.758320808410645
2023-03-27,2023-03-28 00:00:00,24,lags_meteo,xgboost_direct,10.0,13.239516258239746
2023-03-28,2023-03-28 01:00:00,1,lags_meteo,xgboost_direct,11.0,13.613872528076172
2023-03-28,2023-03-28 02:00:00,2,lags_meteo,xgboost_direct,11.0,13.463761329650879
2023-03-28,2023-03-28 03:00:00,3,lags_meteo,xgboost_direct,10.0,13.650341987609863
2023-03-28,2023-03-28 04:00:00,4,lags_meteo,xgboost_direct,8.0,12.973130226135254
2023-03-28,2023-03-28 05:00:00,5,lags_meteo,xgboost_direct,8.0,12.23208236694336
2023-03-28,2023-03-28 06:00:00,6,lags_meteo,xgboost_direct,7.0,11.125465393066406
2023-03-28,2023-03-28 07:00:00,7,lags_meteo,xgboost_direct,8.0,12.536219596862793
2023-03-28,2023-03-28 08:00:00,8,lags_meteo,xgboost_direct,9.0,13.663741111755371
2023-03-28,2023-03-28 09:00:00,9,lags_meteo,xgboost_direct,14.0,17.944561004638672
2023-03-28,2023-03-28 10:00:00,10,lags_meteo,xgboost_direct,27.0,20.502822875976562
2023-03-28,2023-03-28 11:00:00,11,lags_meteo,xgboost_direct,37.0,20.846004486083984
2023-03-28,2023-03-28 12:00:00,12,lags_meteo,xgboost_direct,30.0,20.455507278442383
2023-03-28,2023-03-28 13:00:00,13,lags_meteo,xgboost_direct,22.0,21.811399459838867
2023-03-28,2023-03-28 14:00:00,14,lags_meteo,xgboost_direct,25.0,19.668298721313477
2023-03-28,2023-03-28 15:00:00,15,lags_meteo,xgboost_direct,28.0,17.915441513061523
2023-03-28,2023-03-28 16:00:00,16,lags_meteo,xgboost_direct,8.0,16.587339401245117
2023-03-28,2023-03-28 17:00:00,17,lags_meteo,xgboost_direct,14.0,16.750757217407227
2023-03-28,2023-03-28 18:00:00,18,lags_meteo,xgboost_direct,16.0,15.916735649108887
2023-03-28,2023-03-28 19:00:00,19,lags_meteo,xgboost_direct,16.0,15.3955717086792
2023-03-28,2023-03-28 20:00:00,20,lags_meteo,xgboost_direct,12.0,16.61566734313965
2023-03-28,2023-03-28 21:00:00,21,lags_meteo,xgboost_direct,12.0,16.568500518798828
2023-03-28,2023-03-28 22:00:00,22,lags_meteo,xgboost_direct,10.0,16.77666664123535
2023-03-28,2023-03-28 23:00:00,23,lags_meteo,xgboost_direct,16.0,17.370920181274414
2023-03-28,2023-03-29 00:00:00,24,lags_meteo,xgboost_direct,19.0,16.297273635864258
2023-03-29,2023-03-29 01:00:00,1,lags_meteo,xgboost_direct,22.0,15.346501350402832
2023-03-29,2023-03-29 02:00:00,2,lags_meteo,xgboost_direct,22.0,15.34887409210205
2023-03-29,2023-03-29 03:00:00,3,lags_meteo,xgboost_direct,18.0,15.235088348388672
2023-03-29,2023-03-29 04:00:00,4,lags_meteo,xgboost_direct,17.0,14.68166446685791
2023-03-29,2023-03-29 05:00:00,5,lags_meteo,xgboost_direct,17.0,14.925745964050293
2023-03-29,2023-03-29 06:00:00,6,lags_meteo,xgboost_direct,15.0,15.223355293273926
2023-03-29,2023-03-29 07:00:00,7,lags_meteo,xgboost_direct,13.0,13.766322135925293
2023-03-29,2023-03-29 08:00:00,8,lags_meteo,xgboost_direct,12.0,15.82557201385498
2023-03-29,2023-03-29 09:00:00,9,lags_meteo,xgboost_direct,17.0,18.16750717163086
2023-03-29,2023-03-29 10:00:00,10,lags_meteo,xgboost_direct,19.0,22.871583938598633
2023-03-29,2023-03-29 11:00:00,11,lags_meteo,xgboost_direct,30.0,25.196224212646484
2023-03-29,2023-03-29 12:00:00,12,lags_meteo,xgboost_direct,31.0,23.927873611450195
2023-03-29,2023-03-29 13:00:00,13,lags_meteo,xgboost_direct,30.0,23.48079490661621
2023-03-29,2023-03-29 14:00:00,14,lags_meteo,xgboost_direct,35.0,22.76823616027832
2023-03-29,2023-03-29 15:00:00,15,lags_meteo,xgboost_direct,34.0,22.526369094848633
2023-03-29,2023-03-29 16:00:00,16,lags_meteo,xgboost_direct,18.0,19.84303092956543
2023-03-29,2023-03-29 17:00:00,17,lags_meteo,xgboost_direct,15.0,20.25565528869629
2023-03-29,2023-03-29 18:00:00,18,lags_meteo,xgboost_direct,16.0,19.005590438842773
2023-03-29,2023-03-29 19:00:00,19,lags_meteo,xgboost_direct,12.0,19.247066497802734
2023-03-29,2023-03-29 20:00:00,20,lags_meteo,xgboost_direct,10.0,18.341398239135742
2023-03-29,2023-03-29 21:00:00,21,lags_meteo,xgboost_direct,19.0,17.79121208190918
2023-03-29,2023-03-29 22:00:00,22,lags_meteo,xgboost_direct,22.0,18.182523727416992
2023-03-29,2023-03-29 23:00:00,23,lags_meteo,xgboost_direct,15.0,18.038101196289062
2023-03-29,2023-03-30 00:00:00,24,lags_meteo,xgboost_direct,12.0,17.339702606201172
2023-03-30,2023-03-30 01:00:00,1,lags_meteo,xgboost_direct,16.0,14.170914649963379
2023-03-30,2023-03-30 02:00:00,2,lags_meteo,xgboost_direct,19.0,14.196700096130371
2023-03-30,2023-03-30 03:00:00,3,lags_meteo,xgboost_direct,18.0,13.642326354980469
2023-03-30,2023-03-30 04:00:00,4,lags_meteo,xgboost_direct,14.0,14.073580741882324
2023-03-30,2023-03-30 05:00:00,5,lags_meteo,xgboost_direct,11.0,14.17207145690918
2023-03-30,2023-03-30 06:00:00,6,lags_meteo,xgboost_direct,15.0,14.496212005615234
2023-03-30,2023-03-30 07:00:00,7,lags_meteo,xgboost_direct,15.0,14.789875030517578
2023-03-30,2023-03-30 08:00:00,8,lags_meteo,xgboost_direct,20.0,16.85259437561035
2023-03-30,2023-03-30 09:00:00,9,lags_meteo,xgboost_direct,23.0,19.249725341796875
2023-03-30,2023-03-30 10:00:00,10,lags_meteo,xgboost_direct,22.0,22.183225631713867
2023-03-30,2023-03-30 11:00:00,11,lags_meteo,xgboost_direct,16.0,20.775733947753906
2023-03-30,2023-03-30 12:00:00,12,lags_meteo,xgboost_direct,10.0,19.401273727416992
2023-03-30,2023-03-30 13:00:00,13,lags_meteo,xgboost_direct,16.0,19.396360397338867
2023-03-30,2023-03-30 14:00:00,14,lags_meteo,xgboost_direct,13.0,18.390155792236328
2023-03-30,2023-03-30 15:00:00,15,lags_meteo,xgboost_direct,21.0,19.216012954711914
2023-03-30,2023-03-30 16:00:00,16,lags_meteo,xgboost_direct,25.0,17.13237190246582
2023-03-30,2023-03-30 17:00:00,17,lags_meteo,xgboost_direct,21.0,16.084836959838867
2023-03-30,2023-03-30 18:00:00,18,lags_meteo,xgboost_direct,19.0,16.5374698638916
2023-03-30,2023-03-30 19:00:00,19,lags_meteo,xgboost_direct,19.0,16.511974334716797
2023-03-30,2023-03-30 20:00:00,20,lags_meteo,xgboost_direct,17.0,17.09087562561035
2023-03-30,2023-03-30 21:00:00,21,lags_meteo,xgboost_direct,15.0,18.744949340820312
2023-03-30,2023-03-30 22:00:00,22,lags_meteo,xgboost_direct,16.0,18.048681259155273
2023-03-30,2023-03-30 23:00:00,23,lags_meteo,xgboost_direct,13.0,17.901742935180664
2023-03-30,2023-03-31 00:00:00,24,lags_meteo,xgboost_direct,13.0,15.516220092773438
2023-03-31,2023-03-31 01:00:00,1,lags_meteo,xgboost_direct,15.0,11.155985832214355
2023-03-31,2023-03-31 02:00:00,2,lags_meteo,xgboost_direct,17.0,10.877937316894531
2023-03-31,2023-03-31 03:00:00,3,lags_meteo,xgboost_direct,16.0,10.66789436340332
2023-03-31,2023-03-31 04:00:00,4,lags_meteo,xgboost_direct,18.0,11.570296287536621
2023-03-31,2023-03-31 05:00:00,5,lags_meteo,xgboost_direct,15.0,11.245595932006836
2023-03-31,2023-03-31 06:00:00,6,lags_meteo,xgboost_direct,15.0,10.952485084533691
2023-03-31,2023-03-31 07:00:00,7,lags_meteo,xgboost_direct,16.0,11.685091972351074
2023-03-31,2023-03-31 08:00:00,8,lags_meteo,xgboost_direct,17.0,11.592403411865234
2023-03-31,2023-03-31 09:00:00,9,lags_meteo,xgboost_direct,18.0,11.847946166992188
2023-03-31,2023-03-31 10:00:00,10,lags_meteo,xgboost_direct,14.0,13.89494514465332
2023-03-31,2023-03-31 11:00:00,11,lags_meteo,xgboost_direct,18.0,12.952902793884277
2023-03-31,2023-03-31 12:00:00,12,lags_meteo,xgboost_direct,18.0,12.915450096130371
2023-03-31,2023-03-31 13:00:00,13,lags_meteo,xgboost_direct,9.0,12.376450538635254
2023-03-31,2023-03-31 14:00:00,14,lags_meteo,xgboost_direct,1.0,12.145400047302246
2023-03-31,2023-03-31 15:00:00,15,lags_meteo,xgboost_direct,5.0,11.78787899017334
2023-03-31,2023-03-31 16:00:00,16,lags_meteo,xgboost_direct,17.0,13.151320457458496
2023-03-31,2023-03-31 17:00:00,17,lags_meteo,xgboost_direct,9.0,12.742156028747559
2023-03-31,2023-03-31 18:00:00,18,lags_meteo,xgboost_direct,2.0,13.840885162353516
2023-03-31,2023-03-31 19:00:00,19,lags_meteo,xgboost_direct,12.0,14.637279510498047
2023-03-31,2023-03-31 20:00:00,20,lags_meteo,xgboost_direct,10.0,14.101860046386719
2023-03-31,2023-03-31 21:00:00,21,lags_meteo,xgboost_direct,12.0,13.94009780883789
2023-03-31,2023-03-31 22:00:00,22,lags_meteo,xgboost_direct,13.0,13.307026863098145
2023-03-31,2023-03-31 23:00:00,23,lags_meteo,xgboost_direct,11.0,14.747633934020996
2023-03-31,2023-04-01 00:00:00,24,lags_meteo,xgboost_direct,15.0,12.934287071228027
2023-04-01,2023-04-01 01:00:00,1,lags_meteo,xgboost_direct,16.0,9.307860374450684
2023-04-01,2023-04-01 02:00:00,2,lags_meteo,xgboost_direct,16.0,8.742420196533203
2023-04-01,2023-04-01 03:00:00,3,lags_meteo,xgboost_direct,17.0,8.519686698913574
2023-04-01,2023-04-01 04:00:00,4,lags_meteo,xgboost_direct,16.0,8.488517761230469
2023-04-01,2023-04-01 05:00:00,5,lags_meteo,xgboost_direct,16.0,8.643768310546875
2023-04-01,2023-04-01 06:00:00,6,lags_meteo,xgboost_direct,10.0,8.241164207458496
2023-04-01,2023-04-01 07:00:00,7,lags_meteo,xgboost_direct,11.0,7.684419631958008
2023-04-01,2023-04-01 08:00:00,8,lags_meteo,xgboost_direct,11.0,8.95522689819336
2023-04-01,2023-04-01 09:00:00,9,lags_meteo,xgboost_direct,10.0,10.825971603393555
2023-04-01,2023-04-01 10:00:00,10,lags_meteo,xgboost_direct,11.0,12.85549545288086
2023-04-01,2023-04-01 11:00:00,11,lags_meteo,xgboost_direct,9.0,11.873629570007324
2023-04-01,2023-04-01 12:00:00,12,lags_meteo,xgboost_direct,10.0,12.405506134033203
2023-04-01,2023-04-01 13:00:00,13,lags_meteo,xgboost_direct,9.0,10.763618469238281
2023-04-01,2023-04-01 14:00:00,14,lags_meteo,xgboost_direct,10.0,9.670689582824707
2023-04-01,2023-04-01 15:00:00,15,lags_meteo,xgboost_direct,16.0,8.161376953125
2023-04-01,2023-04-01 16:00:00,16,lags_meteo,xgboost_direct,7.0,8.513934135437012
2023-04-01,2023-04-01 17:00:00,17,lags_meteo,xgboost_direct,8.0,7.555893898010254
2023-04-01,2023-04-01 18:00:00,18,lags_meteo,xgboost_direct,9.0,8.400761604309082
2023-04-01,2023-04-01 19:00:00,19,lags_meteo,xgboost_direct,10.0,9.555876731872559
2023-04-01,2023-04-01 20:00:00,20,lags_meteo,xgboost_direct,6.0,10.206510543823242
2023-04-01,2023-04-01 21:00:00,21,lags_meteo,xgboost_direct,4.0,10.257413864135742
2023-04-01,2023-04-01 22:00:00,22,lags_meteo,xgboost_direct,2.0,11.245185852050781
2023-04-01,2023-04-01 23:00:00,23,lags_meteo,xgboost_direct,10.0,11.884284019470215
2023-04-01,2023-04-02 00:00:00,24,lags_meteo,xgboost_direct,12.0,9.623927116394043
2023-04-02,2023-04-02 01:00:00,1,lags_meteo,xgboost_direct,3.0,8.11829662322998
2023-04-02,2023-04-02 02:00:00,2,lags_meteo,xgboost_direct,3.0,8.130695343017578
2023-04-02,2023-04-02 03:00:00,3,lags_meteo,xgboost_direct,9.0,8.185624122619629
2023-04-02,2023-04-02 04:00:00,4,lags_meteo,xgboost_direct,6.0,8.327775001525879
2023-04-02,2023-04-02 05:00:00,5,lags_meteo,xgboost_direct,4.0,8.130071640014648
2023-04-02,2023-04-02 06:00:00,6,lags_meteo,xgboost_direct,5.0,7.586929798126221
2023-04-02,2023-04-02 07:00:00,7,lags_meteo,xgboost_direct,5.0,8.510866165161133
2023-04-02,2023-04-02 08:00:00,8,lags_meteo,xgboost_direct,6.0,9.928606033325195
2023-04-02,2023-04-02 09:00:00,9,lags_meteo,xgboost_direct,9.0,10.761926651000977
2023-04-02,2023-04-02 10:00:00,10,lags_meteo,xgboost_direct,7.0,12.897231101989746
2023-04-02,2023-04-02 11:00:00,11,lags_meteo,xgboost_direct,2.0,12.818441390991211
2023-04-02,2023-04-02 12:00:00,12,lags_meteo,xgboost_direct,7.0,12.570205688476562
2023-04-02,2023-04-02 13:00:00,13,lags_meteo,xgboost_direct,7.0,11.976794242858887
2023-04-02,2023-04-02 14:00:00,14,lags_meteo,xgboost_direct,6.0,11.526147842407227
2023-04-02,2023-04-02 15:00:00,15,lags_meteo,xgboost_direct,1.0,11.506000518798828
2023-04-02,2023-04-02 16:00:00,16,lags_meteo,xgboost_direct,6.0,10.531816482543945
2023-04-02,2023-04-02 17:00:00,17,lags_meteo,xgboost_direct,9.0,10.82695484161377
2023-04-02,2023-04-02 18:00:00,18,lags_meteo,xgboost_direct,10.0,10.276365280151367
2023-04-02,2023-04-02 19:00:00,19,lags_meteo,xgboost_direct,4.0,10.722033500671387
2023-04-02,2023-04-02 20:00:00,20,lags_meteo,xgboost_direct,4.0,10.011868476867676
2023-04-02,2023-04-02 21:00:00,21,lags_meteo,xgboost_direct,3.0,10.209280967712402
2023-04-02,2023-04-02 22:00:00,22,lags_meteo,xgboost_direct,4.0,10.087733268737793
2023-04-02,2023-04-02 23:00:00,23,lags_meteo,xgboost_direct,7.0,10.394659996032715
2023-04-02,2023-04-03 00:00:00,24,lags_meteo,xgboost_direct,4.0,10.707350730895996
2023-04-03,2023-04-03 01:00:00,1,lags_meteo,xgboost_direct,5.0,6.949265480041504
2023-04-03,2023-04-03 02:00:00,2,lags_meteo,xgboost_direct,3.0,7.5329909324646
2023-04-03,2023-04-03 03:00:00,3,lags_meteo,xgboost_direct,5.0,7.972562313079834
2023-04-03,2023-04-03 04:00:00,4,lags_meteo,xgboost_direct,2.0,8.975448608398438
2023-04-03,2023-04-03 05:00:00,5,lags_meteo,xgboost_direct,7.0,9.398633003234863
2023-04-03,2023-04-03 06:00:00,6,lags_meteo,xgboost_direct,6.0,8.975111961364746
2023-04-03,2023-04-03 07:00:00,7,lags_meteo,xgboost_direct,6.0,8.41969108581543
2023-04-03,2023-04-03 08:00:00,8,lags_meteo,xgboost_direct,5.0,9.80711841583252
2023-04-03,2023-04-03 09:00:00,9,lags_meteo,xgboost_direct,15.0,10.530945777893066
2023-04-03,2023-04-03 10:00:00,10,lags_meteo,xgboost_direct,26.0,13.695121765136719
2023-04-03,2023-04-03 11:00:00,11,lags_meteo,xgboost_direct,21.0,13.818645477294922
2023-04-03,2023-04-03 12:00:00,12,lags_meteo,xgboost_direct,17.0,12.937531471252441
2023-04-03,2023-04-03 13:00:00,13,lags_meteo,xgboost_direct,17.0,12.510832786560059
2023-04-03,2023-04-03 14:00:00,14,lags_meteo,xgboost_direct,12.0,11.446182250976562
2023-04-03,2023-04-03 15:00:00,15,lags_meteo,xgboost_direct,9.0,10.943061828613281
2023-04-03,2023-04-03 16:00:00,16,lags_meteo,xgboost_direct,14.0,11.571255683898926
2023-04-03,2023-04-03 17:00:00,17,lags_meteo,xgboost_direct,16.0,10.82699203491211
2023-04-03,2023-04-03 18:00:00,18,lags_meteo,xgboost_direct,11.0,12.122472763061523
2023-04-03,2023-04-03 19:00:00,19,lags_meteo,xgboost_direct,12.0,11.614006996154785
2023-04-03,2023-04-03 20:00:00,20,lags_meteo,xgboost_direct,12.0,11.62884521484375
2023-04-03,2023-04-03 21:00:00,21,lags_meteo,xgboost_direct,8.0,11.737417221069336
2023-04-03,2023-04-03 22:00:00,22,lags_meteo,xgboost_direct,6.0,11.691450119018555
2023-04-03,2023-04-03 23:00:00,23,lags_meteo,xgboost_direct,12.0,11.483495712280273
2023-04-03,2023-04-04 00:00:00,24,lags_meteo,xgboost_direct,11.0,10.481817245483398
2023-04-04,2023-04-04 01:00:00,1,lags_meteo,xgboost_direct,12.0,10.88264274597168
2023-04-04,2023-04-04 02:00:00,2,lags_meteo,xgboost_direct,9.0,11.37934684753418
2023-04-04,2023-04-04 03:00:00,3,lags_meteo,xgboost_direct,7.0,11.892724990844727
2023-04-04,2023-04-04 04:00:00,4,lags_meteo,xgboost_direct,9.0,11.48021125793457
2023-04-04,2023-04-04 05:00:00,5,lags_meteo,xgboost_direct,8.0,10.935853958129883
2023-04-04,2023-04-04 06:00:00,6,lags_meteo,xgboost_direct,8.0,10.808969497680664
2023-04-04,2023-04-04 07:00:00,7,lags_meteo,xgboost_direct,5.0,11.624011039733887
2023-04-04,2023-04-04 08:00:00,8,lags_meteo,xgboost_direct,7.0,12.236015319824219
2023-04-04,2023-04-04 09:00:00,9,lags_meteo,xgboost_direct,9.0,14.964814186096191
2023-04-04,2023-04-04 10:00:00,10,lags_meteo,xgboost_direct,11.0,16.3209285736084
2023-04-04,2023-04-04 11:00:00,11,lags_meteo,xgboost_direct,6.0,16.26686668395996
2023-04-04,2023-04-04 12:00:00,12,lags_meteo,xgboost_direct,2.0,16.231660842895508
2023-04-04,2023-04-04 13:00:00,13,lags_meteo,xgboost_direct,3.0,15.83568000793457
2023-04-04,2023-04-04 14:00:00,14,lags_meteo,xgboost_direct,8.0,13.428277969360352
2023-04-04,2023-04-04 15:00:00,15,lags_meteo,xgboost_direct,18.0,11.999237060546875
2023-04-04,2023-04-04 16:00:00,16,lags_meteo,xgboost_direct,8.0,10.398444175720215
2023-04-04,2023-04-04 17:00:00,17,lags_meteo,xgboost_direct,9.0,10.306840896606445
2023-04-04,2023-04-04 18:00:00,18,lags_meteo,xgboost_direct,8.0,10.991129875183105
2023-04-04,2023-04-04 19:00:00,19,lags_meteo,xgboost_direct,13.0,10.730888366699219
2023-04-04,2023-04-04 20:00:00,20,lags_meteo,xgboost_direct,11.0,10.66429615020752
2023-04-04,2023-04-04 21:00:00,21,lags_meteo,xgboost_direct,3.0,11.31031608581543
2023-04-04,2023-04-04 22:00:00,22,lags_meteo,xgboost_direct,7.0,11.009964942932129
2023-04-04,2023-04-04 23:00:00,23,lags_meteo,xgboost_direct,6.0,12.130501747131348
2023-04-04,2023-04-05 00:00:00,24,lags_meteo,xgboost_direct,6.0,10.847126960754395
2023-04-05,2023-04-05 01:00:00,1,lags_meteo,xgboost_direct,3.0,5.008203029632568
2023-04-05,2023-04-05 02:00:00,2,lags_meteo,xgboost_direct,3.0,5.042760372161865
2023-04-05,2023-04-05 03:00:00,3,lags_meteo,xgboost_direct,5.0,5.179055213928223
2023-04-05,2023-04-05 04:00:00,4,lags_meteo,xgboost_direct,6.0,5.714865207672119
2023-04-05,2023-04-05 05:00:00,5,lags_meteo,xgboost_direct,3.0,5.453034400939941
2023-04-05,2023-04-05 06:00:00,6,lags_meteo,xgboost_direct,1.0,6.472679615020752
2023-04-05,2023-04-05 07:00:00,7,lags_meteo,xgboost_direct,1.0,7.486443042755127
2023-04-05,2023-04-05 08:00:00,8,lags_meteo,xgboost_direct,3.0,9.365222930908203
2023-04-05,2023-04-05 09:00:00,9,lags_meteo,xgboost_direct,8.0,10.582895278930664
2023-04-05,2023-04-05 10:00:00,10,lags_meteo,xgboost_direct,11.0,10.519606590270996
2023-04-05,2023-04-05 11:00:00,11,lags_meteo,xgboost_direct,8.0,10.802034378051758
2023-04-05,2023-04-05 12:00:00,12,lags_meteo,xgboost_direct,2.0,9.953051567077637
2023-04-05,2023-04-05 13:00:00,13,lags_meteo,xgboost_direct,1.0,10.01947021484375
2023-04-05,2023-04-05 14:00:00,14,lags_meteo,xgboost_direct,5.0,9.941668510437012
2023-04-05,2023-04-05 15:00:00,15,lags_meteo,xgboost_direct,8.0,10.097688674926758
2023-04-05,2023-04-05 16:00:00,16,lags_meteo,xgboost_direct,1.0,10.480018615722656
2023-04-05,2023-04-05 17:00:00,17,lags_meteo,xgboost_direct,1.0,10.851696014404297
2023-04-05,2023-04-05 18:00:00,18,lags_meteo,xgboost_direct,8.0,11.5320463180542
2023-04-05,2023-04-05 19:00:00,19,lags_meteo,xgboost_direct,4.0,11.436548233032227
2023-04-05,2023-04-05 20:00:00,20,lags_meteo,xgboost_direct,11.0,11.24238395690918
2023-04-05,2023-04-05 21:00:00,21,lags_meteo,xgboost_direct,10.0,11.11020565032959
2023-04-05,2023-04-05 22:00:00,22,lags_meteo,xgboost_direct,14.0,10.846475601196289
2023-04-05,2023-04-05 23:00:00,23,lags_meteo,xgboost_direct,15.0,10.987910270690918
2023-04-05,2023-04-06 00:00:00,24,lags_meteo,xgboost_direct,10.0,10.332769393920898
2023-04-06,2023-04-06 01:00:00,1,lags_meteo,xgboost_direct,9.0,13.290631294250488
2023-04-06,2023-04-06 02:00:00,2,lags_meteo,xgboost_direct,5.0,13.116268157958984
2023-04-06,2023-04-06 03:00:00,3,lags_meteo,xgboost_direct,6.0,12.902244567871094
2023-04-06,2023-04-06 04:00:00,4,lags_meteo,xgboost_direct,7.0,12.386669158935547
2023-04-06,2023-04-06 05:00:00,5,lags_meteo,xgboost_direct,5.0,11.875765800476074
2023-04-06,2023-04-06 06:00:00,6,lags_meteo,xgboost_direct,4.0,11.154783248901367
2023-04-06,2023-04-06 07:00:00,7,lags_meteo,xgboost_direct,5.0,11.483345985412598
2023-04-06,2023-04-06 08:00:00,8,lags_meteo,xgboost_direct,5.0,12.8834810256958
2023-04-06,2023-04-06 09:00:00,9,lags_meteo,xgboost_direct,5.0,15.613123893737793
2023-04-06,2023-04-06 10:00:00,10,lags_meteo,xgboost_direct,10.0,18.259550094604492
2023-04-06,2023-04-06 11:00:00,11,lags_meteo,xgboost_direct,14.0,16.884689331054688
2023-04-06,2023-04-06 12:00:00,12,lags_meteo,xgboost_direct,14.0,16.573772430419922
2023-04-06,2023-04-06 13:00:00,13,lags_meteo,xgboost_direct,10.0,16.234695434570312
2023-04-06,2023-04-06 14:00:00,14,lags_meteo,xgboost_direct,6.0,15.735902786254883
2023-04-06,2023-04-06 15:00:00,15,lags_meteo,xgboost_direct,9.0,14.482599258422852
2023-04-06,2023-04-06 16:00:00,16,lags_meteo,xgboost_direct,15.0,14.043756484985352
2023-04-06,2023-04-06 17:00:00,17,lags_meteo,xgboost_direct,13.0,13.646064758300781
2023-04-06,2023-04-06 18:00:00,18,lags_meteo,xgboost_direct,6.0,13.843173027038574
2023-04-06,2023-04-06 19:00:00,19,lags_meteo,xgboost_direct,13.0,13.843220710754395
2023-04-06,2023-04-06 20:00:00,20,lags_meteo,xgboost_direct,7.0,14.252561569213867
2023-04-06,2023-04-06 21:00:00,21,lags_meteo,xgboost_direct,8.0,14.416150093078613
2023-04-06,2023-04-06 22:00:00,22,lags_meteo,xgboost_direct,12.0,14.483428001403809
2023-04-06,2023-04-06 23:00:00,23,lags_meteo,xgboost_direct,16.0,14.605629920959473
2023-04-06,2023-04-07 00:00:00,24,lags_meteo,xgboost_direct,12.0,14.95792293548584
2023-04-07,2023-04-07 01:00:00,1,lags_meteo,xgboost_direct,12.0,13.797399520874023
2023-04-07,2023-04-07 02:00:00,2,lags_meteo,xgboost_direct,8.0,13.411019325256348
2023-04-07,2023-04-07 03:00:00,3,lags_meteo,xgboost_direct,7.0,12.856828689575195
2023-04-07,2023-04-07 04:00:00,4,lags_meteo,xgboost_direct,9.0,11.864487648010254
2023-04-07,2023-04-07 05:00:00,5,lags_meteo,xgboost_direct,7.0,11.586102485656738
2023-04-07,2023-04-07 06:00:00,6,lags_meteo,xgboost_direct,7.0,11.279160499572754
2023-04-07,2023-04-07 07:00:00,7,lags_meteo,xgboost_direct,7.0,12.433228492736816
2023-04-07,2023-04-07 08:00:00,8,lags_meteo,xgboost_direct,5.0,12.453965187072754
2023-04-07,2023-04-07 09:00:00,9,lags_meteo,xgboost_direct,10.0,15.8468599319458
2023-04-07,2023-04-07 10:00:00,10,lags_meteo,xgboost_direct,10.0,18.1569766998291
2023-04-07,2023-04-07 11:00:00,11,lags_meteo,xgboost_direct,12.0,17.42315673828125
2023-04-07,2023-04-07 12:00:00,12,lags_meteo,xgboost_direct,8.0,16.622831344604492
2023-04-07,2023-04-07 13:00:00,13,lags_meteo,xgboost_direct,14.0,15.288538932800293
2023-04-07,2023-04-07 14:00:00,14,lags_meteo,xgboost_direct,16.0,14.370869636535645
2023-04-07,2023-04-07 15:00:00,15,lags_meteo,xgboost_direct,15.0,13.578439712524414
2023-04-07,2023-04-07 16:00:00,16,lags_meteo,xgboost_direct,10.0,13.155590057373047
2023-04-07,2023-04-07 17:00:00,17,lags_meteo,xgboost_direct,8.0,12.850688934326172
2023-04-07,2023-04-07 18:00:00,18,lags_meteo,xgboost_direct,11.0,13.060470581054688
2023-04-07,2023-04-07 19:00:00,19,lags_meteo,xgboost_direct,9.0,13.34158706665039
2023-04-07,2023-04-07 20:00:00,20,lags_meteo,xgboost_direct,11.0,13.099699020385742
2023-04-07,2023-04-07 21:00:00,21,lags_meteo,xgboost_direct,13.0,13.066045761108398
2023-04-07,2023-04-07 22:00:00,22,lags_meteo,xgboost_direct,18.0,13.300557136535645
2023-04-07,2023-04-07 23:00:00,23,lags_meteo,xgboost_direct,11.0,13.282745361328125
2023-04-07,2023-04-08 00:00:00,24,lags_meteo,xgboost_direct,11.0,13.047194480895996
2023-04-08,2023-04-08 01:00:00,1,lags_meteo,xgboost_direct,7.0,10.854364395141602
2023-04-08,2023-04-08 02:00:00,2,lags_meteo,xgboost_direct,16.0,10.964797973632812
2023-04-08,2023-04-08 03:00:00,3,lags_meteo,xgboost_direct,15.0,10.993412971496582
2023-04-08,2023-04-08 04:00:00,4,lags_meteo,xgboost_direct,14.0,11.29883861541748
2023-04-08,2023-04-08 05:00:00,5,lags_meteo,xgboost_direct,11.0,12.335087776184082
2023-04-08,2023-04-08 06:00:00,6,lags_meteo,xgboost_direct,11.0,12.240531921386719
2023-04-08,2023-04-08 07:00:00,7,lags_meteo,xgboost_direct,12.0,11.879048347473145
2023-04-08,2023-04-08 08:00:00,8,lags_meteo,xgboost_direct,10.0,12.517828941345215
2023-04-08,2023-04-08 09:00:00,9,lags_meteo,xgboost_direct,10.0,13.168722152709961
2023-04-08,2023-04-08 10:00:00,10,lags_meteo,xgboost_direct,17.0,15.540555000305176
2023-04-08,2023-04-08 11:00:00,11,lags_meteo,xgboost_direct,11.0,15.70938491821289
2023-04-08,2023-04-08 12:00:00,12,lags_meteo,xgboost_direct,10.0,15.41938591003418
2023-04-08,2023-04-08 13:00:00,13,lags_meteo,xgboost_direct,7.0,14.270987510681152
2023-04-08,2023-04-08 14:00:00,14,lags_meteo,xgboost_direct,9.0,13.892450332641602
2023-04-08,2023-04-08 15:00:00,15,lags_meteo,xgboost_direct,9.0,13.646676063537598
2023-04-08,2023-04-08 16:00:00,16,lags_meteo,xgboost_direct,7.0,13.990401268005371
2023-04-08,2023-04-08 17:00:00,17,lags_meteo,xgboost_direct,6.0,13.875345230102539
2023-04-08,2023-04-08 18:00:00,18,lags_meteo,xgboost_direct,9.0,14.07575511932373
2023-04-08,2023-04-08 19:00:00,19,lags_meteo,xgboost_direct,9.0,14.66257095336914
2023-04-08,2023-04-08 20:00:00,20,lags_meteo,xgboost_direct,8.0,14.557819366455078
2023-04-08,2023-04-08 21:00:00,21,lags_meteo,xgboost_direct,11.0,14.787166595458984
2023-04-08,2023-04-08 22:00:00,22,lags_meteo,xgboost_direct,14.0,13.493307113647461
2023-04-08,2023-04-08 23:00:00,23,lags_meteo,xgboost_direct,10.0,12.457128524780273
2023-04-08,2023-04-09 00:00:00,24,lags_meteo,xgboost_direct,13.0,12.562915802001953
2023-04-09,2023-04-09 01:00:00,1,lags_meteo,xgboost_direct,14.0,9.80627155303955
2023-04-09,2023-04-09 02:00:00,2,lags_meteo,xgboost_direct,16.0,10.145715713500977
2023-04-09,2023-04-09 03:00:00,3,lags_meteo,xgboost_direct,14.0,10.038665771484375
2023-04-09,2023-04-09 04:00:00,4,lags_meteo,xgboost_direct,14.0,10.839649200439453
2023-04-09,2023-04-09 05:00:00,5,lags_meteo,xgboost_direct,10.0,10.89290714263916
2023-04-09,2023-04-09 06:00:00,6,lags_meteo,xgboost_direct,12.0,11.47269344329834
2023-04-09,2023-04-09 07:00:00,7,lags_meteo,xgboost_direct,9.0,11.694528579711914
2023-04-09,2023-04-09 08:00:00,8,lags_meteo,xgboost_direct,12.0,11.870171546936035
2023-04-09,2023-04-09 09:00:00,9,lags_meteo,xgboost_direct,15.0,13.481231689453125
2023-04-09,2023-04-09 10:00:00,10,lags_meteo,xgboost_direct,17.0,14.003387451171875
2023-04-09,2023-04-09 11:00:00,11,lags_meteo,xgboost_direct,26.0,14.25417709350586
2023-04-09,2023-04-09 12:00:00,12,lags_meteo,xgboost_direct,19.0,13.872664451599121
2023-04-09,2023-04-09 13:00:00,13,lags_meteo,xgboost_direct,22.0,13.532244682312012
2023-04-09,2023-04-09 14:00:00,14,lags_meteo,xgboost_direct,26.0,12.419858932495117
2023-04-09,2023-04-09 15:00:00,15,lags_meteo,xgboost_direct,31.0,12.775903701782227
2023-04-09,2023-04-09 16:00:00,16,lags_meteo,xgboost_direct,55.0,12.179009437561035
2023-04-09,2023-04-09 17:00:00,17,lags_meteo,xgboost_direct,74.0,12.143667221069336
2023-04-09,2023-04-09 18:00:00,18,lags_meteo,xgboost_direct,80.0,12.750587463378906
2023-04-09,2023-04-09 19:00:00,19,lags_meteo,xgboost_direct,71.0,13.404646873474121
2023-04-09,2023-04-09 20:00:00,20,lags_meteo,xgboost_direct,77.0,13.429901123046875
2023-04-09,2023-04-09 21:00:00,21,lags_meteo,xgboost_direct,72.0,12.290299415588379
2023-04-09,2023-04-09 22:00:00,22,lags_meteo,xgboost_direct,72.0,12.570527076721191
2023-04-09,2023-04-09 23:00:00,23,lags_meteo,xgboost_direct,78.0,12.196413040161133
2023-04-09,2023-04-10 00:00:00,24,lags_meteo,xgboost_direct,90.0,11.820917129516602
2023-04-10,2023-04-10 01:00:00,1,lags_meteo,xgboost_direct,89.0,68.23822784423828
2023-04-10,2023-04-10 02:00:00,2,lags_meteo,xgboost_direct,89.0,65.259033203125
2023-04-10,2023-04-10 03:00:00,3,lags_meteo,xgboost_direct,84.0,64.150634765625
2023-04-10,2023-04-10 04:00:00,4,lags_meteo,xgboost_direct,81.0,60.5243034362793
2023-04-10,2023-04-10 05:00:00,5,lags_meteo,xgboost_direct,84.0,61.153785705566406
2023-04-10,2023-04-10 06:00:00,6,lags_meteo,xgboost_direct,90.0,57.114253997802734
2023-04-10,2023-04-10 07:00:00,7,lags_meteo,xgboost_direct,89.0,54.39155197143555
2023-04-10,2023-04-10 08:00:00,8,lags_meteo,xgboost_direct,81.0,58.187625885009766
2023-04-10,2023-04-10 09:00:00,9,lags_meteo,xgboost_direct,81.0,53.727386474609375
2023-04-10,2023-04-10 10:00:00,10,lags_meteo,xgboost_direct,95.0,56.394710540771484
2023-04-10,2023-04-10 11:00:00,11,lags_meteo,xgboost_direct,115.0,55.1442756652832
2023-04-10,2023-04-10 12:00:00,12,lags_meteo,xgboost_direct,138.0,54.24507141113281
2023-04-10,2023-04-10 13:00:00,13,lags_meteo,xgboost_direct,96.0,53.192440032958984
2023-04-10,2023-04-10 14:00:00,14,lags_meteo,xgboost_direct,69.0,48.786766052246094
2023-04-10,2023-04-10 15:00:00,15,lags_meteo,xgboost_direct,45.0,50.849769592285156
2023-04-10,2023-04-10 16:00:00,16,lags_meteo,xgboost_direct,25.0,53.49430847167969
2023-04-10,2023-04-10 17:00:00,17,lags_meteo,xgboost_direct,14.0,47.6963005065918
2023-04-10,2023-04-10 18:00:00,18,lags_meteo,xgboost_direct,11.0,51.24652099609375
2023-04-10,2023-04-10 19:00:00,19,lags_meteo,xgboost_direct,15.0,45.452823638916016
2023-04-10,2023-04-10 20:00:00,20,lags_meteo,xgboost_direct,14.0,37.433834075927734
2023-04-10,2023-04-10 21:00:00,21,lags_meteo,xgboost_direct,11.0,36.71599197387695
2023-04-10,2023-04-10 22:00:00,22,lags_meteo,xgboost_direct,12.0,35.427433013916016
2023-04-10,2023-04-10 23:00:00,23,lags_meteo,xgboost_direct,10.0,39.27849197387695
2023-04-10,2023-04-11 00:00:00,24,lags_meteo,xgboost_direct,8.0,28.139066696166992
2023-04-11,2023-04-11 01:00:00,1,lags_meteo,xgboost_direct,13.0,5.938715934753418
2023-04-11,2023-04-11 02:00:00,2,lags_meteo,xgboost_direct,10.0,8.375814437866211
2023-04-11,2023-04-11 03:00:00,3,lags_meteo,xgboost_direct,9.0,4.279242515563965
2023-04-11,2023-04-11 04:00:00,4,lags_meteo,xgboost_direct,7.0,9.792136192321777
2023-04-11,2023-04-11 05:00:00,5,lags_meteo,xgboost_direct,10.0,11.708290100097656
2023-04-11,2023-04-11 06:00:00,6,lags_meteo,xgboost_direct,8.0,7.316239356994629
2023-04-11,2023-04-11 07:00:00,7,lags_meteo,xgboost_direct,8.0,7.391097068786621
2023-04-11,2023-04-11 08:00:00,8,lags_meteo,xgboost_direct,11.0,8.358277320861816
2023-04-11,2023-04-11 09:00:00,9,lags_meteo,xgboost_direct,19.0,9.297502517700195
2023-04-11,2023-04-11 10:00:00,10,lags_meteo,xgboost_direct,26.0,10.645331382751465
2023-04-11,2023-04-11 11:00:00,11,lags_meteo,xgboost_direct,26.0,17.35692596435547
2023-04-11,2023-04-11 12:00:00,12,lags_meteo,xgboost_direct,19.0,14.247458457946777
2023-04-11,2023-04-11 13:00:00,13,lags_meteo,xgboost_direct,23.0,15.20583724975586
2023-04-11,2023-04-11 14:00:00,14,lags_meteo,xgboost_direct,22.0,12.03886604309082
2023-04-11,2023-04-11 15:00:00,15,lags_meteo,xgboost_direct,18.0,7.880565643310547
2023-04-11,2023-04-11 16:00:00,16,lags_meteo,xgboost_direct,16.0,5.514129161834717
2023-04-11,2023-04-11 17:00:00,17,lags_meteo,xgboost_direct,12.0,9.978404998779297
2023-04-11,2023-04-11 18:00:00,18,lags_meteo,xgboost_direct,15.0,8.047576904296875
2023-04-11,2023-04-11 19:00:00,19,lags_meteo,xgboost_direct,15.0,11.189477920532227
2023-04-11,2023-04-11 20:00:00,20,lags_meteo,xgboost_direct,15.0,17.352821350097656
2023-04-11,2023-04-11 21:00:00,21,lags_meteo,xgboost_direct,16.0,19.218643188476562
2023-04-11,2023-04-11 22:00:00,22,lags_meteo,xgboost_direct,13.0,13.421369552612305
2023-04-11,2023-04-11 23:00:00,23,lags_meteo,xgboost_direct,9.0,13.315177917480469
2023-04-11,2023-04-12 00:00:00,24,lags_meteo,xgboost_direct,10.0,9.397239685058594
2023-04-12,2023-04-12 01:00:00,1,lags_meteo,xgboost_direct,11.0,9.894543647766113
2023-04-12,2023-04-12 02:00:00,2,lags_meteo,xgboost_direct,10.0,10.026278495788574
2023-04-12,2023-04-12 03:00:00,3,lags_meteo,xgboost_direct,11.0,10.629952430725098
2023-04-12,2023-04-12 04:00:00,4,lags_meteo,xgboost_direct,8.0,12.965301513671875
2023-04-12,2023-04-12 05:00:00,5,lags_meteo,xgboost_direct,10.0,11.999428749084473
2023-04-12,2023-04-12 06:00:00,6,lags_meteo,xgboost_direct,7.0,12.54065227508545
2023-04-12,2023-04-12 07:00:00,7,lags_meteo,xgboost_direct,7.0,14.006875038146973
2023-04-12,2023-04-12 08:00:00,8,lags_meteo,xgboost_direct,10.0,14.410500526428223
2023-04-12,2023-04-12 09:00:00,9,lags_meteo,xgboost_direct,14.0,17.675783157348633
2023-04-12,2023-04-12 10:00:00,10,lags_meteo,xgboost_direct,13.0,18.452360153198242
2023-04-12,2023-04-12 11:00:00,11,lags_meteo,xgboost_direct,3.0,19.432048797607422
2023-04-12,2023-04-12 12:00:00,12,lags_meteo,xgboost_direct,9.0,16.67072105407715
2023-04-12,2023-04-12 13:00:00,13,lags_meteo,xgboost_direct,14.0,17.304363250732422
2023-04-12,2023-04-12 14:00:00,14,lags_meteo,xgboost_direct,12.0,16.32455062866211
2023-04-12,2023-04-12 15:00:00,15,lags_meteo,xgboost_direct,14.0,15.367293357849121
2023-04-12,2023-04-12 16:00:00,16,lags_meteo,xgboost_direct,9.0,14.304847717285156
2023-04-12,2023-04-12 17:00:00,17,lags_meteo,xgboost_direct,12.0,14.522454261779785
2023-04-12,2023-04-12 18:00:00,18,lags_meteo,xgboost_direct,11.0,15.99057674407959
2023-04-12,2023-04-12 19:00:00,19,lags_meteo,xgboost_direct,13.0,16.56182098388672
2023-04-12,2023-04-12 20:00:00,20,lags_meteo,xgboost_direct,8.0,17.98173713684082
2023-04-12,2023-04-12 21:00:00,21,lags_meteo,xgboost_direct,3.0,17.53349494934082
2023-04-12,2023-04-12 22:00:00,22,lags_meteo,xgboost_direct,4.0,15.441258430480957
2023-04-12,2023-04-12 23:00:00,23,lags_meteo,xgboost_direct,3.0,16.088747024536133
2023-04-12,2023-04-13 00:00:00,24,lags_meteo,xgboost_direct,3.0,15.643332481384277
2023-04-13,2023-04-13 01:00:00,1,lags_meteo,xgboost_direct,3.0,5.142686367034912
2023-04-13,2023-04-13 02:00:00,2,lags_meteo,xgboost_direct,6.0,5.394779682159424
2023-04-13,2023-04-13 03:00:00,3,lags_meteo,xgboost_direct,4.0,6.3358283042907715
2023-04-13,2023-04-13 04:00:00,4,lags_meteo,xgboost_direct,6.0,6.768691539764404
2023-04-13,2023-04-13 05:00:00,5,lags_meteo,xgboost_direct,4.0,7.143148899078369
2023-04-13,2023-04-13 06:00:00,6,lags_meteo,xgboost_direct,5.0,7.463648796081543
2023-04-13,2023-04-13 07:00:00,7,lags_meteo,xgboost_direct,6.0,7.488470554351807
2023-04-13,2023-04-13 08:00:00,8,lags_meteo,xgboost_direct,8.0,8.563207626342773
2023-04-13,2023-04-13 09:00:00,9,lags_meteo,xgboost_direct,5.0,10.098433494567871
2023-04-13,2023-04-13 10:00:00,10,lags_meteo,xgboost_direct,7.0,12.385534286499023
2023-04-13,2023-04-13 11:00:00,11,lags_meteo,xgboost_direct,3.0,13.086770057678223
2023-04-13,2023-04-13 12:00:00,12,lags_meteo,xgboost_direct,13.0,12.773932456970215
2023-04-13,2023-04-13 13:00:00,13,lags_meteo,xgboost_direct,10.0,11.940520286560059
2023-04-13,2023-04-13 14:00:00,14,lags_meteo,xgboost_direct,2.0,10.824694633483887
2023-04-13,2023-04-13 15:00:00,15,lags_meteo,xgboost_direct,12.0,11.136451721191406
2023-04-13,2023-04-13 16:00:00,16,lags_meteo,xgboost_direct,11.0,10.96866512298584
2023-04-13,2023-04-13 17:00:00,17,lags_meteo,xgboost_direct,12.0,10.914106369018555
2023-04-13,2023-04-13 18:00:00,18,lags_meteo,xgboost_direct,2.0,11.35435962677002
2023-04-13,2023-04-13 19:00:00,19,lags_meteo,xgboost_direct,8.0,10.882255554199219
2023-04-13,2023-04-13 20:00:00,20,lags_meteo,xgboost_direct,4.0,10.70992374420166
2023-04-13,2023-04-13 21:00:00,21,lags_meteo,xgboost_direct,3.0,10.272205352783203
2023-04-13,2023-04-13 22:00:00,22,lags_meteo,xgboost_direct,6.0,9.2431058883667
2023-04-13,2023-04-13 23:00:00,23,lags_meteo,xgboost_direct,6.0,8.3870210647583
2023-04-13,2023-04-14 00:00:00,24,lags_meteo,xgboost_direct,4.0,8.510319709777832
2023-04-14,2023-04-14 01:00:00,1,lags_meteo,xgboost_direct,5.0,6.869258403778076
2023-04-14,2023-04-14 02:00:00,2,lags_meteo,xgboost_direct,3.0,7.008234024047852
2023-04-14,2023-04-14 03:00:00,3,lags_meteo,xgboost_direct,2.0,6.14569616317749
2023-04-14,2023-04-14 04:00:00,4,lags_meteo,xgboost_direct,4.0,6.1553568840026855
2023-04-14,2023-04-14 05:00:00,5,lags_meteo,xgboost_direct,5.0,6.969075679779053
2023-04-14,2023-04-14 06:00:00,6,lags_meteo,xgboost_direct,5.0,7.092731952667236
2023-04-14,2023-04-14 07:00:00,7,lags_meteo,xgboost_direct,4.0,7.023305416107178
2023-04-14,2023-04-14 08:00:00,8,lags_meteo,xgboost_direct,5.0,8.083520889282227
2023-04-14,2023-04-14 09:00:00,9,lags_meteo,xgboost_direct,6.0,10.787927627563477
2023-04-14,2023-04-14 10:00:00,10,lags_meteo,xgboost_direct,9.0,13.161426544189453
2023-04-14,2023-04-14 11:00:00,11,lags_meteo,xgboost_direct,11.0,13.540369033813477
2023-04-14,2023-04-14 12:00:00,12,lags_meteo,xgboost_direct,11.0,13.625648498535156
2023-04-14,2023-04-14 13:00:00,13,lags_meteo,xgboost_direct,10.0,11.99417495727539
2023-04-14,2023-04-14 14:00:00,14,lags_meteo,xgboost_direct,14.0,11.74882984161377
2023-04-14,2023-04-14 15:00:00,15,lags_meteo,xgboost_direct,12.0,11.363279342651367
2023-04-14,2023-04-14 16:00:00,16,lags_meteo,xgboost_direct,9.0,10.667771339416504
2023-04-14,2023-04-14 17:00:00,17,lags_meteo,xgboost_direct,9.0,10.455953598022461
2023-04-14,2023-04-14 18:00:00,18,lags_meteo,xgboost_direct,6.0,10.782868385314941
2023-04-14,2023-04-14 19:00:00,19,lags_meteo,xgboost_direct,6.0,10.6802978515625
2023-04-14,2023-04-14 20:00:00,20,lags_meteo,xgboost_direct,12.0,11.952637672424316
2023-04-14,2023-04-14 21:00:00,21,lags_meteo,xgboost_direct,13.0,11.475021362304688
2023-04-14,2023-04-14 22:00:00,22,lags_meteo,xgboost_direct,9.0,11.600225448608398
2023-04-14,2023-04-14 23:00:00,23,lags_meteo,xgboost_direct,7.0,11.850997924804688
2023-04-14,2023-04-15 00:00:00,24,lags_meteo,xgboost_direct,8.0,12.091424942016602
2023-04-15,2023-04-15 01:00:00,1,lags_meteo,xgboost_direct,6.0,7.152181625366211
2023-04-15,2023-04-15 02:00:00,2,lags_meteo,xgboost_direct,10.0,6.913740158081055
2023-04-15,2023-04-15 03:00:00,3,lags_meteo,xgboost_direct,9.0,6.164569854736328
2023-04-15,2023-04-15 04:00:00,4,lags_meteo,xgboost_direct,10.0,7.398895263671875
2023-04-15,2023-04-15 05:00:00,5,lags_meteo,xgboost_direct,9.0,7.473519325256348
2023-04-15,2023-04-15 06:00:00,6,lags_meteo,xgboost_direct,8.0,7.375001907348633
2023-04-15,2023-04-15 07:00:00,7,lags_meteo,xgboost_direct,8.0,7.856555461883545
2023-04-15,2023-04-15 08:00:00,8,lags_meteo,xgboost_direct,6.0,7.84194278717041
2023-04-15,2023-04-15 09:00:00,9,lags_meteo,xgboost_direct,10.0,10.063936233520508
2023-04-15,2023-04-15 10:00:00,10,lags_meteo,xgboost_direct,10.0,11.61931037902832
2023-04-15,2023-04-15 11:00:00,11,lags_meteo,xgboost_direct,15.0,12.818227767944336
2023-04-15,2023-04-15 12:00:00,12,lags_meteo,xgboost_direct,15.0,11.886531829833984
2023-04-15,2023-04-15 13:00:00,13,lags_meteo,xgboost_direct,15.0,12.086304664611816
2023-04-15,2023-04-15 14:00:00,14,lags_meteo,xgboost_direct,18.0,11.694314002990723
2023-04-15,2023-04-15 15:00:00,15,lags_meteo,xgboost_direct,7.0,12.333441734313965
2023-04-15,2023-04-15 16:00:00,16,lags_meteo,xgboost_direct,18.0,11.78298568725586
2023-04-15,2023-04-15 17:00:00,17,lags_meteo,xgboost_direct,21.0,12.02021312713623
2023-04-15,2023-04-15 18:00:00,18,lags_meteo,xgboost_direct,22.0,12.457021713256836
2023-04-15,2023-04-15 19:00:00,19,lags_meteo,xgboost_direct,21.0,12.848264694213867
2023-04-15,2023-04-15 20:00:00,20,lags_meteo,xgboost_direct,13.0,13.416892051696777
2023-04-15,2023-04-15 21:00:00,21,lags_meteo,xgboost_direct,11.0,13.270410537719727
2023-04-15,2023-04-15 22:00:00,22,lags_meteo,xgboost_direct,9.0,14.267369270324707
2023-04-15,2023-04-15 23:00:00,23,lags_meteo,xgboost_direct,14.0,15.310686111450195
2023-04-15,2023-04-16 00:00:00,24,lags_meteo,xgboost_direct,10.0,14.794450759887695
2023-04-16,2023-04-16 01:00:00,1,lags_meteo,xgboost_direct,8.0,11.460516929626465
2023-04-16,2023-04-16 02:00:00,2,lags_meteo,xgboost_direct,6.0,11.10254955291748
2023-04-16,2023-04-16 03:00:00,3,lags_meteo,xgboost_direct,7.0,10.36746597290039
2023-04-16,2023-04-16 04:00:00,4,lags_meteo,xgboost_direct,7.0,9.97848892211914
2023-04-16,2023-04-16 05:00:00,5,lags_meteo,xgboost_direct,5.0,10.65225887298584
2023-04-16,2023-04-16 06:00:00,6,lags_meteo,xgboost_direct,2.0,10.474784851074219
2023-04-16,2023-04-16 07:00:00,7,lags_meteo,xgboost_direct,7.0,10.393394470214844
2023-04-16,2023-04-16 08:00:00,8,lags_meteo,xgboost_direct,10.0,11.253787994384766
2023-04-16,2023-04-16 09:00:00,9,lags_meteo,xgboost_direct,6.0,12.947368621826172
2023-04-16,2023-04-16 10:00:00,10,lags_meteo,xgboost_direct,5.0,14.710546493530273
2023-04-16,2023-04-16 11:00:00,11,lags_meteo,xgboost_direct,8.0,14.1599702835083
2023-04-16,2023-04-16 12:00:00,12,lags_meteo,xgboost_direct,17.0,13.127398490905762
2023-04-16,2023-04-16 13:00:00,13,lags_meteo,xgboost_direct,12.0,14.204708099365234
2023-04-16,2023-04-16 14:00:00,14,lags_meteo,xgboost_direct,16.0,13.08207893371582
2023-04-16,2023-04-16 15:00:00,15,lags_meteo,xgboost_direct,15.0,14.891580581665039
2023-04-16,2023-04-16 16:00:00,16,lags_meteo,xgboost_direct,20.0,15.18529987335205
2023-04-16,2023-04-16 17:00:00,17,lags_meteo,xgboost_direct,12.0,14.413069725036621
2023-04-16,2023-04-16 18:00:00,18,lags_meteo,xgboost_direct,7.0,15.261428833007812
2023-04-16,2023-04-16 19:00:00,19,lags_meteo,xgboost_direct,9.0,14.86937141418457
2023-04-16,2023-04-16 20:00:00,20,lags_meteo,xgboost_direct,16.0,14.804725646972656
2023-04-16,2023-04-16 21:00:00,21,lags_meteo,xgboost_direct,8.0,13.290730476379395
2023-04-16,2023-04-16 22:00:00,22,lags_meteo,xgboost_direct,8.0,13.061127662658691
2023-04-16,2023-04-16 23:00:00,23,lags_meteo,xgboost_direct,6.0,12.988698959350586
2023-04-16,2023-04-17 00:00:00,24,lags_meteo,xgboost_direct,6.0,12.766414642333984
2023-04-17,2023-04-17 01:00:00,1,lags_meteo,xgboost_direct,5.0,7.096500396728516
2023-04-17,2023-04-17 02:00:00,2,lags_meteo,xgboost_direct,3.0,7.321848392486572
2023-04-17,2023-04-17 03:00:00,3,lags_meteo,xgboost_direct,5.0,7.354988098144531
2023-04-17,2023-04-17 04:00:00,4,lags_meteo,xgboost_direct,6.0,7.649072170257568
2023-04-17,2023-04-17 05:00:00,5,lags_meteo,xgboost_direct,9.0,7.8792572021484375
2023-04-17,2023-04-17 06:00:00,6,lags_meteo,xgboost_direct,6.0,8.215723037719727
2023-04-17,2023-04-17 07:00:00,7,lags_meteo,xgboost_direct,6.0,8.6997652053833
2023-04-17,2023-04-17 08:00:00,8,lags_meteo,xgboost_direct,6.0,10.479473114013672
2023-04-17,2023-04-17 09:00:00,9,lags_meteo,xgboost_direct,17.0,12.253316879272461
2023-04-17,2023-04-17 10:00:00,10,lags_meteo,xgboost_direct,13.0,13.97895622253418
2023-04-17,2023-04-17 11:00:00,11,lags_meteo,xgboost_direct,10.0,14.389261245727539
2023-04-17,2023-04-17 12:00:00,12,lags_meteo,xgboost_direct,7.0,14.617152214050293
2023-04-17,2023-04-17 13:00:00,13,lags_meteo,xgboost_direct,8.0,13.57941722869873
2023-04-17,2023-04-17 14:00:00,14,lags_meteo,xgboost_direct,10.0,13.386834144592285
2023-04-17,2023-04-17 15:00:00,15,lags_meteo,xgboost_direct,6.0,12.932052612304688
2023-04-17,2023-04-17 16:00:00,16,lags_meteo,xgboost_direct,10.0,11.824902534484863
2023-04-17,2023-04-17 17:00:00,17,lags_meteo,xgboost_direct,6.0,12.287240982055664
2023-04-17,2023-04-17 18:00:00,18,lags_meteo,xgboost_direct,6.0,12.131686210632324
2023-04-17,2023-04-17 19:00:00,19,lags_meteo,xgboost_direct,1.0,13.067381858825684
2023-04-17,2023-04-17 20:00:00,20,lags_meteo,xgboost_direct,6.0,13.592748641967773
2023-04-17,2023-04-17 21:00:00,21,lags_meteo,xgboost_direct,9.0,13.448994636535645
2023-04-17,2023-04-17 22:00:00,22,lags_meteo,xgboost_direct,7.0,11.73820686340332
2023-04-17,2023-04-17 23:00:00,23,lags_meteo,xgboost_direct,8.0,11.839399337768555
2023-04-17,2023-04-18 00:00:00,24,lags_meteo,xgboost_direct,7.0,12.238909721374512
2023-04-18,2023-04-18 01:00:00,1,lags_meteo,xgboost_direct,8.0,6.970564365386963
2023-04-18,2023-04-18 02:00:00,2,lags_meteo,xgboost_direct,6.0,6.773493766784668
2023-04-18,2023-04-18 03:00:00,3,lags_meteo,xgboost_direct,6.0,6.807251930236816
2023-04-18,2023-04-18 04:00:00,4,lags_meteo,xgboost_direct,4.0,7.268706321716309
2023-04-18,2023-04-18 05:00:00,5,lags_meteo,xgboost_direct,8.0,7.292806148529053
2023-04-18,2023-04-18 06:00:00,6,lags_meteo,xgboost_direct,7.0,6.87190055847168
2023-04-18,2023-04-18 07:00:00,7,lags_meteo,xgboost_direct,6.0,7.207926273345947
2023-04-18,2023-04-18 08:00:00,8,lags_meteo,xgboost_direct,7.0,8.848556518554688
2023-04-18,2023-04-18 09:00:00,9,lags_meteo,xgboost_direct,11.0,9.720084190368652
2023-04-18,2023-04-18 10:00:00,10,lags_meteo,xgboost_direct,11.0,10.283551216125488
2023-04-18,2023-04-18 11:00:00,11,lags_meteo,xgboost_direct,9.0,10.431331634521484
2023-04-18,2023-04-18 12:00:00,12,lags_meteo,xgboost_direct,11.0,10.399564743041992
2023-04-18,2023-04-18 13:00:00,13,lags_meteo,xgboost_direct,12.0,9.758002281188965
2023-04-18,2023-04-18 14:00:00,14,lags_meteo,xgboost_direct,10.0,9.265000343322754
2023-04-18,2023-04-18 15:00:00,15,lags_meteo,xgboost_direct,5.0,8.799375534057617
2023-04-18,2023-04-18 16:00:00,16,lags_meteo,xgboost_direct,6.0,8.65816593170166
2023-04-18,2023-04-18 17:00:00,17,lags_meteo,xgboost_direct,26.0,8.305964469909668
2023-04-18,2023-04-18 18:00:00,18,lags_meteo,xgboost_direct,18.0,9.159777641296387
2023-04-18,2023-04-18 19:00:00,19,lags_meteo,xgboost_direct,20.0,9.476365089416504
2023-04-18,2023-04-18 20:00:00,20,lags_meteo,xgboost_direct,17.0,10.111006736755371
2023-04-18,2023-04-18 21:00:00,21,lags_meteo,xgboost_direct,12.0,10.5800142288208
2023-04-18,2023-04-18 22:00:00,22,lags_meteo,xgboost_direct,18.0,10.574379920959473
2023-04-18,2023-04-18 23:00:00,23,lags_meteo,xgboost_direct,14.0,10.720063209533691
2023-04-18,2023-04-19 00:00:00,24,lags_meteo,xgboost_direct,17.0,10.504347801208496
2023-04-19,2023-04-19 01:00:00,1,lags_meteo,xgboost_direct,22.0,13.21796703338623
2023-04-19,2023-04-19 02:00:00,2,lags_meteo,xgboost_direct,20.0,12.32321548461914
2023-04-19,2023-04-19 03:00:00,3,lags_meteo,xgboost_direct,20.0,12.060745239257812
2023-04-19,2023-04-19 04:00:00,4,lags_meteo,xgboost_direct,18.0,12.087783813476562
2023-04-19,2023-04-19 05:00:00,5,lags_meteo,xgboost_direct,14.0,12.16998291015625
2023-04-19,2023-04-19 06:00:00,6,lags_meteo,xgboost_direct,13.0,12.358845710754395
2023-04-19,2023-04-19 07:00:00,7,lags_meteo,xgboost_direct,12.0,13.48743724822998
2023-04-19,2023-04-19 08:00:00,8,lags_meteo,xgboost_direct,12.0,14.077219009399414
2023-04-19,2023-04-19 09:00:00,9,lags_meteo,xgboost_direct,20.0,14.716046333312988
2023-04-19,2023-04-19 10:00:00,10,lags_meteo,xgboost_direct,29.0,15.504365921020508
2023-04-19,2023-04-19 11:00:00,11,lags_meteo,xgboost_direct,20.0,15.88815689086914
2023-04-19,2023-04-19 12:00:00,12,lags_meteo,xgboost_direct,17.0,14.992734909057617
2023-04-19,2023-04-19 13:00:00,13,lags_meteo,xgboost_direct,28.0,14.475082397460938
2023-04-19,2023-04-19 14:00:00,14,lags_meteo,xgboost_direct,29.0,13.243712425231934
2023-04-19,2023-04-19 15:00:00,15,lags_meteo,xgboost_direct,26.0,13.238801002502441
2023-04-19,2023-04-19 16:00:00,16,lags_meteo,xgboost_direct,19.0,13.230157852172852
2023-04-19,2023-04-19 17:00:00,17,lags_meteo,xgboost_direct,21.0,13.822306632995605
2023-04-19,2023-04-19 18:00:00,18,lags_meteo,xgboost_direct,11.0,13.568977355957031
2023-04-19,2023-04-19 19:00:00,19,lags_meteo,xgboost_direct,17.0,14.246705055236816
2023-04-19,2023-04-19 20:00:00,20,lags_meteo,xgboost_direct,19.0,13.41165828704834
2023-04-19,2023-04-19 21:00:00,21,lags_meteo,xgboost_direct,16.0,13.016621589660645
2023-04-19,2023-04-19 22:00:00,22,lags_meteo,xgboost_direct,16.0,12.005359649658203
2023-04-19,2023-04-19 23:00:00,23,lags_meteo,xgboost_direct,18.0,13.352124214172363
2023-04-19,2023-04-20 00:00:00,24,lags_meteo,xgboost_direct,16.0,12.120116233825684
2023-04-20,2023-04-20 01:00:00,1,lags_meteo,xgboost_direct,15.0,15.529045104980469
2023-04-20,2023-04-20 02:00:00,2,lags_meteo,xgboost_direct,21.0,14.956924438476562
2023-04-20,2023-04-20 03:00:00,3,lags_meteo,xgboost_direct,25.0,13.585447311401367
2023-04-20,2023-04-20 04:00:00,4,lags_meteo,xgboost_direct,22.0,13.255608558654785
2023-04-20,2023-04-20 05:00:00,5,lags_meteo,xgboost_direct,19.0,13.43216323852539
2023-04-20,2023-04-20 06:00:00,6,lags_meteo,xgboost_direct,20.0,13.053338050842285
2023-04-20,2023-04-20 07:00:00,7,lags_meteo,xgboost_direct,18.0,12.417734146118164
2023-04-20,2023-04-20 08:00:00,8,lags_meteo,xgboost_direct,22.0,14.061614036560059
2023-04-20,2023-04-20 09:00:00,9,lags_meteo,xgboost_direct,26.0,17.76177215576172
2023-04-20,2023-04-20 10:00:00,10,lags_meteo,xgboost_direct,30.0,19.945173263549805
2023-04-20,2023-04-20 11:00:00,11,lags_meteo,xgboost_direct,27.0,20.48120880126953
2023-04-20,2023-04-20 12:00:00,12,lags_meteo,xgboost_direct,30.0,19.35601234436035
2023-04-20,2023-04-20 13:00:00,13,lags_meteo,xgboost_direct,30.0,16.94529151916504
2023-04-20,2023-04-20 14:00:00,14,lags_meteo,xgboost_direct,24.0,16.58769416809082
2023-04-20,2023-04-20 15:00:00,15,lags_meteo,xgboost_direct,14.0,13.955721855163574
2023-04-20,2023-04-20 16:00:00,16,lags_meteo,xgboost_direct,9.0,13.840624809265137
2023-04-20,2023-04-20 17:00:00,17,lags_meteo,xgboost_direct,13.0,13.941177368164062
2023-04-20,2023-04-20 18:00:00,18,lags_meteo,xgboost_direct,18.0,13.093286514282227
2023-04-20,2023-04-20 19:00:00,19,lags_meteo,xgboost_direct,15.0,14.06563663482666
2023-04-20,2023-04-20 20:00:00,20,lags_meteo,xgboost_direct,17.0,13.925841331481934
2023-04-20,2023-04-20 21:00:00,21,lags_meteo,xgboost_direct,18.0,15.589936256408691
2023-04-20,2023-04-20 22:00:00,22,lags_meteo,xgboost_direct,14.0,15.098265647888184
2023-04-20,2023-04-20 23:00:00,23,lags_meteo,xgboost_direct,14.0,13.31022834777832
2023-04-20,2023-04-21 00:00:00,24,lags_meteo,xgboost_direct,16.0,13.886942863464355
2023-04-21,2023-04-21 01:00:00,1,lags_meteo,xgboost_direct,16.0,13.73437786102295
2023-04-21,2023-04-21 02:00:00,2,lags_meteo,xgboost_direct,18.0,14.530309677124023
2023-04-21,2023-04-21 03:00:00,3,lags_meteo,xgboost_direct,16.0,15.115595817565918
2023-04-21,2023-04-21 04:00:00,4,lags_meteo,xgboost_direct,15.0,15.012587547302246
2023-04-21,2023-04-21 05:00:00,5,lags_meteo,xgboost_direct,15.0,14.65877628326416
2023-04-21,2023-04-21 06:00:00,6,lags_meteo,xgboost_direct,20.0,14.662017822265625
2023-04-21,2023-04-21 07:00:00,7,lags_meteo,xgboost_direct,17.0,14.293719291687012
2023-04-21,2023-04-21 08:00:00,8,lags_meteo,xgboost_direct,23.0,15.4968843460083
2023-04-21,2023-04-21 09:00:00,9,lags_meteo,xgboost_direct,25.0,17.612579345703125
2023-04-21,2023-04-21 10:00:00,10,lags_meteo,xgboost_direct,40.0,20.48491859436035
2023-04-21,2023-04-21 11:00:00,11,lags_meteo,xgboost_direct,47.0,20.099802017211914
2023-04-21,2023-04-21 12:00:00,12,lags_meteo,xgboost_direct,34.0,18.386093139648438
2023-04-21,2023-04-21 13:00:00,13,lags_meteo,xgboost_direct,25.0,16.635414123535156
2023-04-21,2023-04-21 14:00:00,14,lags_meteo,xgboost_direct,28.0,16.114503860473633
2023-04-21,2023-04-21 15:00:00,15,lags_meteo,xgboost_direct,25.0,13.6710205078125
2023-04-21,2023-04-21 16:00:00,16,lags_meteo,xgboost_direct,19.0,13.221796035766602
2023-04-21,2023-04-21 17:00:00,17,lags_meteo,xgboost_direct,24.0,12.399405479431152
2023-04-21,2023-04-21 18:00:00,18,lags_meteo,xgboost_direct,33.0,12.9042387008667
2023-04-21,2023-04-21 19:00:00,19,lags_meteo,xgboost_direct,31.0,13.299610137939453
2023-04-21,2023-04-21 20:00:00,20,lags_meteo,xgboost_direct,27.0,12.994645118713379
2023-04-21,2023-04-21 21:00:00,21,lags_meteo,xgboost_direct,21.0,12.741436004638672
2023-04-21,2023-04-21 22:00:00,22,lags_meteo,xgboost_direct,25.0,11.016022682189941
2023-04-21,2023-04-21 23:00:00,23,lags_meteo,xgboost_direct,23.0,8.915785789489746
2023-04-21,2023-04-22 00:00:00,24,lags_meteo,xgboost_direct,17.0,9.612565994262695
2023-04-22,2023-04-22 01:00:00,1,lags_meteo,xgboost_direct,18.0,19.675331115722656
2023-04-22,2023-04-22 02:00:00,2,lags_meteo,xgboost_direct,11.0,19.47654914855957
2023-04-22,2023-04-22 03:00:00,3,lags_meteo,xgboost_direct,8.0,18.8433780670166
2023-04-22,2023-04-22 04:00:00,4,lags_meteo,xgboost_direct,4.0,18.682281494140625
2023-04-22,2023-04-22 05:00:00,5,lags_meteo,xgboost_direct,3.0,17.576929092407227
2023-04-22,2023-04-22 06:00:00,6,lags_meteo,xgboost_direct,1.0,17.35592269897461
2023-04-22,2023-04-22 07:00:00,7,lags_meteo,xgboost_direct,1.0,17.845054626464844
2023-04-22,2023-04-22 08:00:00,8,lags_meteo,xgboost_direct,2.0,18.83133316040039
2023-04-22,2023-04-22 09:00:00,9,lags_meteo,xgboost_direct,3.0,22.31475257873535
2023-04-22,2023-04-22 10:00:00,10,lags_meteo,xgboost_direct,4.0,22.665674209594727
2023-04-22,2023-04-22 11:00:00,11,lags_meteo,xgboost_direct,2.0,21.50506591796875
2023-04-22,2023-04-22 12:00:00,12,lags_meteo,xgboost_direct,7.0,19.5989933013916
2023-04-22,2023-04-22 13:00:00,13,lags_meteo,xgboost_direct,11.0,18.55071258544922
2023-04-22,2023-04-22 14:00:00,14,lags_meteo,xgboost_direct,3.0,18.598098754882812
2023-04-22,2023-04-22 15:00:00,15,lags_meteo,xgboost_direct,8.0,18.777896881103516
2023-04-22,2023-04-22 16:00:00,16,lags_meteo,xgboost_direct,8.0,17.57310676574707
2023-04-22,2023-04-22 17:00:00,17,lags_meteo,xgboost_direct,2.0,16.974061965942383
2023-04-22,2023-04-22 18:00:00,18,lags_meteo,xgboost_direct,1.0,16.82621955871582
2023-04-22,2023-04-22 19:00:00,19,lags_meteo,xgboost_direct,5.0,17.179256439208984
2023-04-22,2023-04-22 20:00:00,20,lags_meteo,xgboost_direct,2.0,14.923199653625488
2023-04-22,2023-04-22 21:00:00,21,lags_meteo,xgboost_direct,3.0,13.10271167755127
2023-04-22,2023-04-22 22:00:00,22,lags_meteo,xgboost_direct,4.0,13.133135795593262
2023-04-22,2023-04-22 23:00:00,23,lags_meteo,xgboost_direct,6.0,12.506719589233398
2023-04-22,2023-04-23 00:00:00,24,lags_meteo,xgboost_direct,4.0,11.949629783630371
2023-04-23,2023-04-23 01:00:00,1,lags_meteo,xgboost_direct,4.0,5.272093772888184
2023-04-23,2023-04-23 02:00:00,2,lags_meteo,xgboost_direct,7.0,5.316519737243652
2023-04-23,2023-04-23 03:00:00,3,lags_meteo,xgboost_direct,8.0,5.099307537078857
2023-04-23,2023-04-23 04:00:00,4,lags_meteo,xgboost_direct,4.0,5.32044792175293
2023-04-23,2023-04-23 05:00:00,5,lags_meteo,xgboost_direct,8.0,5.309564113616943
2023-04-23,2023-04-23 06:00:00,6,lags_meteo,xgboost_direct,5.0,4.973451614379883
2023-04-23,2023-04-23 07:00:00,7,lags_meteo,xgboost_direct,4.0,5.978257179260254
2023-04-23,2023-04-23 08:00:00,8,lags_meteo,xgboost_direct,6.0,6.790005207061768
2023-04-23,2023-04-23 09:00:00,9,lags_meteo,xgboost_direct,9.0,7.688051223754883
2023-04-23,2023-04-23 10:00:00,10,lags_meteo,xgboost_direct,11.0,8.66999626159668
2023-04-23,2023-04-23 11:00:00,11,lags_meteo,xgboost_direct,6.0,7.876068115234375
2023-04-23,2023-04-23 12:00:00,12,lags_meteo,xgboost_direct,3.0,8.331972122192383
2023-04-23,2023-04-23 13:00:00,13,lags_meteo,xgboost_direct,10.0,8.455995559692383
2023-04-23,2023-04-23 14:00:00,14,lags_meteo,xgboost_direct,5.0,8.621515274047852
2023-04-23,2023-04-23 15:00:00,15,lags_meteo,xgboost_direct,1.0,8.13621711730957
2023-04-23,2023-04-23 16:00:00,16,lags_meteo,xgboost_direct,5.0,8.00604248046875
2023-04-23,2023-04-23 17:00:00,17,lags_meteo,xgboost_direct,5.0,7.066540718078613
2023-04-23,2023-04-23 18:00:00,18,lags_meteo,xgboost_direct,10.0,7.688369274139404
2023-04-23,2023-04-23 19:00:00,19,lags_meteo,xgboost_direct,6.0,8.003750801086426
2023-04-23,2023-04-23 20:00:00,20,lags_meteo,xgboost_direct,6.0,8.340777397155762
2023-04-23,2023-04-23 21:00:00,21,lags_meteo,xgboost_direct,10.0,8.306195259094238
2023-04-23,2023-04-23 22:00:00,22,lags_meteo,xgboost_direct,4.0,8.396994590759277
2023-04-23,2023-04-23 23:00:00,23,lags_meteo,xgboost_direct,3.0,8.699891090393066
2023-04-23,2023-04-24 00:00:00,24,lags_meteo,xgboost_direct,5.0,8.347749710083008
2023-04-24,2023-04-24 01:00:00,1,lags_meteo,xgboost_direct,7.0,4.394021987915039
2023-04-24,2023-04-24 02:00:00,2,lags_meteo,xgboost_direct,4.0,4.290564060211182
2023-04-24,2023-04-24 03:00:00,3,lags_meteo,xgboost_direct,4.0,4.320281505584717
2023-04-24,2023-04-24 04:00:00,4,lags_meteo,xgboost_direct,5.0,5.115457534790039
2023-04-24,2023-04-24 05:00:00,5,lags_meteo,xgboost_direct,3.0,5.301506042480469
2023-04-24,2023-04-24 06:00:00,6,lags_meteo,xgboost_direct,2.0,5.577289581298828
2023-04-24,2023-04-24 07:00:00,7,lags_meteo,xgboost_direct,2.0,5.978177547454834
2023-04-24,2023-04-24 08:00:00,8,lags_meteo,xgboost_direct,1.0,6.6450347900390625
2023-04-24,2023-04-24 09:00:00,9,lags_meteo,xgboost_direct,7.0,7.960210800170898
2023-04-24,2023-04-24 10:00:00,10,lags_meteo,xgboost_direct,13.0,7.386163711547852
2023-04-24,2023-04-24 11:00:00,11,lags_meteo,xgboost_direct,18.0,7.78159761428833
2023-04-24,2023-04-24 12:00:00,12,lags_meteo,xgboost_direct,11.0,7.10171365737915
2023-04-24,2023-04-24 13:00:00,13,lags_meteo,xgboost_direct,21.0,6.928950786590576
2023-04-24,2023-04-24 14:00:00,14,lags_meteo,xgboost_direct,23.0,6.557143688201904
2023-04-24,2023-04-24 15:00:00,15,lags_meteo,xgboost_direct,7.0,6.769850254058838
2023-04-24,2023-04-24 16:00:00,16,lags_meteo,xgboost_direct,6.0,8.31004524230957
2023-04-24,2023-04-24 17:00:00,17,lags_meteo,xgboost_direct,18.0,7.379080772399902
2023-04-24,2023-04-24 18:00:00,18,lags_meteo,xgboost_direct,7.0,7.600224494934082
2023-04-24,2023-04-24 19:00:00,19,lags_meteo,xgboost_direct,7.0,7.960148334503174
2023-04-24,2023-04-24 20:00:00,20,lags_meteo,xgboost_direct,10.0,8.67475414276123
2023-04-24,2023-04-24 21:00:00,21,lags_meteo,xgboost_direct,12.0,8.12287712097168
2023-04-24,2023-04-24 22:00:00,22,lags_meteo,xgboost_direct,9.0,8.364669799804688
2023-04-24,2023-04-24 23:00:00,23,lags_meteo,xgboost_direct,6.0,7.673656463623047
2023-04-24,2023-04-25 00:00:00,24,lags_meteo,xgboost_direct,6.0,8.551427841186523
2023-04-25,2023-04-25 01:00:00,1,lags_meteo,xgboost_direct,7.0,6.8434247970581055
2023-04-25,2023-04-25 02:00:00,2,lags_meteo,xgboost_direct,7.0,6.638955116271973
2023-04-25,2023-04-25 03:00:00,3,lags_meteo,xgboost_direct,4.0,6.826752662658691
2023-04-25,2023-04-25 04:00:00,4,lags_meteo,xgboost_direct,6.0,7.284637928009033
2023-04-25,2023-04-25 05:00:00,5,lags_meteo,xgboost_direct,6.0,7.347501754760742
2023-04-25,2023-04-25 06:00:00,6,lags_meteo,xgboost_direct,4.0,7.459328651428223
2023-04-25,2023-04-25 07:00:00,7,lags_meteo,xgboost_direct,4.0,7.200608253479004
2023-04-25,2023-04-25 08:00:00,8,lags_meteo,xgboost_direct,7.0,8.492602348327637
2023-04-25,2023-04-25 09:00:00,9,lags_meteo,xgboost_direct,7.0,11.17823314666748
2023-04-25,2023-04-25 10:00:00,10,lags_meteo,xgboost_direct,7.0,12.719417572021484
2023-04-25,2023-04-25 11:00:00,11,lags_meteo,xgboost_direct,3.0,12.098980903625488
2023-04-25,2023-04-25 12:00:00,12,lags_meteo,xgboost_direct,1.0,12.497576713562012
2023-04-25,2023-04-25 13:00:00,13,lags_meteo,xgboost_direct,12.0,11.864090919494629
2023-04-25,2023-04-25 14:00:00,14,lags_meteo,xgboost_direct,13.0,10.878710746765137
2023-04-25,2023-04-25 15:00:00,15,lags_meteo,xgboost_direct,3.0,10.281793594360352
2023-04-25,2023-04-25 16:00:00,16,lags_meteo,xgboost_direct,3.0,10.33914566040039
2023-04-25,2023-04-25 17:00:00,17,lags_meteo,xgboost_direct,9.0,9.993257522583008
2023-04-25,2023-04-25 18:00:00,18,lags_meteo,xgboost_direct,12.0,10.419886589050293
2023-04-25,2023-04-25 19:00:00,19,lags_meteo,xgboost_direct,9.0,11.145951271057129
2023-04-25,2023-04-25 20:00:00,20,lags_meteo,xgboost_direct,1.0,11.102038383483887
2023-04-25,2023-04-25 21:00:00,21,lags_meteo,xgboost_direct,7.0,11.605722427368164
2023-04-25,2023-04-25 22:00:00,22,lags_meteo,xgboost_direct,12.0,10.638975143432617
2023-04-25,2023-04-25 23:00:00,23,lags_meteo,xgboost_direct,4.0,10.13679027557373
2023-04-25,2023-04-26 00:00:00,24,lags_meteo,xgboost_direct,8.0,9.698572158813477
2023-04-26,2023-04-26 01:00:00,1,lags_meteo,xgboost_direct,7.0,6.590327739715576
2023-04-26,2023-04-26 02:00:00,2,lags_meteo,xgboost_direct,7.0,6.802959442138672
2023-04-26,2023-04-26 03:00:00,3,lags_meteo,xgboost_direct,5.0,7.698190689086914
2023-04-26,2023-04-26 04:00:00,4,lags_meteo,xgboost_direct,4.0,7.858077049255371
2023-04-26,2023-04-26 05:00:00,5,lags_meteo,xgboost_direct,7.0,8.71961784362793
2023-04-26,2023-04-26 06:00:00,6,lags_meteo,xgboost_direct,7.0,8.695563316345215
2023-04-26,2023-04-26 07:00:00,7,lags_meteo,xgboost_direct,9.0,9.31544303894043
2023-04-26,2023-04-26 08:00:00,8,lags_meteo,xgboost_direct,8.0,10.094320297241211
2023-04-26,2023-04-26 09:00:00,9,lags_meteo,xgboost_direct,17.0,12.228992462158203
2023-04-26,2023-04-26 10:00:00,10,lags_meteo,xgboost_direct,,12.509756088256836
2023-04-26,2023-04-26 11:00:00,11,lags_meteo,xgboost_direct,37.0,11.337696075439453
2023-04-26,2023-04-26 12:00:00,12,lags_meteo,xgboost_direct,21.0,10.428873062133789
2023-04-26,2023-04-26 13:00:00,13,lags_meteo,xgboost_direct,7.0,11.748228073120117
2023-04-26,2023-04-26 14:00:00,14,lags_meteo,xgboost_direct,4.0,9.650028228759766
2023-04-26,2023-04-26 15:00:00,15,lags_meteo,xgboost_direct,4.0,10.975765228271484
2023-04-26,2023-04-26 16:00:00,16,lags_meteo,xgboost_direct,8.0,11.522976875305176
2023-04-26,2023-04-26 17:00:00,17,lags_meteo,xgboost_direct,6.0,11.468448638916016
2023-04-26,2023-04-26 18:00:00,18,lags_meteo,xgboost_direct,7.0,11.240126609802246
2023-04-26,2023-04-26 19:00:00,19,lags_meteo,xgboost_direct,11.0,10.797674179077148
2023-04-26,2023-04-26 20:00:00,20,lags_meteo,xgboost_direct,6.0,10.766413688659668
2023-04-26,2023-04-26 21:00:00,21,lags_meteo,xgboost_direct,7.0,10.121344566345215
2023-04-26,2023-04-26 22:00:00,22,lags_meteo,xgboost_direct,8.0,10.980206489562988
2023-04-26,2023-04-26 23:00:00,23,lags_meteo,xgboost_direct,8.0,9.97220516204834
2023-04-26,2023-04-27 00:00:00,24,lags_meteo,xgboost_direct,9.0,10.149699211120605
2023-04-27,2023-04-27 01:00:00,1,lags_meteo,xgboost_direct,9.0,8.294130325317383
2023-04-27,2023-04-27 02:00:00,2,lags_meteo,xgboost_direct,12.0,9.040580749511719
2023-04-27,2023-04-27 03:00:00,3,lags_meteo,xgboost_direct,13.0,9.837715148925781
2023-04-27,2023-04-27 04:00:00,4,lags_meteo,xgboost_direct,10.0,9.71055793762207
2023-04-27,2023-04-27 05:00:00,5,lags_meteo,xgboost_direct,8.0,9.601207733154297
2023-04-27,2023-04-27 06:00:00,6,lags_meteo,xgboost_direct,7.0,10.203315734863281
2023-04-27,2023-04-27 07:00:00,7,lags_meteo,xgboost_direct,5.0,9.940281867980957
2023-04-27,2023-04-27 08:00:00,8,lags_meteo,xgboost_direct,13.0,11.109380722045898
2023-04-27,2023-04-27 09:00:00,9,lags_meteo,xgboost_direct,,14.036651611328125
2023-04-27,2023-04-27 10:00:00,10,lags_meteo,xgboost_direct,,15.255313873291016
2023-04-27,2023-04-27 11:00:00,11,lags_meteo,xgboost_direct,,16.118818283081055
2023-04-27,2023-04-27 12:00:00,12,lags_meteo,xgboost_direct,28.0,16.044076919555664
2023-04-27,2023-04-27 13:00:00,13,lags_meteo,xgboost_direct,31.0,15.980401039123535
2023-04-27,2023-04-27 14:00:00,14,lags_meteo,xgboost_direct,14.0,14.748787879943848
2023-04-27,2023-04-27 15:00:00,15,lags_meteo,xgboost_direct,22.0,14.174971580505371
2023-04-27,2023-04-27 16:00:00,16,lags_meteo,xgboost_direct,22.0,12.67823314666748
2023-04-27,2023-04-27 17:00:00,17,lags_meteo,xgboost_direct,11.0,12.403241157531738
2023-04-27,2023-04-27 18:00:00,18,lags_meteo,xgboost_direct,10.0,12.830561637878418
2023-04-27,2023-04-27 19:00:00,19,lags_meteo,xgboost_direct,10.0,12.692058563232422
2023-04-27,2023-04-27 20:00:00,20,lags_meteo,xgboost_direct,12.0,12.386078834533691
2023-04-27,2023-04-27 21:00:00,21,lags_meteo,xgboost_direct,12.0,13.458460807800293
2023-04-27,2023-04-27 22:00:00,22,lags_meteo,xgboost_direct,19.0,13.455631256103516
2023-04-27,2023-04-27 23:00:00,23,lags_meteo,xgboost_direct,21.0,13.263072967529297
2023-04-27,2023-04-28 00:00:00,24,lags_meteo,xgboost_direct,19.0,12.062454223632812
2023-04-28,2023-04-28 01:00:00,1,lags_meteo,xgboost_direct,21.0,19.293725967407227
2023-04-28,2023-04-28 02:00:00,2,lags_meteo,xgboost_direct,22.0,18.21938133239746
2023-04-28,2023-04-28 03:00:00,3,lags_meteo,xgboost_direct,21.0,17.545909881591797
2023-04-28,2023-04-28 04:00:00,4,lags_meteo,xgboost_direct,21.0,16.48859214782715
2023-04-28,2023-04-28 05:00:00,5,lags_meteo,xgboost_direct,14.0,15.176566123962402
2023-04-28,2023-04-28 06:00:00,6,lags_meteo,xgboost_direct,13.0,15.238783836364746
2023-04-28,2023-04-28 07:00:00,7,lags_meteo,xgboost_direct,17.0,15.214949607849121
2023-04-28,2023-04-28 08:00:00,8,lags_meteo,xgboost_direct,13.0,17.722301483154297
2023-04-28,2023-04-28 09:00:00,9,lags_meteo,xgboost_direct,25.0,22.480453491210938
2023-04-28,2023-04-28 10:00:00,10,lags_meteo,xgboost_direct,34.0,24.965238571166992
2023-04-28,2023-04-28 11:00:00,11,lags_meteo,xgboost_direct,42.0,26.458646774291992
2023-04-28,2023-04-28 12:00:00,12,lags_meteo,xgboost_direct,50.0,26.58624267578125
2023-04-28,2023-04-28 13:00:00,13,lags_meteo,xgboost_direct,43.0,25.128448486328125
2023-04-28,2023-04-28 14:00:00,14,lags_meteo,xgboost_direct,26.0,22.888771057128906
2023-04-28,2023-04-28 15:00:00,15,lags_meteo,xgboost_direct,24.0,21.154747009277344
2023-04-28,2023-04-28 16:00:00,16,lags_meteo,xgboost_direct,21.0,19.37206268310547
2023-04-28,2023-04-28 17:00:00,17,lags_meteo,xgboost_direct,16.0,18.638505935668945
2023-04-28,2023-04-28 18:00:00,18,lags_meteo,xgboost_direct,23.0,17.77371597290039
2023-04-28,2023-04-28 19:00:00,19,lags_meteo,xgboost_direct,18.0,16.961931228637695
2023-04-28,2023-04-28 20:00:00,20,lags_meteo,xgboost_direct,16.0,17.31034278869629
2023-04-28,2023-04-28 21:00:00,21,lags_meteo,xgboost_direct,20.0,19.151823043823242
2023-04-28,2023-04-28 22:00:00,22,lags_meteo,xgboost_direct,19.0,21.03974723815918
2023-04-28,2023-04-28 23:00:00,23,lags_meteo,xgboost_direct,18.0,21.11792755126953
2023-04-28,2023-04-29 00:00:00,24,lags_meteo,xgboost_direct,18.0,20.176998138427734
2023-04-29,2023-04-29 01:00:00,1,lags_meteo,xgboost_direct,25.0,18.423294067382812
2023-04-29,2023-04-29 02:00:00,2,lags_meteo,xgboost_direct,23.0,17.95642852783203
2023-04-29,2023-04-29 03:00:00,3,lags_meteo,xgboost_direct,20.0,18.09698486328125
2023-04-29,2023-04-29 04:00:00,4,lags_meteo,xgboost_direct,19.0,17.179533004760742
2023-04-29,2023-04-29 05:00:00,5,lags_meteo,xgboost_direct,17.0,17.337705612182617
2023-04-29,2023-04-29 06:00:00,6,lags_meteo,xgboost_direct,15.0,17.321063995361328
2023-04-29,2023-04-29 07:00:00,7,lags_meteo,xgboost_direct,15.0,19.726341247558594
2023-04-29,2023-04-29 08:00:00,8,lags_meteo,xgboost_direct,11.0,21.483230590820312
2023-04-29,2023-04-29 09:00:00,9,lags_meteo,xgboost_direct,14.0,21.91166114807129
2023-04-29,2023-04-29 10:00:00,10,lags_meteo,xgboost_direct,19.0,25.037311553955078
2023-04-29,2023-04-29 11:00:00,11,lags_meteo,xgboost_direct,11.0,26.45050048828125
2023-04-29,2023-04-29 12:00:00,12,lags_meteo,xgboost_direct,19.0,27.896163940429688
2023-04-29,2023-04-29 13:00:00,13,lags_meteo,xgboost_direct,17.0,26.952497482299805
2023-04-29,2023-04-29 14:00:00,14,lags_meteo,xgboost_direct,11.0,26.386079788208008
2023-04-29,2023-04-29 15:00:00,15,lags_meteo,xgboost_direct,14.0,24.09589195251465
2023-04-29,2023-04-29 16:00:00,16,lags_meteo,xgboost_direct,9.0,22.858383178710938
2023-04-29,2023-04-29 17:00:00,17,lags_meteo,xgboost_direct,15.0,22.205533981323242
2023-04-29,2023-04-29 18:00:00,18,lags_meteo,xgboost_direct,14.0,21.297109603881836
2023-04-29,2023-04-29 19:00:00,19,lags_meteo,xgboost_direct,8.0,21.26848793029785
2023-04-29,2023-04-29 20:00:00,20,lags_meteo,xgboost_direct,10.0,19.505355834960938
2023-04-29,2023-04-29 21:00:00,21,lags_meteo,xgboost_direct,6.0,20.929868698120117
2023-04-29,2023-04-29 22:00:00,22,lags_meteo,xgboost_direct,7.0,19.1934814453125
2023-04-29,2023-04-29 23:00:00,23,lags_meteo,xgboost_direct,9.0,18.24021339416504
2023-04-29,2023-04-30 00:00:00,24,lags_meteo,xgboost_direct,4.0,16.880718231201172
2023-04-30,2023-04-30 01:00:00,1,lags_meteo,xgboost_direct,6.0,8.600271224975586
2023-04-30,2023-04-30 02:00:00,2,lags_meteo,xgboost_direct,13.0,8.401006698608398
2023-04-30,2023-04-30 03:00:00,3,lags_meteo,xgboost_direct,10.0,7.987565040588379
2023-04-30,2023-04-30 04:00:00,4,lags_meteo,xgboost_direct,7.0,8.514716148376465
2023-04-30,2023-04-30 05:00:00,5,lags_meteo,xgboost_direct,4.0,8.580546379089355
2023-04-30,2023-04-30 06:00:00,6,lags_meteo,xgboost_direct,7.0,8.95568561553955
2023-04-30,2023-04-30 07:00:00,7,lags_meteo,xgboost_direct,7.0,9.466568946838379
2023-04-30,2023-04-30 08:00:00,8,lags_meteo,xgboost_direct,10.0,10.790273666381836
2023-04-30,2023-04-30 09:00:00,9,lags_meteo,xgboost_direct,7.0,12.234678268432617
2023-04-30,2023-04-30 10:00:00,10,lags_meteo,xgboost_direct,4.0,13.587993621826172
2023-04-30,2023-04-30 11:00:00,11,lags_meteo,xgboost_direct,5.0,14.201055526733398
2023-04-30,2023-04-30 12:00:00,12,lags_meteo,xgboost_direct,7.0,14.261496543884277
2023-04-30,2023-04-30 13:00:00,13,lags_meteo,xgboost_direct,3.0,14.076457977294922
2023-04-30,2023-04-30 14:00:00,14,lags_meteo,xgboost_direct,6.0,14.025190353393555
2023-04-30,2023-04-30 15:00:00,15,lags_meteo,xgboost_direct,8.0,14.11852741241455
2023-04-30,2023-04-30 16:00:00,16,lags_meteo,xgboost_direct,13.0,14.547586441040039
2023-04-30,2023-04-30 17:00:00,17,lags_meteo,xgboost_direct,11.0,13.812028884887695
2023-04-30,2023-04-30 18:00:00,18,lags_meteo,xgboost_direct,9.0,14.15532398223877
2023-04-30,2023-04-30 19:00:00,19,lags_meteo,xgboost_direct,4.0,13.689473152160645
2023-04-30,2023-04-30 20:00:00,20,lags_meteo,xgboost_direct,6.0,12.552800178527832
2023-04-30,2023-04-30 21:00:00,21,lags_meteo,xgboost_direct,4.0,12.40733814239502
2023-04-30,2023-04-30 22:00:00,22,lags_meteo,xgboost_direct,4.0,12.665772438049316
2023-04-30,2023-04-30 23:00:00,23,lags_meteo,xgboost_direct,5.0,12.682270050048828
2023-04-30,2023-05-01 00:00:00,24,lags_meteo,xgboost_direct,6.0,12.522319793701172
2023-05-01,2023-05-01 01:00:00,1,lags_meteo,xgboost_direct,6.0,4.712216854095459
2023-05-01,2023-05-01 02:00:00,2,lags_meteo,xgboost_direct,6.0,5.114757061004639
2023-05-01,2023-05-01 03:00:00,3,lags_meteo,xgboost_direct,5.0,5.207305908203125
2023-05-01,2023-05-01 04:00:00,4,lags_meteo,xgboost_direct,3.0,6.048090934753418
2023-05-01,2023-05-01 05:00:00,5,lags_meteo,xgboost_direct,5.0,6.356675624847412
2023-05-01,2023-05-01 06:00:00,6,lags_meteo,xgboost_direct,4.0,6.8444671630859375
2023-05-01,2023-05-01 07:00:00,7,lags_meteo,xgboost_direct,2.0,7.561787128448486
2023-05-01,2023-05-01 08:00:00,8,lags_meteo,xgboost_direct,3.0,9.093399047851562
2023-05-01,2023-05-01 09:00:00,9,lags_meteo,xgboost_direct,9.0,9.628661155700684
2023-05-01,2023-05-01 10:00:00,10,lags_meteo,xgboost_direct,6.0,10.823481559753418
2023-05-01,2023-05-01 11:00:00,11,lags_meteo,xgboost_direct,4.0,11.193888664245605
2023-05-01,2023-05-01 12:00:00,12,lags_meteo,xgboost_direct,9.0,11.372357368469238
2023-05-01,2023-05-01 13:00:00,13,lags_meteo,xgboost_direct,6.0,10.8272123336792
2023-05-01,2023-05-01 14:00:00,14,lags_meteo,xgboost_direct,6.0,11.06643009185791
2023-05-01,2023-05-01 15:00:00,15,lags_meteo,xgboost_direct,5.0,10.787951469421387
2023-05-01,2023-05-01 16:00:00,16,lags_meteo,xgboost_direct,7.0,10.12304973602295
2023-05-01,2023-05-01 17:00:00,17,lags_meteo,xgboost_direct,10.0,10.91200065612793
2023-05-01,2023-05-01 18:00:00,18,lags_meteo,xgboost_direct,8.0,10.673246383666992
2023-05-01,2023-05-01 19:00:00,19,lags_meteo,xgboost_direct,12.0,11.48768138885498
2023-05-01,2023-05-01 20:00:00,20,lags_meteo,xgboost_direct,5.0,10.719161987304688
2023-05-01,2023-05-01 21:00:00,21,lags_meteo,xgboost_direct,3.0,10.648160934448242
2023-05-01,2023-05-01 22:00:00,22,lags_meteo,xgboost_direct,6.0,10.283130645751953
2023-05-01,2023-05-01 23:00:00,23,lags_meteo,xgboost_direct,6.0,11.04520320892334
2023-05-01,2023-05-02 00:00:00,24,lags_meteo,xgboost_direct,8.0,11.441716194152832
2023-05-02,2023-05-02 01:00:00,1,lags_meteo,xgboost_direct,7.0,6.361631393432617
2023-05-02,2023-05-02 02:00:00,2,lags_meteo,xgboost_direct,7.0,7.099758625030518
2023-05-02,2023-05-02 03:00:00,3,lags_meteo,xgboost_direct,9.0,7.991349220275879
2023-05-02,2023-05-02 04:00:00,4,lags_meteo,xgboost_direct,10.0,8.383349418640137
2023-05-02,2023-05-02 05:00:00,5,lags_meteo,xgboost_direct,4.0,8.656997680664062
2023-05-02,2023-05-02 06:00:00,6,lags_meteo,xgboost_direct,4.0,8.654377937316895
2023-05-02,2023-05-02 07:00:00,7,lags_meteo,xgboost_direct,7.0,9.20157241821289
2023-05-02,2023-05-02 08:00:00,8,lags_meteo,xgboost_direct,12.0,9.769939422607422
2023-05-02,2023-05-02 09:00:00,9,lags_meteo,xgboost_direct,16.0,12.990887641906738
2023-05-02,2023-05-02 10:00:00,10,lags_meteo,xgboost_direct,13.0,13.580910682678223
2023-05-02,2023-05-02 11:00:00,11,lags_meteo,xgboost_direct,5.0,13.446528434753418
2023-05-02,2023-05-02 12:00:00,12,lags_meteo,xgboost_direct,11.0,12.782251358032227
2023-05-02,2023-05-02 13:00:00,13,lags_meteo,xgboost_direct,1.0,11.56318187713623
2023-05-02,2023-05-02 14:00:00,14,lags_meteo,xgboost_direct,3.0,11.213932991027832
2023-05-02,2023-05-02 15:00:00,15,lags_meteo,xgboost_direct,6.0,11.31227970123291
2023-05-02,2023-05-02 16:00:00,16,lags_meteo,xgboost_direct,10.0,10.764887809753418
2023-05-02,2023-05-02 17:00:00,17,lags_meteo,xgboost_direct,11.0,10.698896408081055
2023-05-02,2023-05-02 18:00:00,18,lags_meteo,xgboost_direct,12.0,10.977744102478027
2023-05-02,2023-05-02 19:00:00,19,lags_meteo,xgboost_direct,4.0,11.029754638671875
2023-05-02,2023-05-02 20:00:00,20,lags_meteo,xgboost_direct,8.0,11.376327514648438
2023-05-02,2023-05-02 21:00:00,21,lags_meteo,xgboost_direct,10.0,11.000239372253418
2023-05-02,2023-05-02 22:00:00,22,lags_meteo,xgboost_direct,9.0,10.289783477783203
2023-05-02,2023-05-02 23:00:00,23,lags_meteo,xgboost_direct,18.0,9.569483757019043
2023-05-02,2023-05-03 00:00:00,24,lags_meteo,xgboost_direct,13.0,8.937613487243652
2023-05-03,2023-05-03 01:00:00,1,lags_meteo,xgboost_direct,16.0,15.620217323303223
2023-05-03,2023-05-03 02:00:00,2,lags_meteo,xgboost_direct,18.0,14.42298412322998
2023-05-03,2023-05-03 03:00:00,3,lags_meteo,xgboost_direct,20.0,14.080583572387695
2023-05-03,2023-05-03 04:00:00,4,lags_meteo,xgboost_direct,18.0,13.710021018981934
2023-05-03,2023-05-03 05:00:00,5,lags_meteo,xgboost_direct,15.0,12.299470901489258
2023-05-03,2023-05-03 06:00:00,6,lags_meteo,xgboost_direct,17.0,11.962854385375977
2023-05-03,2023-05-03 07:00:00,7,lags_meteo,xgboost_direct,20.0,12.623222351074219
2023-05-03,2023-05-03 08:00:00,8,lags_meteo,xgboost_direct,20.0,13.67321491241455
2023-05-03,2023-05-03 09:00:00,9,lags_meteo,xgboost_direct,19.0,16.408527374267578
2023-05-03,2023-05-03 10:00:00,10,lags_meteo,xgboost_direct,12.0,18.19813346862793
2023-05-03,2023-05-03 11:00:00,11,lags_meteo,xgboost_direct,16.0,18.6494197845459
2023-05-03,2023-05-03 12:00:00,12,lags_meteo,xgboost_direct,20.0,17.68556785583496
2023-05-03,2023-05-03 13:00:00,13,lags_meteo,xgboost_direct,30.0,16.9010009765625
2023-05-03,2023-05-03 14:00:00,14,lags_meteo,xgboost_direct,26.0,16.39789390563965
2023-05-03,2023-05-03 15:00:00,15,lags_meteo,xgboost_direct,18.0,15.592747688293457
2023-05-03,2023-05-03 16:00:00,16,lags_meteo,xgboost_direct,20.0,15.585363388061523
2023-05-03,2023-05-03 17:00:00,17,lags_meteo,xgboost_direct,18.0,15.000299453735352
2023-05-03,2023-05-03 18:00:00,18,lags_meteo,xgboost_direct,24.0,15.461616516113281
2023-05-03,2023-05-03 19:00:00,19,lags_meteo,xgboost_direct,32.0,14.797505378723145
2023-05-03,2023-05-03 20:00:00,20,lags_meteo,xgboost_direct,19.0,14.037784576416016
2023-05-03,2023-05-03 21:00:00,21,lags_meteo,xgboost_direct,21.0,14.331381797790527
2023-05-03,2023-05-03 22:00:00,22,lags_meteo,xgboost_direct,21.0,15.715149879455566
2023-05-03,2023-05-03 23:00:00,23,lags_meteo,xgboost_direct,19.0,17.439128875732422
2023-05-03,2023-05-04 00:00:00,24,lags_meteo,xgboost_direct,22.0,15.849040031433105
2023-05-04,2023-05-04 01:00:00,1,lags_meteo,xgboost_direct,25.0,16.074209213256836
2023-05-04,2023-05-04 02:00:00,2,lags_meteo,xgboost_direct,22.0,15.955766677856445
2023-05-04,2023-05-04 03:00:00,3,lags_meteo,xgboost_direct,12.0,15.747061729431152
2023-05-04,2023-05-04 04:00:00,4,lags_meteo,xgboost_direct,7.0,15.657544136047363
2023-05-04,2023-05-04 05:00:00,5,lags_meteo,xgboost_direct,7.0,15.918490409851074
2023-05-04,2023-05-04 06:00:00,6,lags_meteo,xgboost_direct,6.0,16.56879997253418
2023-05-04,2023-05-04 07:00:00,7,lags_meteo,xgboost_direct,8.0,16.71107292175293
2023-05-04,2023-05-04 08:00:00,8,lags_meteo,xgboost_direct,6.0,17.173059463500977
2023-05-04,2023-05-04 09:00:00,9,lags_meteo,xgboost_direct,8.0,20.406831741333008
2023-05-04,2023-05-04 10:00:00,10,lags_meteo,xgboost_direct,8.0,22.377094268798828
2023-05-04,2023-05-04 11:00:00,11,lags_meteo,xgboost_direct,7.0,22.282127380371094
2023-05-04,2023-05-04 12:00:00,12,lags_meteo,xgboost_direct,12.0,21.34278106689453
2023-05-04,2023-05-04 13:00:00,13,lags_meteo,xgboost_direct,20.0,21.43271255493164
2023-05-04,2023-05-04 14:00:00,14,lags_meteo,xgboost_direct,1.0,20.319149017333984
2023-05-04,2023-05-04 15:00:00,15,lags_meteo,xgboost_direct,7.0,19.161819458007812
2023-05-04,2023-05-04 16:00:00,16,lags_meteo,xgboost_direct,15.0,19.2855167388916
2023-05-04,2023-05-04 17:00:00,17,lags_meteo,xgboost_direct,9.0,19.766202926635742
2023-05-04,2023-05-04 18:00:00,18,lags_meteo,xgboost_direct,8.0,19.70071029663086
2023-05-04,2023-05-04 19:00:00,19,lags_meteo,xgboost_direct,8.0,20.3178768157959
2023-05-04,2023-05-04 20:00:00,20,lags_meteo,xgboost_direct,9.0,19.805538177490234
2023-05-04,2023-05-04 21:00:00,21,lags_meteo,xgboost_direct,6.0,19.3742618560791
2023-05-04,2023-05-04 22:00:00,22,lags_meteo,xgboost_direct,11.0,18.704238891601562
2023-05-04,2023-05-04 23:00:00,23,lags_meteo,xgboost_direct,9.0,17.630929946899414
2023-05-04,2023-05-05 00:00:00,24,lags_meteo,xgboost_direct,9.0,15.23654556274414
2023-05-05,2023-05-05 01:00:00,1,lags_meteo,xgboost_direct,10.0,9.002944946289062
2023-05-05,2023-05-05 02:00:00,2,lags_meteo,xgboost_direct,11.0,8.542806625366211
2023-05-05,2023-05-05 03:00:00,3,lags_meteo,xgboost_direct,8.0,8.933265686035156
2023-05-05,2023-05-05 04:00:00,4,lags_meteo,xgboost_direct,10.0,7.858707427978516
2023-05-05,2023-05-05 05:00:00,5,lags_meteo,xgboost_direct,11.0,8.005486488342285
2023-05-05,2023-05-05 06:00:00,6,lags_meteo,xgboost_direct,11.0,7.7376909255981445
2023-05-05,2023-05-05 07:00:00,7,lags_meteo,xgboost_direct,12.0,8.473201751708984
2023-05-05,2023-05-05 08:00:00,8,lags_meteo,xgboost_direct,13.0,9.61152172088623
2023-05-05,2023-05-05 09:00:00,9,lags_meteo,xgboost_direct,17.0,11.310760498046875
2023-05-05,2023-05-05 10:00:00,10,lags_meteo,xgboost_direct,25.0,12.583620071411133
2023-05-05,2023-05-05 11:00:00,11,lags_meteo,xgboost_direct,32.0,12.099543571472168
2023-05-05,2023-05-05 12:00:00,12,lags_meteo,xgboost_direct,25.0,12.186565399169922
2023-05-05,2023-05-05 13:00:00,13,lags_meteo,xgboost_direct,19.0,11.54604721069336
2023-05-05,2023-05-05 14:00:00,14,lags_meteo,xgboost_direct,14.0,11.59912395477295
2023-05-05,2023-05-05 15:00:00,15,lags_meteo,xgboost_direct,33.0,11.272149085998535
2023-05-05,2023-05-05 16:00:00,16,lags_meteo,xgboost_direct,15.0,11.154918670654297
2023-05-05,2023-05-05 17:00:00,17,lags_meteo,xgboost_direct,16.0,10.759001731872559
2023-05-05,2023-05-05 18:00:00,18,lags_meteo,xgboost_direct,6.0,11.08824348449707
2023-05-05,2023-05-05 19:00:00,19,lags_meteo,xgboost_direct,12.0,11.00999641418457
2023-05-05,2023-05-05 20:00:00,20,lags_meteo,xgboost_direct,12.0,10.672998428344727
2023-05-05,2023-05-05 21:00:00,21,lags_meteo,xgboost_direct,9.0,10.998497009277344
2023-05-05,2023-05-05 22:00:00,22,lags_meteo,xgboost_direct,6.0,10.625802993774414
2023-05-05,2023-05-05 23:00:00,23,lags_meteo,xgboost_direct,14.0,10.393060684204102
2023-05-05,2023-05-06 00:00:00,24,lags_meteo,xgboost_direct,15.0,10.483001708984375
2023-05-06,2023-05-06 01:00:00,1,lags_meteo,xgboost_direct,16.0,12.379398345947266
2023-05-06,2023-05-06 02:00:00,2,lags_meteo,xgboost_direct,14.0,12.561622619628906
2023-05-06,2023-05-06 03:00:00,3,lags_meteo,xgboost_direct,13.0,11.472457885742188
2023-05-06,2023-05-06 04:00:00,4,lags_meteo,xgboost_direct,16.0,11.369232177734375
2023-05-06,2023-05-06 05:00:00,5,lags_meteo,xgboost_direct,17.0,10.815791130065918
2023-05-06,2023-05-06 06:00:00,6,lags_meteo,xgboost_direct,12.0,9.956303596496582
2023-05-06,2023-05-06 07:00:00,7,lags_meteo,xgboost_direct,14.0,10.241535186767578
2023-05-06,2023-05-06 08:00:00,8,lags_meteo,xgboost_direct,20.0,12.851154327392578
2023-05-06,2023-05-06 09:00:00,9,lags_meteo,xgboost_direct,16.0,14.45622444152832
2023-05-06,2023-05-06 10:00:00,10,lags_meteo,xgboost_direct,25.0,15.772287368774414
2023-05-06,2023-05-06 11:00:00,11,lags_meteo,xgboost_direct,24.0,15.465798377990723
2023-05-06,2023-05-06 12:00:00,12,lags_meteo,xgboost_direct,19.0,15.198785781860352
2023-05-06,2023-05-06 13:00:00,13,lags_meteo,xgboost_direct,20.0,15.670489311218262
2023-05-06,2023-05-06 14:00:00,14,lags_meteo,xgboost_direct,14.0,13.923306465148926
2023-05-06,2023-05-06 15:00:00,15,lags_meteo,xgboost_direct,9.0,12.020273208618164
2023-05-06,2023-05-06 16:00:00,16,lags_meteo,xgboost_direct,15.0,11.357101440429688
2023-05-06,2023-05-06 17:00:00,17,lags_meteo,xgboost_direct,14.0,10.519957542419434
2023-05-06,2023-05-06 18:00:00,18,lags_meteo,xgboost_direct,15.0,10.496694564819336
2023-05-06,2023-05-06 19:00:00,19,lags_meteo,xgboost_direct,13.0,11.319830894470215
2023-05-06,2023-05-06 20:00:00,20,lags_meteo,xgboost_direct,11.0,11.70117473602295
2023-05-06,2023-05-06 21:00:00,21,lags_meteo,xgboost_direct,11.0,11.726067543029785
2023-05-06,2023-05-06 22:00:00,22,lags_meteo,xgboost_direct,10.0,12.501748085021973
2023-05-06,2023-05-06 23:00:00,23,lags_meteo,xgboost_direct,8.0,12.610718727111816
2023-05-06,2023-05-07 00:00:00,24,lags_meteo,xgboost_direct,10.0,13.06132698059082
2023-05-07,2023-05-07 01:00:00,1,lags_meteo,xgboost_direct,9.0,8.52178955078125
2023-05-07,2023-05-07 02:00:00,2,lags_meteo,xgboost_direct,8.0,8.447278022766113
2023-05-07,2023-05-07 03:00:00,3,lags_meteo,xgboost_direct,5.0,8.510663986206055
2023-05-07,2023-05-07 04:00:00,4,lags_meteo,xgboost_direct,9.0,8.511698722839355
2023-05-07,2023-05-07 05:00:00,5,lags_meteo,xgboost_direct,9.0,9.18027400970459
2023-05-07,2023-05-07 06:00:00,6,lags_meteo,xgboost_direct,9.0,8.771175384521484
2023-05-07,2023-05-07 07:00:00,7,lags_meteo,xgboost_direct,9.0,8.603684425354004
2023-05-07,2023-05-07 08:00:00,8,lags_meteo,xgboost_direct,8.0,10.12547779083252
2023-05-07,2023-05-07 09:00:00,9,lags_meteo,xgboost_direct,8.0,12.345222473144531
2023-05-07,2023-05-07 10:00:00,10,lags_meteo,xgboost_direct,9.0,13.525489807128906
2023-05-07,2023-05-07 11:00:00,11,lags_meteo,xgboost_direct,9.0,13.448777198791504
2023-05-07,2023-05-07 12:00:00,12,lags_meteo,xgboost_direct,6.0,12.399016380310059
2023-05-07,2023-05-07 13:00:00,13,lags_meteo,xgboost_direct,9.0,12.279313087463379
2023-05-07,2023-05-07 14:00:00,14,lags_meteo,xgboost_direct,3.0,11.30965805053711
2023-05-07,2023-05-07 15:00:00,15,lags_meteo,xgboost_direct,8.0,10.871485710144043
2023-05-07,2023-05-07 16:00:00,16,lags_meteo,xgboost_direct,7.0,11.867371559143066
2023-05-07,2023-05-07 17:00:00,17,lags_meteo,xgboost_direct,9.0,11.754894256591797
2023-05-07,2023-05-07 18:00:00,18,lags_meteo,xgboost_direct,4.0,10.918046951293945
2023-05-07,2023-05-07 19:00:00,19,lags_meteo,xgboost_direct,10.0,10.288860321044922
2023-05-07,2023-05-07 20:00:00,20,lags_meteo,xgboost_direct,10.0,10.001850128173828
2023-05-07,2023-05-07 21:00:00,21,lags_meteo,xgboost_direct,5.0,9.515948295593262
2023-05-07,2023-05-07 22:00:00,22,lags_meteo,xgboost_direct,7.0,10.499444007873535
2023-05-07,2023-05-07 23:00:00,23,lags_meteo,xgboost_direct,11.0,9.908775329589844
2023-05-07,2023-05-08 00:00:00,24,lags_meteo,xgboost_direct,8.0,9.532526016235352
2023-05-08,2023-05-08 01:00:00,1,lags_meteo,xgboost_direct,4.0,8.284808158874512
2023-05-08,2023-05-08 02:00:00,2,lags_meteo,xgboost_direct,6.0,8.035908699035645
2023-05-08,2023-05-08 03:00:00,3,lags_meteo,xgboost_direct,5.0,7.828665733337402
2023-05-08,2023-05-08 04:00:00,4,lags_meteo,xgboost_direct,7.0,8.063658714294434
2023-05-08,2023-05-08 05:00:00,5,lags_meteo,xgboost_direct,7.0,7.950657367706299
2023-05-08,2023-05-08 06:00:00,6,lags_meteo,xgboost_direct,8.0,7.977920055389404
2023-05-08,2023-05-08 07:00:00,7,lags_meteo,xgboost_direct,9.0,8.740290641784668
2023-05-08,2023-05-08 08:00:00,8,lags_meteo,xgboost_direct,12.0,10.253321647644043
2023-05-08,2023-05-08 09:00:00,9,lags_meteo,xgboost_direct,18.0,11.644332885742188
2023-05-08,2023-05-08 10:00:00,10,lags_meteo,xgboost_direct,26.0,12.568133354187012
2023-05-08,2023-05-08 11:00:00,11,lags_meteo,xgboost_direct,21.0,11.508723258972168
2023-05-08,2023-05-08 12:00:00,12,lags_meteo,xgboost_direct,27.0,11.32638168334961
2023-05-08,2023-05-08 13:00:00,13,lags_meteo,xgboost_direct,26.0,11.154135704040527
2023-05-08,2023-05-08 14:00:00,14,lags_meteo,xgboost_direct,22.0,11.162422180175781
2023-05-08,2023-05-08 15:00:00,15,lags_meteo,xgboost_direct,14.0,11.01127815246582
2023-05-08,2023-05-08 16:00:00,16,lags_meteo,xgboost_direct,11.0,10.568845748901367
2023-05-08,2023-05-08 17:00:00,17,lags_meteo,xgboost_direct,8.0,11.437031745910645
2023-05-08,2023-05-08 18:00:00,18,lags_meteo,xgboost_direct,5.0,10.676236152648926
2023-05-08,2023-05-08 19:00:00,19,lags_meteo,xgboost_direct,11.0,11.162792205810547
2023-05-08,2023-05-08 20:00:00,20,lags_meteo,xgboost_direct,12.0,12.317319869995117
2023-05-08,2023-05-08 21:00:00,21,lags_meteo,xgboost_direct,8.0,12.248001098632812
2023-05-08,2023-05-08 22:00:00,22,lags_meteo,xgboost_direct,10.0,12.065713882446289
2023-05-08,2023-05-08 23:00:00,23,lags_meteo,xgboost_direct,12.0,12.475196838378906
2023-05-08,2023-05-09 00:00:00,24,lags_meteo,xgboost_direct,11.0,13.415631294250488
2023-05-09,2023-05-09 01:00:00,1,lags_meteo,xgboost_direct,10.0,10.343342781066895
2023-05-09,2023-05-09 02:00:00,2,lags_meteo,xgboost_direct,12.0,10.345012664794922
2023-05-09,2023-05-09 03:00:00,3,lags_meteo,xgboost_direct,10.0,10.990535736083984
2023-05-09,2023-05-09 04:00:00,4,lags_meteo,xgboost_direct,12.0,10.758801460266113
2023-05-09,2023-05-09 05:00:00,5,lags_meteo,xgboost_direct,10.0,11.587417602539062
2023-05-09,2023-05-09 06:00:00,6,lags_meteo,xgboost_direct,11.0,10.91452407836914
2023-05-09,2023-05-09 07:00:00,7,lags_meteo,xgboost_direct,11.0,11.634897232055664
2023-05-09,2023-05-09 08:00:00,8,lags_meteo,xgboost_direct,11.0,13.673468589782715
2023-05-09,2023-05-09 09:00:00,9,lags_meteo,xgboost_direct,12.0,16.7371883392334
2023-05-09,2023-05-09 10:00:00,10,lags_meteo,xgboost_direct,13.0,17.960878372192383
2023-05-09,2023-05-09 11:00:00,11,lags_meteo,xgboost_direct,11.0,19.13536834716797
2023-05-09,2023-05-09 12:00:00,12,lags_meteo,xgboost_direct,8.0,20.106773376464844
2023-05-09,2023-05-09 13:00:00,13,lags_meteo,xgboost_direct,7.0,19.739011764526367
2023-05-09,2023-05-09 14:00:00,14,lags_meteo,xgboost_direct,19.0,17.273883819580078
2023-05-09,2023-05-09 15:00:00,15,lags_meteo,xgboost_direct,9.0,15.405218124389648
2023-05-09,2023-05-09 16:00:00,16,lags_meteo,xgboost_direct,7.0,14.790074348449707
2023-05-09,2023-05-09 17:00:00,17,lags_meteo,xgboost_direct,9.0,13.815055847167969
2023-05-09,2023-05-09 18:00:00,18,lags_meteo,xgboost_direct,14.0,13.803414344787598
2023-05-09,2023-05-09 19:00:00,19,lags_meteo,xgboost_direct,7.0,13.7725191116333
2023-05-09,2023-05-09 20:00:00,20,lags_meteo,xgboost_direct,5.0,14.315999984741211
2023-05-09,2023-05-09 21:00:00,21,lags_meteo,xgboost_direct,7.0,14.804549217224121
2023-05-09,2023-05-09 22:00:00,22,lags_meteo,xgboost_direct,9.0,15.249249458312988
2023-05-09,2023-05-09 23:00:00,23,lags_meteo,xgboost_direct,8.0,14.620501518249512
2023-05-09,2023-05-10 00:00:00,24,lags_meteo,xgboost_direct,5.0,14.212239265441895
2023-05-10,2023-05-10 01:00:00,1,lags_meteo,xgboost_direct,7.0,6.940662384033203
2023-05-10,2023-05-10 02:00:00,2,lags_meteo,xgboost_direct,7.0,7.055777549743652
2023-05-10,2023-05-10 03:00:00,3,lags_meteo,xgboost_direct,4.0,6.999206066131592
2023-05-10,2023-05-10 04:00:00,4,lags_meteo,xgboost_direct,5.0,7.611561298370361
2023-05-10,2023-05-10 05:00:00,5,lags_meteo,xgboost_direct,4.0,7.985673904418945
2023-05-10,2023-05-10 06:00:00,6,lags_meteo,xgboost_direct,6.0,7.856229305267334
2023-05-10,2023-05-10 07:00:00,7,lags_meteo,xgboost_direct,6.0,9.005170822143555
2023-05-10,2023-05-10 08:00:00,8,lags_meteo,xgboost_direct,8.0,10.2011137008667
2023-05-10,2023-05-10 09:00:00,9,lags_meteo,xgboost_direct,12.0,11.610410690307617
2023-05-10,2023-05-10 10:00:00,10,lags_meteo,xgboost_direct,9.0,12.267104148864746
2023-05-10,2023-05-10 11:00:00,11,lags_meteo,xgboost_direct,10.0,11.772283554077148
2023-05-10,2023-05-10 12:00:00,12,lags_meteo,xgboost_direct,17.0,11.362579345703125
2023-05-10,2023-05-10 13:00:00,13,lags_meteo,xgboost_direct,14.0,11.662557601928711
2023-05-10,2023-05-10 14:00:00,14,lags_meteo,xgboost_direct,15.0,11.699846267700195
2023-05-10,2023-05-10 15:00:00,15,lags_meteo,xgboost_direct,17.0,12.197920799255371
2023-05-10,2023-05-10 16:00:00,16,lags_meteo,xgboost_direct,12.0,12.617886543273926
2023-05-10,2023-05-10 17:00:00,17,lags_meteo,xgboost_direct,14.0,12.95307731628418
2023-05-10,2023-05-10 18:00:00,18,lags_meteo,xgboost_direct,8.0,12.741003036499023
2023-05-10,2023-05-10 19:00:00,19,lags_meteo,xgboost_direct,18.0,12.54116153717041
2023-05-10,2023-05-10 20:00:00,20,lags_meteo,xgboost_direct,20.0,12.668245315551758
2023-05-10,2023-05-10 21:00:00,21,lags_meteo,xgboost_direct,26.0,12.240535736083984
2023-05-10,2023-05-10 22:00:00,22,lags_meteo,xgboost_direct,14.0,11.108153343200684
2023-05-10,2023-05-10 23:00:00,23,lags_meteo,xgboost_direct,13.0,11.365128517150879
2023-05-10,2023-05-11 00:00:00,24,lags_meteo,xgboost_direct,11.0,11.439286231994629
2023-05-11,2023-05-11 01:00:00,1,lags_meteo,xgboost_direct,13.0,11.461589813232422
2023-05-11,2023-05-11 02:00:00,2,lags_meteo,xgboost_direct,9.0,11.241049766540527
2023-05-11,2023-05-11 03:00:00,3,lags_meteo,xgboost_direct,9.0,11.465093612670898
2023-05-11,2023-05-11 04:00:00,4,lags_meteo,xgboost_direct,7.0,11.33630084991455
2023-05-11,2023-05-11 05:00:00,5,lags_meteo,xgboost_direct,8.0,11.994744300842285
2023-05-11,2023-05-11 06:00:00,6,lags_meteo,xgboost_direct,9.0,12.315731048583984
2023-05-11,2023-05-11 07:00:00,7,lags_meteo,xgboost_direct,6.0,12.273103713989258
2023-05-11,2023-05-11 08:00:00,8,lags_meteo,xgboost_direct,6.0,15.137624740600586
2023-05-11,2023-05-11 09:00:00,9,lags_meteo,xgboost_direct,11.0,16.949386596679688
2023-05-11,2023-05-11 10:00:00,10,lags_meteo,xgboost_direct,9.0,18.40924835205078
2023-05-11,2023-05-11 11:00:00,11,lags_meteo,xgboost_direct,13.0,18.0408935546875
2023-05-11,2023-05-11 12:00:00,12,lags_meteo,xgboost_direct,14.0,18.37895965576172
2023-05-11,2023-05-11 13:00:00,13,lags_meteo,xgboost_direct,15.0,16.287857055664062
2023-05-11,2023-05-11 14:00:00,14,lags_meteo,xgboost_direct,14.0,15.537520408630371
2023-05-11,2023-05-11 15:00:00,15,lags_meteo,xgboost_direct,10.0,13.692039489746094
2023-05-11,2023-05-11 16:00:00,16,lags_meteo,xgboost_direct,8.0,12.981762886047363
2023-05-11,2023-05-11 17:00:00,17,lags_meteo,xgboost_direct,12.0,13.237640380859375
2023-05-11,2023-05-11 18:00:00,18,lags_meteo,xgboost_direct,14.0,14.235243797302246
2023-05-11,2023-05-11 19:00:00,19,lags_meteo,xgboost_direct,11.0,16.45734405517578
2023-05-11,2023-05-11 20:00:00,20,lags_meteo,xgboost_direct,7.0,17.343225479125977
2023-05-11,2023-05-11 21:00:00,21,lags_meteo,xgboost_direct,11.0,18.407920837402344
2023-05-11,2023-05-11 22:00:00,22,lags_meteo,xgboost_direct,7.0,16.271181106567383
2023-05-11,2023-05-11 23:00:00,23,lags_meteo,xgboost_direct,6.0,15.085151672363281
2023-05-11,2023-05-12 00:00:00,24,lags_meteo,xgboost_direct,7.0,12.880433082580566
2023-05-12,2023-05-12 01:00:00,1,lags_meteo,xgboost_direct,7.0,7.068983554840088
2023-05-12,2023-05-12 02:00:00,2,lags_meteo,xgboost_direct,6.0,7.175361156463623
2023-05-12,2023-05-12 03:00:00,3,lags_meteo,xgboost_direct,5.0,7.959918975830078
2023-05-12,2023-05-12 04:00:00,4,lags_meteo,xgboost_direct,1.0,8.268193244934082
2023-05-12,2023-05-12 05:00:00,5,lags_meteo,xgboost_direct,2.0,8.56164264678955
2023-05-12,2023-05-12 06:00:00,6,lags_meteo,xgboost_direct,3.0,8.66256046295166
2023-05-12,2023-05-12 07:00:00,7,lags_meteo,xgboost_direct,5.0,9.580324172973633
2023-05-12,2023-05-12 08:00:00,8,lags_meteo,xgboost_direct,4.0,10.66873550415039
2023-05-12,2023-05-12 09:00:00,9,lags_meteo,xgboost_direct,5.0,12.964607238769531
2023-05-12,2023-05-12 10:00:00,10,lags_meteo,xgboost_direct,7.0,14.3872709274292
2023-05-12,2023-05-12 11:00:00,11,lags_meteo,xgboost_direct,2.0,13.760518074035645
2023-05-12,2023-05-12 12:00:00,12,lags_meteo,xgboost_direct,3.0,13.281682014465332
2023-05-12,2023-05-12 13:00:00,13,lags_meteo,xgboost_direct,28.0,13.131829261779785
2023-05-12,2023-05-12 14:00:00,14,lags_meteo,xgboost_direct,44.0,13.02755069732666
2023-05-12,2023-05-12 15:00:00,15,lags_meteo,xgboost_direct,80.0,11.818608283996582
2023-05-12,2023-05-12 16:00:00,16,lags_meteo,xgboost_direct,54.0,13.339680671691895
2023-05-12,2023-05-12 17:00:00,17,lags_meteo,xgboost_direct,28.0,12.703520774841309
2023-05-12,2023-05-12 18:00:00,18,lags_meteo,xgboost_direct,8.0,13.304361343383789
2023-05-12,2023-05-12 19:00:00,19,lags_meteo,xgboost_direct,5.0,12.749204635620117
2023-05-12,2023-05-12 20:00:00,20,lags_meteo,xgboost_direct,8.0,12.274652481079102
2023-05-12,2023-05-12 21:00:00,21,lags_meteo,xgboost_direct,8.0,11.764498710632324
2023-05-12,2023-05-12 22:00:00,22,lags_meteo,xgboost_direct,8.0,11.9017915725708
2023-05-12,2023-05-12 23:00:00,23,lags_meteo,xgboost_direct,8.0,12.00520133972168
2023-05-12,2023-05-13 00:00:00,24,lags_meteo,xgboost_direct,6.0,11.577658653259277
2023-05-13,2023-05-13 01:00:00,1,lags_meteo,xgboost_direct,3.0,6.932478427886963
2023-05-13,2023-05-13 02:00:00,2,lags_meteo,xgboost_direct,3.0,6.604655742645264
2023-05-13,2023-05-13 03:00:00,3,lags_meteo,xgboost_direct,5.0,6.2079362869262695
2023-05-13,2023-05-13 04:00:00,4,lags_meteo,xgboost_direct,4.0,6.322734355926514
2023-05-13,2023-05-13 05:00:00,5,lags_meteo,xgboost_direct,4.0,6.263341426849365
2023-05-13,2023-05-13 06:00:00,6,lags_meteo,xgboost_direct,5.0,6.288540840148926
2023-05-13,2023-05-13 07:00:00,7,lags_meteo,xgboost_direct,2.0,6.6506524085998535
2023-05-13,2023-05-13 08:00:00,8,lags_meteo,xgboost_direct,3.0,7.40095853805542
2023-05-13,2023-05-13 09:00:00,9,lags_meteo,xgboost_direct,3.0,8.816322326660156
2023-05-13,2023-05-13 10:00:00,10,lags_meteo,xgboost_direct,2.0,9.245835304260254
2023-05-13,2023-05-13 11:00:00,11,lags_meteo,xgboost_direct,6.0,9.913588523864746
2023-05-13,2023-05-13 12:00:00,12,lags_meteo,xgboost_direct,5.0,9.793213844299316
2023-05-13,2023-05-13 13:00:00,13,lags_meteo,xgboost_direct,3.0,9.682043075561523
2023-05-13,2023-05-13 14:00:00,14,lags_meteo,xgboost_direct,5.0,10.184005737304688
2023-05-13,2023-05-13 15:00:00,15,lags_meteo,xgboost_direct,8.0,10.246999740600586
2023-05-13,2023-05-13 16:00:00,16,lags_meteo,xgboost_direct,10.0,11.09424114227295
2023-05-13,2023-05-13 17:00:00,17,lags_meteo,xgboost_direct,8.0,11.180476188659668
2023-05-13,2023-05-13 18:00:00,18,lags_meteo,xgboost_direct,3.0,11.411981582641602
2023-05-13,2023-05-13 19:00:00,19,lags_meteo,xgboost_direct,6.0,10.928001403808594
2023-05-13,2023-05-13 20:00:00,20,lags_meteo,xgboost_direct,8.0,11.312399864196777
2023-05-13,2023-05-13 21:00:00,21,lags_meteo,xgboost_direct,6.0,10.798120498657227
2023-05-13,2023-05-13 22:00:00,22,lags_meteo,xgboost_direct,6.0,11.1264066696167
2023-05-13,2023-05-13 23:00:00,23,lags_meteo,xgboost_direct,8.0,10.88519287109375
2023-05-13,2023-05-14 00:00:00,24,lags_meteo,xgboost_direct,8.0,9.995388984680176
2023-05-14,2023-05-14 01:00:00,1,lags_meteo,xgboost_direct,6.0,5.679092884063721
2023-05-14,2023-05-14 02:00:00,2,lags_meteo,xgboost_direct,5.0,5.483004093170166
2023-05-14,2023-05-14 03:00:00,3,lags_meteo,xgboost_direct,7.0,5.501239776611328
2023-05-14,2023-05-14 04:00:00,4,lags_meteo,xgboost_direct,9.0,5.6291375160217285
2023-05-14,2023-05-14 05:00:00,5,lags_meteo,xgboost_direct,11.0,5.955156326293945
2023-05-14,2023-05-14 06:00:00,6,lags_meteo,xgboost_direct,10.0,6.173525333404541
2023-05-14,2023-05-14 07:00:00,7,lags_meteo,xgboost_direct,8.0,7.008891582489014
2023-05-14,2023-05-14 08:00:00,8,lags_meteo,xgboost_direct,11.0,7.221022129058838
2023-05-14,2023-05-14 09:00:00,9,lags_meteo,xgboost_direct,6.0,8.006089210510254
2023-05-14,2023-05-14 10:00:00,10,lags_meteo,xgboost_direct,6.0,8.855950355529785
2023-05-14,2023-05-14 11:00:00,11,lags_meteo,xgboost_direct,2.0,9.62389850616455
2023-05-14,2023-05-14 12:00:00,12,lags_meteo,xgboost_direct,1.0,9.897050857543945
2023-05-14,2023-05-14 13:00:00,13,lags_meteo,xgboost_direct,4.0,9.75700855255127
2023-05-14,2023-05-14 14:00:00,14,lags_meteo,xgboost_direct,6.0,9.809045791625977
2023-05-14,2023-05-14 15:00:00,15,lags_meteo,xgboost_direct,17.0,9.910444259643555
2023-05-14,2023-05-14 16:00:00,16,lags_meteo,xgboost_direct,32.0,10.418088912963867
2023-05-14,2023-05-14 17:00:00,17,lags_meteo,xgboost_direct,22.0,10.348958969116211
2023-05-14,2023-05-14 18:00:00,18,lags_meteo,xgboost_direct,7.0,10.418206214904785
2023-05-14,2023-05-14 19:00:00,19,lags_meteo,xgboost_direct,5.0,10.413737297058105
2023-05-14,2023-05-14 20:00:00,20,lags_meteo,xgboost_direct,5.0,10.219209671020508
2023-05-14,2023-05-14 21:00:00,21,lags_meteo,xgboost_direct,6.0,10.749028205871582
2023-05-14,2023-05-14 22:00:00,22,lags_meteo,xgboost_direct,9.0,10.463834762573242
2023-05-14,2023-05-14 23:00:00,23,lags_meteo,xgboost_direct,8.0,10.198046684265137
2023-05-14,2023-05-15 00:00:00,24,lags_meteo,xgboost_direct,9.0,9.827628135681152
2023-05-15,2023-05-15 01:00:00,1,lags_meteo,xgboost_direct,9.0,6.551271915435791
2023-05-15,2023-05-15 02:00:00,2,lags_meteo,xgboost_direct,12.0,6.47963809967041
2023-05-15,2023-05-15 03:00:00,3,lags_meteo,xgboost_direct,11.0,6.852567672729492
2023-05-15,2023-05-15 04:00:00,4,lags_meteo,xgboost_direct,9.0,7.015556335449219
2023-05-15,2023-05-15 05:00:00,5,lags_meteo,xgboost_direct,5.0,7.648839473724365
2023-05-15,2023-05-15 06:00:00,6,lags_meteo,xgboost_direct,6.0,7.1599016189575195
2023-05-15,2023-05-15 07:00:00,7,lags_meteo,xgboost_direct,7.0,7.462220668792725
2023-05-15,2023-05-15 08:00:00,8,lags_meteo,xgboost_direct,6.0,9.209303855895996
2023-05-15,2023-05-15 09:00:00,9,lags_meteo,xgboost_direct,12.0,10.660719871520996
2023-05-15,2023-05-15 10:00:00,10,lags_meteo,xgboost_direct,15.0,11.266324996948242
2023-05-15,2023-05-15 11:00:00,11,lags_meteo,xgboost_direct,14.0,12.077339172363281
2023-05-15,2023-05-15 12:00:00,12,lags_meteo,xgboost_direct,20.0,11.466924667358398
2023-05-15,2023-05-15 13:00:00,13,lags_meteo,xgboost_direct,9.0,12.173442840576172
2023-05-15,2023-05-15 14:00:00,14,lags_meteo,xgboost_direct,,10.516348838806152
2023-05-15,2023-05-15 15:00:00,15,lags_meteo,xgboost_direct,,10.33317756652832
2023-05-15,2023-05-15 16:00:00,16,lags_meteo,xgboost_direct,,10.892626762390137
2023-05-15,2023-05-15 17:00:00,17,lags_meteo,xgboost_direct,,10.68001651763916
2023-05-15,2023-05-15 18:00:00,18,lags_meteo,xgboost_direct,,10.7457857131958
2023-05-15,2023-05-15 19:00:00,19,lags_meteo,xgboost_direct,,11.253628730773926
2023-05-15,2023-05-15 20:00:00,20,lags_meteo,xgboost_direct,,11.029528617858887
2023-05-15,2023-05-15 21:00:00,21,lags_meteo,xgboost_direct,,11.409327507019043
2023-05-15,2023-05-15 22:00:00,22,lags_meteo,xgboost_direct,,11.745057106018066
2023-05-15,2023-05-15 23:00:00,23,lags_meteo,xgboost_direct,,10.846382141113281
2023-05-15,2023-05-16 00:00:00,24,lags_meteo,xgboost_direct,,11.014994621276855
2023-05-16,2023-05-16 01:00:00,1,lags_meteo,xgboost_direct,,8.405500411987305
2023-05-16,2023-05-16 02:00:00,2,lags_meteo,xgboost_direct,,8.224873542785645
2023-05-16,2023-05-16 03:00:00,3,lags_meteo,xgboost_direct,,8.145665168762207
2023-05-16,2023-05-16 04:00:00,4,lags_meteo,xgboost_direct,,8.151476860046387
2023-05-16,2023-05-16 05:00:00,5,lags_meteo,xgboost_direct,,7.701354503631592
2023-05-16,2023-05-16 06:00:00,6,lags_meteo,xgboost_direct,3.0,7.642678737640381
2023-05-16,2023-05-16 07:00:00,7,lags_meteo,xgboost_direct,6.0,8.1957368850708
2023-05-16,2023-05-16 08:00:00,8,lags_meteo,xgboost_direct,8.0,9.752008438110352
2023-05-16,2023-05-16 09:00:00,9,lags_meteo,xgboost_direct,11.0,11.827180862426758
2023-05-16,2023-05-16 10:00:00,10,lags_meteo,xgboost_direct,10.0,12.984869956970215
2023-05-16,2023-05-16 11:00:00,11,lags_meteo,xgboost_direct,9.0,13.35656452178955
2023-05-16,2023-05-16 12:00:00,12,lags_meteo,xgboost_direct,6.0,13.460524559020996
2023-05-16,2023-05-16 13:00:00,13,lags_meteo,xgboost_direct,7.0,12.786673545837402
2023-05-16,2023-05-16 14:00:00,14,lags_meteo,xgboost_direct,9.0,12.376628875732422
2023-05-16,2023-05-16 15:00:00,15,lags_meteo,xgboost_direct,6.0,12.177990913391113
2023-05-16,2023-05-16 16:00:00,16,lags_meteo,xgboost_direct,8.0,11.702651977539062
2023-05-16,2023-05-16 17:00:00,17,lags_meteo,xgboost_direct,12.0,11.979242324829102
2023-05-16,2023-05-16 18:00:00,18,lags_meteo,xgboost_direct,9.0,11.358199119567871
2023-05-16,2023-05-16 19:00:00,19,lags_meteo,xgboost_direct,5.0,11.383694648742676
2023-05-16,2023-05-16 20:00:00,20,lags_meteo,xgboost_direct,14.0,11.60312557220459
2023-05-16,2023-05-16 21:00:00,21,lags_meteo,xgboost_direct,7.0,12.000338554382324
2023-05-16,2023-05-16 22:00:00,22,lags_meteo,xgboost_direct,12.0,11.158707618713379
2023-05-16,2023-05-16 23:00:00,23,lags_meteo,xgboost_direct,17.0,11.459522247314453
2023-05-16,2023-05-17 00:00:00,24,lags_meteo,xgboost_direct,15.0,10.643722534179688
2023-05-17,2023-05-17 01:00:00,1,lags_meteo,xgboost_direct,11.0,12.974440574645996
2023-05-17,2023-05-17 02:00:00,2,lags_meteo,xgboost_direct,12.0,11.313298225402832
2023-05-17,2023-05-17 03:00:00,3,lags_meteo,xgboost_direct,11.0,10.711896896362305
2023-05-17,2023-05-17 04:00:00,4,lags_meteo,xgboost_direct,10.0,9.976300239562988
2023-05-17,2023-05-17 05:00:00,5,lags_meteo,xgboost_direct,10.0,10.0903902053833
2023-05-17,2023-05-17 06:00:00,6,lags_meteo,xgboost_direct,13.0,9.420690536499023
2023-05-17,2023-05-17 07:00:00,7,lags_meteo,xgboost_direct,10.0,11.144529342651367
2023-05-17,2023-05-17 08:00:00,8,lags_meteo,xgboost_direct,9.0,12.347479820251465
2023-05-17,2023-05-17 09:00:00,9,lags_meteo,xgboost_direct,11.0,14.790374755859375
2023-05-17,2023-05-17 10:00:00,10,lags_meteo,xgboost_direct,14.0,14.84042739868164
2023-05-17,2023-05-17 11:00:00,11,lags_meteo,xgboost_direct,13.0,14.84119987487793
2023-05-17,2023-05-17 12:00:00,12,lags_meteo,xgboost_direct,15.0,14.42142391204834
2023-05-17,2023-05-17 13:00:00,13,lags_meteo,xgboost_direct,13.0,14.173457145690918
2023-05-17,2023-05-17 14:00:00,14,lags_meteo,xgboost_direct,15.0,13.712465286254883
2023-05-17,2023-05-17 15:00:00,15,lags_meteo,xgboost_direct,5.0,12.005609512329102
2023-05-17,2023-05-17 16:00:00,16,lags_meteo,xgboost_direct,19.0,12.021756172180176
2023-05-17,2023-05-17 17:00:00,17,lags_meteo,xgboost_direct,13.0,11.485456466674805
2023-05-17,2023-05-17 18:00:00,18,lags_meteo,xgboost_direct,15.0,12.008733749389648
2023-05-17,2023-05-17 19:00:00,19,lags_meteo,xgboost_direct,15.0,11.4298734664917
2023-05-17,2023-05-17 20:00:00,20,lags_meteo,xgboost_direct,12.0,11.6449613571167
2023-05-17,2023-05-17 21:00:00,21,lags_meteo,xgboost_direct,16.0,11.95910358428955
2023-05-17,2023-05-17 22:00:00,22,lags_meteo,xgboost_direct,16.0,12.517237663269043
2023-05-17,2023-05-17 23:00:00,23,lags_meteo,xgboost_direct,16.0,12.841368675231934
2023-05-17,2023-05-18 00:00:00,24,lags_meteo,xgboost_direct,22.0,12.739578247070312
2023-05-18,2023-05-18 01:00:00,1,lags_meteo,xgboost_direct,20.0,13.25261402130127
2023-05-18,2023-05-18 02:00:00,2,lags_meteo,xgboost_direct,10.0,12.557745933532715
2023-05-18,2023-05-18 03:00:00,3,lags_meteo,xgboost_direct,10.0,12.193954467773438
2023-05-18,2023-05-18 04:00:00,4,lags_meteo,xgboost_direct,13.0,12.253064155578613
2023-05-18,2023-05-18 05:00:00,5,lags_meteo,xgboost_direct,11.0,12.021790504455566
2023-05-18,2023-05-18 06:00:00,6,lags_meteo,xgboost_direct,9.0,12.149455070495605
2023-05-18,2023-05-18 07:00:00,7,lags_meteo,xgboost_direct,13.0,12.401345252990723
2023-05-18,2023-05-18 08:00:00,8,lags_meteo,xgboost_direct,14.0,13.09017562866211
2023-05-18,2023-05-18 09:00:00,9,lags_meteo,xgboost_direct,13.0,15.956093788146973
2023-05-18,2023-05-18 10:00:00,10,lags_meteo,xgboost_direct,14.0,17.262466430664062
2023-05-18,2023-05-18 11:00:00,11,lags_meteo,xgboost_direct,18.0,16.842300415039062
2023-05-18,2023-05-18 12:00:00,12,lags_meteo,xgboost_direct,26.0,15.502973556518555
2023-05-18,2023-05-18 13:00:00,13,lags_meteo,xgboost_direct,18.0,16.121349334716797
2023-05-18,2023-05-18 14:00:00,14,lags_meteo,xgboost_direct,10.0,15.502496719360352
2023-05-18,2023-05-18 15:00:00,15,lags_meteo,xgboost_direct,21.0,14.27803897857666
2023-05-18,2023-05-18 16:00:00,16,lags_meteo,xgboost_direct,22.0,14.286737442016602
2023-05-18,2023-05-18 17:00:00,17,lags_meteo,xgboost_direct,21.0,14.604949951171875
2023-05-18,2023-05-18 18:00:00,18,lags_meteo,xgboost_direct,16.0,14.662242889404297
2023-05-18,2023-05-18 19:00:00,19,lags_meteo,xgboost_direct,14.0,14.812225341796875
2023-05-18,2023-05-18 20:00:00,20,lags_meteo,xgboost_direct,10.0,15.01163101196289
2023-05-18,2023-05-18 21:00:00,21,lags_meteo,xgboost_direct,9.0,15.121796607971191
2023-05-18,2023-05-18 22:00:00,22,lags_meteo,xgboost_direct,17.0,13.893062591552734
2023-05-18,2023-05-18 23:00:00,23,lags_meteo,xgboost_direct,20.0,13.421707153320312
2023-05-18,2023-05-19 00:00:00,24,lags_meteo,xgboost_direct,14.0,12.596868515014648
2023-05-19,2023-05-19 01:00:00,1,lags_meteo,xgboost_direct,13.0,17.818769454956055
2023-05-19,2023-05-19 02:00:00,2,lags_meteo,xgboost_direct,14.0,16.85833740234375
2023-05-19,2023-05-19 03:00:00,3,lags_meteo,xgboost_direct,10.0,15.84289836883545
2023-05-19,2023-05-19 04:00:00,4,lags_meteo,xgboost_direct,8.0,14.354958534240723
2023-05-19,2023-05-19 05:00:00,5,lags_meteo,xgboost_direct,10.0,13.383955001831055
2023-05-19,2023-05-19 06:00:00,6,lags_meteo,xgboost_direct,13.0,14.41738224029541
2023-05-19,2023-05-19 07:00:00,7,lags_meteo,xgboost_direct,11.0,14.281476020812988
2023-05-19,2023-05-19 08:00:00,8,lags_meteo,xgboost_direct,14.0,14.576094627380371
2023-05-19,2023-05-19 09:00:00,9,lags_meteo,xgboost_direct,16.0,16.713781356811523
2023-05-19,2023-05-19 10:00:00,10,lags_meteo,xgboost_direct,18.0,20.324453353881836
2023-05-19,2023-05-19 11:00:00,11,lags_meteo,xgboost_direct,16.0,21.646955490112305
2023-05-19,2023-05-19 12:00:00,12,lags_meteo,xgboost_direct,18.0,21.629465103149414
2023-05-19,2023-05-19 13:00:00,13,lags_meteo,xgboost_direct,12.0,21.11644172668457
2023-05-19,2023-05-19 14:00:00,14,lags_meteo,xgboost_direct,10.0,19.597190856933594
2023-05-19,2023-05-19 15:00:00,15,lags_meteo,xgboost_direct,12.0,18.156681060791016
2023-05-19,2023-05-19 16:00:00,16,lags_meteo,xgboost_direct,12.0,17.37348747253418
2023-05-19,2023-05-19 17:00:00,17,lags_meteo,xgboost_direct,15.0,16.78717041015625
2023-05-19,2023-05-19 18:00:00,18,lags_meteo,xgboost_direct,12.0,15.625333786010742
2023-05-19,2023-05-19 19:00:00,19,lags_meteo,xgboost_direct,11.0,14.788567543029785
2023-05-19,2023-05-19 20:00:00,20,lags_meteo,xgboost_direct,11.0,14.949201583862305
2023-05-19,2023-05-19 21:00:00,21,lags_meteo,xgboost_direct,12.0,15.013832092285156
2023-05-19,2023-05-19 22:00:00,22,lags_meteo,xgboost_direct,14.0,14.896100997924805
2023-05-19,2023-05-19 23:00:00,23,lags_meteo,xgboost_direct,11.0,15.176085472106934
2023-05-19,2023-05-20 00:00:00,24,lags_meteo,xgboost_direct,11.0,14.711857795715332
2023-05-20,2023-05-20 01:00:00,1,lags_meteo,xgboost_direct,11.0,10.090888023376465
2023-05-20,2023-05-20 02:00:00,2,lags_meteo,xgboost_direct,11.0,10.086400985717773
2023-05-20,2023-05-20 03:00:00,3,lags_meteo,xgboost_direct,12.0,9.621916770935059
2023-05-20,2023-05-20 04:00:00,4,lags_meteo,xgboost_direct,6.0,9.962069511413574
2023-05-20,2023-05-20 05:00:00,5,lags_meteo,xgboost_direct,9.0,9.812803268432617
2023-05-20,2023-05-20 06:00:00,6,lags_meteo,xgboost_direct,8.0,10.331535339355469
2023-05-20,2023-05-20 07:00:00,7,lags_meteo,xgboost_direct,7.0,9.824244499206543
2023-05-20,2023-05-20 08:00:00,8,lags_meteo,xgboost_direct,11.0,10.310882568359375
2023-05-20,2023-05-20 09:00:00,9,lags_meteo,xgboost_direct,16.0,12.963595390319824
2023-05-20,2023-05-20 10:00:00,10,lags_meteo,xgboost_direct,11.0,13.928997039794922
2023-05-20,2023-05-20 11:00:00,11,lags_meteo,xgboost_direct,14.0,13.686269760131836
2023-05-20,2023-05-20 12:00:00,12,lags_meteo,xgboost_direct,11.0,13.781540870666504
2023-05-20,2023-05-20 13:00:00,13,lags_meteo,xgboost_direct,12.0,12.745223999023438
2023-05-20,2023-05-20 14:00:00,14,lags_meteo,xgboost_direct,10.0,12.473836898803711
2023-05-20,2023-05-20 15:00:00,15,lags_meteo,xgboost_direct,6.0,11.85022258758545
2023-05-20,2023-05-20 16:00:00,16,lags_meteo,xgboost_direct,10.0,11.73886489868164
2023-05-20,2023-05-20 17:00:00,17,lags_meteo,xgboost_direct,9.0,12.184420585632324
2023-05-20,2023-05-20 18:00:00,18,lags_meteo,xgboost_direct,9.0,12.552075386047363
2023-05-20,2023-05-20 19:00:00,19,lags_meteo,xgboost_direct,9.0,12.585899353027344
2023-05-20,2023-05-20 20:00:00,20,lags_meteo,xgboost_direct,10.0,12.27208137512207
2023-05-20,2023-05-20 21:00:00,21,lags_meteo,xgboost_direct,14.0,12.921271324157715
2023-05-20,2023-05-20 22:00:00,22,lags_meteo,xgboost_direct,9.0,12.149255752563477
2023-05-20,2023-05-20 23:00:00,23,lags_meteo,xgboost_direct,11.0,11.311792373657227
2023-05-20,2023-05-21 00:00:00,24,lags_meteo,xgboost_direct,20.0,11.327750205993652
2023-05-21,2023-05-21 01:00:00,1,lags_meteo,xgboost_direct,18.0,9.445759773254395
2023-05-21,2023-05-21 02:00:00,2,lags_meteo,xgboost_direct,13.0,8.755866050720215
2023-05-21,2023-05-21 03:00:00,3,lags_meteo,xgboost_direct,12.0,8.318131446838379
2023-05-21,2023-05-21 04:00:00,4,lags_meteo,xgboost_direct,12.0,8.299212455749512
2023-05-21,2023-05-21 05:00:00,5,lags_meteo,xgboost_direct,11.0,7.710832595825195
2023-05-21,2023-05-21 06:00:00,6,lags_meteo,xgboost_direct,9.0,8.02343463897705
2023-05-21,2023-05-21 07:00:00,7,lags_meteo,xgboost_direct,9.0,8.15809440612793
2023-05-21,2023-05-21 08:00:00,8,lags_meteo,xgboost_direct,13.0,8.044147491455078
2023-05-21,2023-05-21 09:00:00,9,lags_meteo,xgboost_direct,12.0,9.256409645080566
2023-05-21,2023-05-21 10:00:00,10,lags_meteo,xgboost_direct,13.0,9.879382133483887
2023-05-21,2023-05-21 11:00:00,11,lags_meteo,xgboost_direct,14.0,9.754669189453125
2023-05-21,2023-05-21 12:00:00,12,lags_meteo,xgboost_direct,9.0,9.10476303100586
2023-05-21,2023-05-21 13:00:00,13,lags_meteo,xgboost_direct,14.0,8.926848411560059
2023-05-21,2023-05-21 14:00:00,14,lags_meteo,xgboost_direct,14.0,8.732446670532227
2023-05-21,2023-05-21 15:00:00,15,lags_meteo,xgboost_direct,12.0,8.767060279846191
2023-05-21,2023-05-21 16:00:00,16,lags_meteo,xgboost_direct,3.0,8.02006721496582
2023-05-21,2023-05-21 17:00:00,17,lags_meteo,xgboost_direct,1.0,9.367439270019531
2023-05-21,2023-05-21 18:00:00,18,lags_meteo,xgboost_direct,8.0,9.494040489196777
2023-05-21,2023-05-21 19:00:00,19,lags_meteo,xgboost_direct,10.0,10.000998497009277
2023-05-21,2023-05-21 20:00:00,20,lags_meteo,xgboost_direct,12.0,10.1985502243042
2023-05-21,2023-05-21 21:00:00,21,lags_meteo,xgboost_direct,10.0,9.239500999450684
2023-05-21,2023-05-21 22:00:00,22,lags_meteo,xgboost_direct,8.0,10.116888999938965
2023-05-21,2023-05-21 23:00:00,23,lags_meteo,xgboost_direct,8.0,9.302406311035156
2023-05-21,2023-05-22 00:00:00,24,lags_meteo,xgboost_direct,8.0,8.8077974319458
2023-05-22,2023-05-22 01:00:00,1,lags_meteo,xgboost_direct,3.0,8.731325149536133
2023-05-22,2023-05-22 02:00:00,2,lags_meteo,xgboost_direct,10.0,9.303606986999512
2023-05-22,2023-05-22 03:00:00,3,lags_meteo,xgboost_direct,10.0,8.832964897155762
2023-05-22,2023-05-22 04:00:00,4,lags_meteo,xgboost_direct,11.0,10.050487518310547
2023-05-22,2023-05-22 05:00:00,5,lags_meteo,xgboost_direct,16.0,9.24542236328125
2023-05-22,2023-05-22 06:00:00,6,lags_meteo,xgboost_direct,12.0,9.4389066696167
2023-05-22,2023-05-22 07:00:00,7,lags_meteo,xgboost_direct,10.0,8.986281394958496
2023-05-22,2023-05-22 08:00:00,8,lags_meteo,xgboost_direct,16.0,9.333245277404785
2023-05-22,2023-05-22 09:00:00,9,lags_meteo,xgboost_direct,21.0,10.981363296508789
2023-05-22,2023-05-22 10:00:00,10,lags_meteo,xgboost_direct,21.0,14.12960147857666
2023-05-22,2023-05-22 11:00:00,11,lags_meteo,xgboost_direct,14.0,15.377050399780273
2023-05-22,2023-05-22 12:00:00,12,lags_meteo,xgboost_direct,15.0,12.499432563781738
2023-05-22,2023-05-22 13:00:00,13,lags_meteo,xgboost_direct,14.0,12.150347709655762
2023-05-22,2023-05-22 14:00:00,14,lags_meteo,xgboost_direct,17.0,14.643142700195312
2023-05-22,2023-05-22 15:00:00,15,lags_meteo,xgboost_direct,24.0,24.357316970825195
2023-05-22,2023-05-22 16:00:00,16,lags_meteo,xgboost_direct,19.0,12.636434555053711
2023-05-22,2023-05-22 17:00:00,17,lags_meteo,xgboost_direct,19.0,19.821044921875
2023-05-22,2023-05-22 18:00:00,18,lags_meteo,xgboost_direct,16.0,13.511800765991211
2023-05-22,2023-05-22 19:00:00,19,lags_meteo,xgboost_direct,19.0,10.912073135375977
2023-05-22,2023-05-22 20:00:00,20,lags_meteo,xgboost_direct,14.0,11.735511779785156
2023-05-22,2023-05-22 21:00:00,21,lags_meteo,xgboost_direct,13.0,10.651612281799316
2023-05-22,2023-05-22 22:00:00,22,lags_meteo,xgboost_direct,14.0,10.910374641418457
2023-05-22,2023-05-22 23:00:00,23,lags_meteo,xgboost_direct,7.0,12.350250244140625
2023-05-22,2023-05-23 00:00:00,24,lags_meteo,xgboost_direct,9.0,11.283676147460938
2023-05-23,2023-05-23 01:00:00,1,lags_meteo,xgboost_direct,12.0,9.314724922180176
2023-05-23,2023-05-23 02:00:00,2,lags_meteo,xgboost_direct,8.0,9.652145385742188
2023-05-23,2023-05-23 03:00:00,3,lags_meteo,xgboost_direct,3.0,9.859920501708984
2023-05-23,2023-05-23 04:00:00,4,lags_meteo,xgboost_direct,10.0,9.886714935302734
2023-05-23,2023-05-23 05:00:00,5,lags_meteo,xgboost_direct,12.0,10.178106307983398
2023-05-23,2023-05-23 06:00:00,6,lags_meteo,xgboost_direct,10.0,10.069271087646484
2023-05-23,2023-05-23 07:00:00,7,lags_meteo,xgboost_direct,11.0,11.232410430908203
2023-05-23,2023-05-23 08:00:00,8,lags_meteo,xgboost_direct,10.0,11.006372451782227
2023-05-23,2023-05-23 09:00:00,9,lags_meteo,xgboost_direct,11.0,11.722067832946777
2023-05-23,2023-05-23 10:00:00,10,lags_meteo,xgboost_direct,11.0,13.445633888244629
2023-05-23,2023-05-23 11:00:00,11,lags_meteo,xgboost_direct,10.0,12.917620658874512
2023-05-23,2023-05-23 12:00:00,12,lags_meteo,xgboost_direct,13.0,12.756730079650879
2023-05-23,2023-05-23 13:00:00,13,lags_meteo,xgboost_direct,7.0,11.435504913330078
2023-05-23,2023-05-23 14:00:00,14,lags_meteo,xgboost_direct,10.0,9.449496269226074
2023-05-23,2023-05-23 15:00:00,15,lags_meteo,xgboost_direct,17.0,8.511284828186035
2023-05-23,2023-05-23 16:00:00,16,lags_meteo,xgboost_direct,12.0,8.914542198181152
2023-05-23,2023-05-23 17:00:00,17,lags_meteo,xgboost_direct,24.0,9.258418083190918
2023-05-23,2023-05-23 18:00:00,18,lags_meteo,xgboost_direct,19.0,9.266204833984375
2023-05-23,2023-05-23 19:00:00,19,lags_meteo,xgboost_direct,19.0,9.223505973815918
2023-05-23,2023-05-23 20:00:00,20,lags_meteo,xgboost_direct,16.0,9.06812572479248
2023-05-23,2023-05-23 21:00:00,21,lags_meteo,xgboost_direct,18.0,7.52670955657959
2023-05-23,2023-05-23 22:00:00,22,lags_meteo,xgboost_direct,14.0,7.025753021240234
2023-05-23,2023-05-23 23:00:00,23,lags_meteo,xgboost_direct,16.0,6.811914443969727
2023-05-23,2023-05-24 00:00:00,24,lags_meteo,xgboost_direct,4.0,6.37198543548584
2023-05-24,2023-05-24 01:00:00,1,lags_meteo,xgboost_direct,8.0,14.149255752563477
2023-05-24,2023-05-24 02:00:00,2,lags_meteo,xgboost_direct,7.0,14.802852630615234
2023-05-24,2023-05-24 03:00:00,3,lags_meteo,xgboost_direct,7.0,14.719001770019531
2023-05-24,2023-05-24 04:00:00,4,lags_meteo,xgboost_direct,5.0,14.492546081542969
2023-05-24,2023-05-24 05:00:00,5,lags_meteo,xgboost_direct,7.0,15.661482810974121
2023-05-24,2023-05-24 06:00:00,6,lags_meteo,xgboost_direct,10.0,15.661341667175293
2023-05-24,2023-05-24 07:00:00,7,lags_meteo,xgboost_direct,9.0,16.56197166442871
2023-05-24,2023-05-24 08:00:00,8,lags_meteo,xgboost_direct,12.0,16.10306739807129
2023-05-24,2023-05-24 09:00:00,9,lags_meteo,xgboost_direct,10.0,18.391332626342773
2023-05-24,2023-05-24 10:00:00,10,lags_meteo,xgboost_direct,12.0,20.418569564819336
2023-05-24,2023-05-24 11:00:00,11,lags_meteo,xgboost_direct,9.0,19.395658493041992
2023-05-24,2023-05-24 12:00:00,12,lags_meteo,xgboost_direct,17.0,18.036510467529297
2023-05-24,2023-05-24 13:00:00,13,lags_meteo,xgboost_direct,19.0,17.513408660888672
2023-05-24,2023-05-24 14:00:00,14,lags_meteo,xgboost_direct,20.0,16.87335205078125
2023-05-24,2023-05-24 15:00:00,15,lags_meteo,xgboost_direct,27.0,16.34009552001953
2023-05-24,2023-05-24 16:00:00,16,lags_meteo,xgboost_direct,28.0,16.323780059814453
2023-05-24,2023-05-24 17:00:00,17,lags_meteo,xgboost_direct,27.0,16.15972328186035
2023-05-24,2023-05-24 18:00:00,18,lags_meteo,xgboost_direct,20.0,15.918842315673828
2023-05-24,2023-05-24 19:00:00,19,lags_meteo,xgboost_direct,18.0,15.175300598144531
2023-05-24,2023-05-24 20:00:00,20,lags_meteo,xgboost_direct,19.0,15.039481163024902
2023-05-24,2023-05-24 21:00:00,21,lags_meteo,xgboost_direct,18.0,13.663763999938965
2023-05-24,2023-05-24 22:00:00,22,lags_meteo,xgboost_direct,20.0,12.400080680847168
2023-05-24,2023-05-24 23:00:00,23,lags_meteo,xgboost_direct,23.0,11.223328590393066
2023-05-24,2023-05-25 00:00:00,24,lags_meteo,xgboost_direct,18.0,11.014451026916504
2023-05-25,2023-05-25 01:00:00,1,lags_meteo,xgboost_direct,18.0,19.728727340698242
2023-05-25,2023-05-25 02:00:00,2,lags_meteo,xgboost_direct,18.0,19.340177536010742
2023-05-25,2023-05-25 03:00:00,3,lags_meteo,xgboost_direct,15.0,19.03992462158203
2023-05-25,2023-05-25 04:00:00,4,lags_meteo,xgboost_direct,14.0,18.364248275756836
2023-05-25,2023-05-25 05:00:00,5,lags_meteo,xgboost_direct,17.0,17.766157150268555
2023-05-25,2023-05-25 06:00:00,6,lags_meteo,xgboost_direct,17.0,17.228052139282227
2023-05-25,2023-05-25 07:00:00,7,lags_meteo,xgboost_direct,21.0,17.83002471923828
2023-05-25,2023-05-25 08:00:00,8,lags_meteo,xgboost_direct,18.0,17.87812042236328
2023-05-25,2023-05-25 09:00:00,9,lags_meteo,xgboost_direct,23.0,21.254501342773438
2023-05-25,2023-05-25 10:00:00,10,lags_meteo,xgboost_direct,23.0,23.96438980102539
2023-05-25,2023-05-25 11:00:00,11,lags_meteo,xgboost_direct,23.0,24.256839752197266
2023-05-25,2023-05-25 12:00:00,12,lags_meteo,xgboost_direct,30.0,24.190378189086914
2023-05-25,2023-05-25 13:00:00,13,lags_meteo,xgboost_direct,26.0,23.894941329956055
2023-05-25,2023-05-25 14:00:00,14,lags_meteo,xgboost_direct,21.0,22.504398345947266
2023-05-25,2023-05-25 15:00:00,15,lags_meteo,xgboost_direct,25.0,21.148584365844727
2023-05-25,2023-05-25 16:00:00,16,lags_meteo,xgboost_direct,18.0,21.28120994567871
2023-05-25,2023-05-25 17:00:00,17,lags_meteo,xgboost_direct,20.0,21.103307723999023
2023-05-25,2023-05-25 18:00:00,18,lags_meteo,xgboost_direct,23.0,21.419282913208008
2023-05-25,2023-05-25 19:00:00,19,lags_meteo,xgboost_direct,10.0,20.54290199279785
2023-05-25,2023-05-25 20:00:00,20,lags_meteo,xgboost_direct,5.0,19.766279220581055
2023-05-25,2023-05-25 21:00:00,21,lags_meteo,xgboost_direct,20.0,18.987407684326172
2023-05-25,2023-05-25 22:00:00,22,lags_meteo,xgboost_direct,8.0,19.476076126098633
2023-05-25,2023-05-25 23:00:00,23,lags_meteo,xgboost_direct,2.0,18.591489791870117
2023-05-25,2023-05-26 00:00:00,24,lags_meteo,xgboost_direct,3.0,19.034854888916016
2023-05-26,2023-05-26 01:00:00,1,lags_meteo,xgboost_direct,6.0,7.956037998199463
2023-05-26,2023-05-26 02:00:00,2,lags_meteo,xgboost_direct,14.0,8.063660621643066
2023-05-26,2023-05-26 03:00:00,3,lags_meteo,xgboost_direct,16.0,8.389178276062012
2023-05-26,2023-05-26 04:00:00,4,lags_meteo,xgboost_direct,8.0,8.257268905639648
2023-05-26,2023-05-26 05:00:00,5,lags_meteo,xgboost_direct,9.0,8.766214370727539
2023-05-26,2023-05-26 06:00:00,6,lags_meteo,xgboost_direct,11.0,9.949542045593262
2023-05-26,2023-05-26 07:00:00,7,lags_meteo,xgboost_direct,5.0,8.882894515991211
2023-05-26,2023-05-26 08:00:00,8,lags_meteo,xgboost_direct,10.0,9.575429916381836
2023-05-26,2023-05-26 09:00:00,9,lags_meteo,xgboost_direct,9.0,11.623921394348145
2023-05-26,2023-05-26 10:00:00,10,lags_meteo,xgboost_direct,10.0,12.491313934326172
2023-05-26,2023-05-26 11:00:00,11,lags_meteo,xgboost_direct,7.0,12.533965110778809
2023-05-26,2023-05-26 12:00:00,12,lags_meteo,xgboost_direct,3.0,11.820672988891602
2023-05-26,2023-05-26 13:00:00,13,lags_meteo,xgboost_direct,8.0,13.160959243774414
2023-05-26,2023-05-26 14:00:00,14,lags_meteo,xgboost_direct,11.0,10.876371383666992
2023-05-26,2023-05-26 15:00:00,15,lags_meteo,xgboost_direct,8.0,10.505029678344727
2023-05-26,2023-05-26 16:00:00,16,lags_meteo,xgboost_direct,9.0,10.270612716674805
2023-05-26,2023-05-26 17:00:00,17,lags_meteo,xgboost_direct,7.0,9.52568531036377
2023-05-26,2023-05-26 18:00:00,18,lags_meteo,xgboost_direct,11.0,11.308416366577148
2023-05-26,2023-05-26 19:00:00,19,lags_meteo,xgboost_direct,9.0,11.618379592895508
2023-05-26,2023-05-26 20:00:00,20,lags_meteo,xgboost_direct,7.0,9.607646942138672
2023-05-26,2023-05-26 21:00:00,21,lags_meteo,xgboost_direct,11.0,9.53990650177002
2023-05-26,2023-05-26 22:00:00,22,lags_meteo,xgboost_direct,10.0,9.033500671386719
2023-05-26,2023-05-26 23:00:00,23,lags_meteo,xgboost_direct,17.0,8.607564926147461
2023-05-26,2023-05-27 00:00:00,24,lags_meteo,xgboost_direct,17.0,8.272477149963379
2023-05-27,2023-05-27 01:00:00,1,lags_meteo,xgboost_direct,12.0,14.669222831726074
2023-05-27,2023-05-27 02:00:00,2,lags_meteo,xgboost_direct,16.0,13.623167037963867
2023-05-27,2023-05-27 03:00:00,3,lags_meteo,xgboost_direct,14.0,12.44355583190918
2023-05-27,2023-05-27 04:00:00,4,lags_meteo,xgboost_direct,11.0,11.502518653869629
2023-05-27,2023-05-27 05:00:00,5,lags_meteo,xgboost_direct,12.0,10.97562026977539
2023-05-27,2023-05-27 06:00:00,6,lags_meteo,xgboost_direct,24.0,10.997698783874512
2023-05-27,2023-05-27 07:00:00,7,lags_meteo,xgboost_direct,23.0,10.93801212310791
2023-05-27,2023-05-27 08:00:00,8,lags_meteo,xgboost_direct,22.0,12.1351957321167
2023-05-27,2023-05-27 09:00:00,9,lags_meteo,xgboost_direct,27.0,14.030038833618164
2023-05-27,2023-05-27 10:00:00,10,lags_meteo,xgboost_direct,25.0,14.744673728942871
2023-05-27,2023-05-27 11:00:00,11,lags_meteo,xgboost_direct,22.0,16.54460906982422
2023-05-27,2023-05-27 12:00:00,12,lags_meteo,xgboost_direct,18.0,16.18313980102539
2023-05-27,2023-05-27 13:00:00,13,lags_meteo,xgboost_direct,27.0,16.341888427734375
2023-05-27,2023-05-27 14:00:00,14,lags_meteo,xgboost_direct,25.0,16.802213668823242
2023-05-27,2023-05-27 15:00:00,15,lags_meteo,xgboost_direct,30.0,15.589343070983887
2023-05-27,2023-05-27 16:00:00,16,lags_meteo,xgboost_direct,19.0,15.975326538085938
2023-05-27,2023-05-27 17:00:00,17,lags_meteo,xgboost_direct,22.0,15.545923233032227
2023-05-27,2023-05-27 18:00:00,18,lags_meteo,xgboost_direct,19.0,15.31986141204834
2023-05-27,2023-05-27 19:00:00,19,lags_meteo,xgboost_direct,17.0,15.395505905151367
2023-05-27,2023-05-27 20:00:00,20,lags_meteo,xgboost_direct,18.0,15.661433219909668
2023-05-27,2023-05-27 21:00:00,21,lags_meteo,xgboost_direct,16.0,15.21638298034668
2023-05-27,2023-05-27 22:00:00,22,lags_meteo,xgboost_direct,19.0,14.945792198181152
2023-05-27,2023-05-27 23:00:00,23,lags_meteo,xgboost_direct,14.0,15.249735832214355
2023-05-27,2023-05-28 00:00:00,24,lags_meteo,xgboost_direct,5.0,15.174205780029297
2023-05-28,2023-05-28 01:00:00,1,lags_meteo,xgboost_direct,7.0,13.501880645751953
2023-05-28,2023-05-28 02:00:00,2,lags_meteo,xgboost_direct,11.0,12.460680961608887
2023-05-28,2023-05-28 03:00:00,3,lags_meteo,xgboost_direct,8.0,11.536208152770996
2023-05-28,2023-05-28 04:00:00,4,lags_meteo,xgboost_direct,5.0,9.81905460357666
2023-05-28,2023-05-28 05:00:00,5,lags_meteo,xgboost_direct,9.0,9.594720840454102
2023-05-28,2023-05-28 06:00:00,6,lags_meteo,xgboost_direct,13.0,11.664512634277344
2023-05-28,2023-05-28 07:00:00,7,lags_meteo,xgboost_direct,17.0,11.159957885742188
2023-05-28,2023-05-28 08:00:00,8,lags_meteo,xgboost_direct,18.0,12.15427303314209
2023-05-28,2023-05-28 09:00:00,9,lags_meteo,xgboost_direct,6.0,12.709635734558105
2023-05-28,2023-05-28 10:00:00,10,lags_meteo,xgboost_direct,4.0,15.937274932861328
2023-05-28,2023-05-28 11:00:00,11,lags_meteo,xgboost_direct,7.0,16.402936935424805
2023-05-28,2023-05-28 12:00:00,12,lags_meteo,xgboost_direct,11.0,17.241348266601562
2023-05-28,2023-05-28 13:00:00,13,lags_meteo,xgboost_direct,9.0,15.854665756225586
2023-05-28,2023-05-28 14:00:00,14,lags_meteo,xgboost_direct,10.0,12.948019981384277
2023-05-28,2023-05-28 15:00:00,15,lags_meteo,xgboost_direct,3.0,13.707222938537598
2023-05-28,2023-05-28 16:00:00,16,lags_meteo,xgboost_direct,8.0,14.019152641296387
2023-05-28,2023-05-28 17:00:00,17,lags_meteo,xgboost_direct,4.0,13.290558815002441
2023-05-28,2023-05-28 18:00:00,18,lags_meteo,xgboost_direct,2.0,14.915412902832031
2023-05-28,2023-05-28 19:00:00,19,lags_meteo,xgboost_direct,3.0,12.705615043640137
2023-05-28,2023-05-28 20:00:00,20,lags_meteo,xgboost_direct,6.0,14.94173812866211
2023-05-28,2023-05-28 21:00:00,21,lags_meteo,xgboost_direct,13.0,13.281704902648926
2023-05-28,2023-05-28 22:00:00,22,lags_meteo,xgboost_direct,5.0,12.699328422546387
2023-05-28,2023-05-28 23:00:00,23,lags_meteo,xgboost_direct,7.0,13.035449981689453
2023-05-28,2023-05-29 00:00:00,24,lags_meteo,xgboost_direct,9.0,15.245933532714844
2023-05-29,2023-05-29 01:00:00,1,lags_meteo,xgboost_direct,6.0,7.555722236633301
2023-05-29,2023-05-29 02:00:00,2,lags_meteo,xgboost_direct,1.0,7.711298942565918
2023-05-29,2023-05-29 03:00:00,3,lags_meteo,xgboost_direct,3.0,7.828780651092529
2023-05-29,2023-05-29 04:00:00,4,lags_meteo,xgboost_direct,5.0,8.937254905700684
2023-05-29,2023-05-29 05:00:00,5,lags_meteo,xgboost_direct,5.0,9.00225830078125
2023-05-29,2023-05-29 06:00:00,6,lags_meteo,xgboost_direct,11.0,9.32483959197998
2023-05-29,2023-05-29 07:00:00,7,lags_meteo,xgboost_direct,15.0,9.264703750610352
2023-05-29,2023-05-29 08:00:00,8,lags_meteo,xgboost_direct,21.0,9.998685836791992
2023-05-29,2023-05-29 09:00:00,9,lags_meteo,xgboost_direct,20.0,11.600025177001953
2023-05-29,2023-05-29 10:00:00,10,lags_meteo,xgboost_direct,21.0,14.014582633972168
2023-05-29,2023-05-29 11:00:00,11,lags_meteo,xgboost_direct,15.0,14.151204109191895
2023-05-29,2023-05-29 12:00:00,12,lags_meteo,xgboost_direct,7.0,13.579038619995117
2023-05-29,2023-05-29 13:00:00,13,lags_meteo,xgboost_direct,12.0,13.117685317993164
2023-05-29,2023-05-29 14:00:00,14,lags_meteo,xgboost_direct,9.0,12.192801475524902
2023-05-29,2023-05-29 15:00:00,15,lags_meteo,xgboost_direct,15.0,11.220979690551758
2023-05-29,2023-05-29 16:00:00,16,lags_meteo,xgboost_direct,18.0,11.430962562561035
2023-05-29,2023-05-29 17:00:00,17,lags_meteo,xgboost_direct,18.0,11.887953758239746
2023-05-29,2023-05-29 18:00:00,18,lags_meteo,xgboost_direct,3.0,12.871766090393066
2023-05-29,2023-05-29 19:00:00,19,lags_meteo,xgboost_direct,13.0,12.084940910339355
2023-05-29,2023-05-29 20:00:00,20,lags_meteo,xgboost_direct,9.0,12.716906547546387
2023-05-29,2023-05-29 21:00:00,21,lags_meteo,xgboost_direct,12.0,12.339041709899902
2023-05-29,2023-05-29 22:00:00,22,lags_meteo,xgboost_direct,8.0,11.67992115020752
2023-05-29,2023-05-29 23:00:00,23,lags_meteo,xgboost_direct,11.0,14.817170143127441
2023-05-29,2023-05-30 00:00:00,24,lags_meteo,xgboost_direct,17.0,12.504703521728516
2023-05-30,2023-05-30 01:00:00,1,lags_meteo,xgboost_direct,15.0,9.353036880493164
2023-05-30,2023-05-30 02:00:00,2,lags_meteo,xgboost_direct,14.0,9.622443199157715
2023-05-30,2023-05-30 03:00:00,3,lags_meteo,xgboost_direct,14.0,10.491172790527344
2023-05-30,2023-05-30 04:00:00,4,lags_meteo,xgboost_direct,10.0,10.532464981079102
2023-05-30,2023-05-30 05:00:00,5,lags_meteo,xgboost_direct,12.0,10.356267929077148
2023-05-30,2023-05-30 06:00:00,6,lags_meteo,xgboost_direct,18.0,10.501267433166504
2023-05-30,2023-05-30 07:00:00,7,lags_meteo,xgboost_direct,15.0,10.841646194458008
2023-05-30,2023-05-30 08:00:00,8,lags_meteo,xgboost_direct,13.0,11.162541389465332
2023-05-30,2023-05-30 09:00:00,9,lags_meteo,xgboost_direct,,14.077436447143555
2023-05-30,2023-05-30 10:00:00,10,lags_meteo,xgboost_direct,,15.270925521850586
2023-05-30,2023-05-30 11:00:00,11,lags_meteo,xgboost_direct,11.0,15.384780883789062
2023-05-30,2023-05-30 12:00:00,12,lags_meteo,xgboost_direct,12.0,14.495355606079102
2023-05-30,2023-05-30 13:00:00,13,lags_meteo,xgboost_direct,8.0,14.082666397094727
2023-05-30,2023-05-30 14:00:00,14,lags_meteo,xgboost_direct,16.0,12.297219276428223
2023-05-30,2023-05-30 15:00:00,15,lags_meteo,xgboost_direct,17.0,12.058658599853516
2023-05-30,2023-05-30 16:00:00,16,lags_meteo,xgboost_direct,16.0,11.780289649963379
2023-05-30,2023-05-30 17:00:00,17,lags_meteo,xgboost_direct,14.0,10.918197631835938
2023-05-30,2023-05-30 18:00:00,18,lags_meteo,xgboost_direct,9.0,10.938565254211426
2023-05-30,2023-05-30 19:00:00,19,lags_meteo,xgboost_direct,14.0,11.705063819885254
2023-05-30,2023-05-30 20:00:00,20,lags_meteo,xgboost_direct,11.0,11.387332916259766
2023-05-30,2023-05-30 21:00:00,21,lags_meteo,xgboost_direct,9.0,11.342635154724121
2023-05-30,2023-05-30 22:00:00,22,lags_meteo,xgboost_direct,13.0,10.7558012008667
2023-05-30,2023-05-30 23:00:00,23,lags_meteo,xgboost_direct,10.0,10.030272483825684
2023-05-30,2023-05-31 00:00:00,24,lags_meteo,xgboost_direct,3.0,10.537297248840332
2023-05-31,2023-05-31 01:00:00,1,lags_meteo,xgboost_direct,6.0,9.90722942352295
2023-05-31,2023-05-31 02:00:00,2,lags_meteo,xgboost_direct,12.0,10.26869010925293
2023-05-31,2023-05-31 03:00:00,3,lags_meteo,xgboost_direct,8.0,9.7754487991333
2023-05-31,2023-05-31 04:00:00,4,lags_meteo,xgboost_direct,10.0,10.243176460266113
2023-05-31,2023-05-31 05:00:00,5,lags_meteo,xgboost_direct,4.0,10.388710975646973
2023-05-31,2023-05-31 06:00:00,6,lags_meteo,xgboost_direct,5.0,10.767656326293945
2023-05-31,2023-05-31 07:00:00,7,lags_meteo,xgboost_direct,10.0,11.265586853027344
2023-05-31,2023-05-31 08:00:00,8,lags_meteo,xgboost_direct,13.0,11.841031074523926
2023-05-31,2023-05-31 09:00:00,9,lags_meteo,xgboost_direct,13.0,13.016571044921875
2023-05-31,2023-05-31 10:00:00,10,lags_meteo,xgboost_direct,26.0,16.286497116088867
2023-05-31,2023-05-31 11:00:00,11,lags_meteo,xgboost_direct,35.0,17.371919631958008
2023-05-31,2023-05-31 12:00:00,12,lags_meteo,xgboost_direct,19.0,16.89224624633789
2023-05-31,2023-05-31 13:00:00,13,lags_meteo,xgboost_direct,17.0,15.81769847869873
2023-05-31,2023-05-31 14:00:00,14,lags_meteo,xgboost_direct,,14.408523559570312
2023-05-31,2023-05-31 15:00:00,15,lags_meteo,xgboost_direct,,14.342920303344727
2023-05-31,2023-05-31 16:00:00,16,lags_meteo,xgboost_direct,8.0,13.11375904083252
2023-05-31,2023-05-31 17:00:00,17,lags_meteo,xgboost_direct,5.0,13.791176795959473
2023-05-31,2023-05-31 18:00:00,18,lags_meteo,xgboost_direct,11.0,13.422493934631348
2023-05-31,2023-05-31 19:00:00,19,lags_meteo,xgboost_direct,10.0,13.199528694152832
2023-05-31,2023-05-31 20:00:00,20,lags_meteo,xgboost_direct,8.0,13.90843391418457
2023-05-31,2023-05-31 21:00:00,21,lags_meteo,xgboost_direct,9.0,13.610701560974121
2023-05-31,2023-05-31 22:00:00,22,lags_meteo,xgboost_direct,11.0,13.273238182067871
2023-05-31,2023-05-31 23:00:00,23,lags_meteo,xgboost_direct,9.0,12.081781387329102
2023-05-31,2023-06-01 00:00:00,24,lags_meteo,xgboost_direct,8.0,11.785013198852539
2023-06-01,2023-06-01 01:00:00,1,lags_meteo,xgboost_direct,14.0,10.626119613647461
2023-06-01,2023-06-01 02:00:00,2,lags_meteo,xgboost_direct,11.0,10.274299621582031
2023-06-01,2023-06-01 03:00:00,3,lags_meteo,xgboost_direct,9.0,9.589767456054688
2023-06-01,2023-06-01 04:00:00,4,lags_meteo,xgboost_direct,7.0,9.405746459960938
2023-06-01,2023-06-01 05:00:00,5,lags_meteo,xgboost_direct,5.0,8.797958374023438
2023-06-01,2023-06-01 06:00:00,6,lags_meteo,xgboost_direct,6.0,8.435379981994629
2023-06-01,2023-06-01 07:00:00,7,lags_meteo,xgboost_direct,4.0,8.938204765319824
2023-06-01,2023-06-01 08:00:00,8,lags_meteo,xgboost_direct,9.0,9.11240005493164
2023-06-01,2023-06-01 09:00:00,9,lags_meteo,xgboost_direct,18.0,11.405524253845215
2023-06-01,2023-06-01 10:00:00,10,lags_meteo,xgboost_direct,18.0,12.38826847076416
2023-06-01,2023-06-01 11:00:00,11,lags_meteo,xgboost_direct,19.0,12.423508644104004
2023-06-01,2023-06-01 12:00:00,12,lags_meteo,xgboost_direct,15.0,12.70033073425293
2023-06-01,2023-06-01 13:00:00,13,lags_meteo,xgboost_direct,11.0,12.543752670288086
2023-06-01,2023-06-01 14:00:00,14,lags_meteo,xgboost_direct,10.0,11.619461059570312
2023-06-01,2023-06-01 15:00:00,15,lags_meteo,xgboost_direct,19.0,10.583890914916992
2023-06-01,2023-06-01 16:00:00,16,lags_meteo,xgboost_direct,26.0,9.66759204864502
2023-06-01,2023-06-01 17:00:00,17,lags_meteo,xgboost_direct,19.0,10.607438087463379
2023-06-01,2023-06-01 18:00:00,18,lags_meteo,xgboost_direct,7.0,9.896000862121582
2023-06-01,2023-06-01 19:00:00,19,lags_meteo,xgboost_direct,9.0,10.219599723815918
2023-06-01,2023-06-01 20:00:00,20,lags_meteo,xgboost_direct,7.0,10.32164478302002
2023-06-01,2023-06-01 21:00:00,21,lags_meteo,xgboost_direct,6.0,10.464407920837402
2023-06-01,2023-06-01 22:00:00,22,lags_meteo,xgboost_direct,7.0,11.17448902130127
2023-06-01,2023-06-01 23:00:00,23,lags_meteo,xgboost_direct,3.0,10.805997848510742
2023-06-01,2023-06-02 00:00:00,24,lags_meteo,xgboost_direct,12.0,10.742300033569336
2023-06-02,2023-06-02 01:00:00,1,lags_meteo,xgboost_direct,17.0,4.7153239250183105
2023-06-02,2023-06-02 02:00:00,2,lags_meteo,xgboost_direct,5.0,5.085348606109619
2023-06-02,2023-06-02 03:00:00,3,lags_meteo,xgboost_direct,4.0,5.737143039703369
2023-06-02,2023-06-02 04:00:00,4,lags_meteo,xgboost_direct,6.0,6.066417694091797
2023-06-02,2023-06-02 05:00:00,5,lags_meteo,xgboost_direct,3.0,6.829758644104004
2023-06-02,2023-06-02 06:00:00,6,lags_meteo,xgboost_direct,8.0,6.7610697746276855
2023-06-02,2023-06-02 07:00:00,7,lags_meteo,xgboost_direct,7.0,7.244349002838135
2023-06-02,2023-06-02 08:00:00,8,lags_meteo,xgboost_direct,14.0,8.05968189239502
2023-06-02,2023-06-02 09:00:00,9,lags_meteo,xgboost_direct,14.0,10.902436256408691
2023-06-02,2023-06-02 10:00:00,10,lags_meteo,xgboost_direct,15.0,12.85764217376709
2023-06-02,2023-06-02 11:00:00,11,lags_meteo,xgboost_direct,13.0,12.526849746704102
2023-06-02,2023-06-02 12:00:00,12,lags_meteo,xgboost_direct,22.0,12.567670822143555
2023-06-02,2023-06-02 13:00:00,13,lags_meteo,xgboost_direct,8.0,12.434080123901367
2023-06-02,2023-06-02 14:00:00,14,lags_meteo,xgboost_direct,9.0,11.095747947692871
2023-06-02,2023-06-02 15:00:00,15,lags_meteo,xgboost_direct,16.0,10.553898811340332
2023-06-02,2023-06-02 16:00:00,16,lags_meteo,xgboost_direct,19.0,10.232686042785645
2023-06-02,2023-06-02 17:00:00,17,lags_meteo,xgboost_direct,11.0,9.314484596252441
2023-06-02,2023-06-02 18:00:00,18,lags_meteo,xgboost_direct,12.0,8.778678894042969
2023-06-02,2023-06-02 19:00:00,19,lags_meteo,xgboost_direct,4.0,8.74917221069336
2023-06-02,2023-06-02 20:00:00,20,lags_meteo,xgboost_direct,17.0,8.944676399230957
2023-06-02,2023-06-02 21:00:00,21,lags_meteo,xgboost_direct,11.0,8.935881614685059
2023-06-02,2023-06-02 22:00:00,22,lags_meteo,xgboost_direct,13.0,8.173449516296387
2023-06-02,2023-06-02 23:00:00,23,lags_meteo,xgboost_direct,12.0,8.788957595825195
2023-06-02,2023-06-03 00:00:00,24,lags_meteo,xgboost_direct,11.0,8.014918327331543
2023-06-03,2023-06-03 01:00:00,1,lags_meteo,xgboost_direct,1.0,11.306230545043945
2023-06-03,2023-06-03 02:00:00,2,lags_meteo,xgboost_direct,7.0,11.128218650817871
2023-06-03,2023-06-03 03:00:00,3,lags_meteo,xgboost_direct,9.0,11.319594383239746
2023-06-03,2023-06-03 04:00:00,4,lags_meteo,xgboost_direct,9.0,10.80583381652832
2023-06-03,2023-06-03 05:00:00,5,lags_meteo,xgboost_direct,8.0,10.960380554199219
2023-06-03,2023-06-03 06:00:00,6,lags_meteo,xgboost_direct,11.0,10.80523681640625
2023-06-03,2023-06-03 07:00:00,7,lags_meteo,xgboost_direct,9.0,11.424612998962402
2023-06-03,2023-06-03 08:00:00,8,lags_meteo,xgboost_direct,9.0,11.6624116897583
2023-06-03,2023-06-03 09:00:00,9,lags_meteo,xgboost_direct,11.0,13.876338005065918
2023-06-03,2023-06-03 10:00:00,10,lags_meteo,xgboost_direct,19.0,16.013431549072266
2023-06-03,2023-06-03 11:00:00,11,lags_meteo,xgboost_direct,15.0,17.776121139526367
2023-06-03,2023-06-03 12:00:00,12,lags_meteo,xgboost_direct,15.0,17.54764747619629
2023-06-03,2023-06-03 13:00:00,13,lags_meteo,xgboost_direct,21.0,17.86927032470703
2023-06-03,2023-06-03 14:00:00,14,lags_meteo,xgboost_direct,8.0,16.404848098754883
2023-06-03,2023-06-03 15:00:00,15,lags_meteo,xgboost_direct,6.0,15.321258544921875
2023-06-03,2023-06-03 16:00:00,16,lags_meteo,xgboost_direct,11.0,13.903643608093262
2023-06-03,2023-06-03 17:00:00,17,lags_meteo,xgboost_direct,14.0,13.319134712219238
2023-06-03,2023-06-03 18:00:00,18,lags_meteo,xgboost_direct,18.0,13.634716033935547
2023-06-03,2023-06-03 19:00:00,19,lags_meteo,xgboost_direct,12.0,13.802160263061523
2023-06-03,2023-06-03 20:00:00,20,lags_meteo,xgboost_direct,22.0,13.752704620361328
2023-06-03,2023-06-03 21:00:00,21,lags_meteo,xgboost_direct,10.0,13.308174133300781
2023-06-03,2023-06-03 22:00:00,22,lags_meteo,xgboost_direct,8.0,12.982017517089844
2023-06-03,2023-06-03 23:00:00,23,lags_meteo,xgboost_direct,11.0,13.100183486938477
2023-06-03,2023-06-04 00:00:00,24,lags_meteo,xgboost_direct,10.0,12.50382137298584
2023-06-04,2023-06-04 01:00:00,1,lags_meteo,xgboost_direct,16.0,10.545381546020508
2023-06-04,2023-06-04 02:00:00,2,lags_meteo,xgboost_direct,8.0,11.17555046081543
2023-06-04,2023-06-04 03:00:00,3,lags_meteo,xgboost_direct,2.0,11.583683967590332
2023-06-04,2023-06-04 04:00:00,4,lags_meteo,xgboost_direct,5.0,11.696693420410156
2023-06-04,2023-06-04 05:00:00,5,lags_meteo,xgboost_direct,10.0,11.013880729675293
2023-06-04,2023-06-04 06:00:00,6,lags_meteo,xgboost_direct,12.0,11.4324951171875
2023-06-04,2023-06-04 07:00:00,7,lags_meteo,xgboost_direct,10.0,11.084922790527344
2023-06-04,2023-06-04 08:00:00,8,lags_meteo,xgboost_direct,12.0,11.211773872375488
2023-06-04,2023-06-04 09:00:00,9,lags_meteo,xgboost_direct,13.0,12.715433120727539
2023-06-04,2023-06-04 10:00:00,10,lags_meteo,xgboost_direct,10.0,15.412835121154785
2023-06-04,2023-06-04 11:00:00,11,lags_meteo,xgboost_direct,20.0,15.86962604522705
2023-06-04,2023-06-04 12:00:00,12,lags_meteo,xgboost_direct,15.0,14.752519607543945
2023-06-04,2023-06-04 13:00:00,13,lags_meteo,xgboost_direct,10.0,14.682589530944824
2023-06-04,2023-06-04 14:00:00,14,lags_meteo,xgboost_direct,24.0,15.170112609863281
2023-06-04,2023-06-04 15:00:00,15,lags_meteo,xgboost_direct,9.0,15.56582260131836
2023-06-04,2023-06-04 16:00:00,16,lags_meteo,xgboost_direct,2.0,14.8961181640625
2023-06-04,2023-06-04 17:00:00,17,lags_meteo,xgboost_direct,2.0,14.749786376953125
2023-06-04,2023-06-04 18:00:00,18,lags_meteo,xgboost_direct,9.0,13.10225772857666
2023-06-04,2023-06-04 19:00:00,19,lags_meteo,xgboost_direct,8.0,13.60013484954834
2023-06-04,2023-06-04 20:00:00,20,lags_meteo,xgboost_direct,7.0,12.393336296081543
2023-06-04,2023-06-04 21:00:00,21,lags_meteo,xgboost_direct,8.0,11.930218696594238
2023-06-04,2023-06-04 22:00:00,22,lags_meteo,xgboost_direct,11.0,10.763046264648438
2023-06-04,2023-06-04 23:00:00,23,lags_meteo,xgboost_direct,14.0,11.20721435546875
2023-06-04,2023-06-05 00:00:00,24,lags_meteo,xgboost_direct,14.0,10.484861373901367
2023-06-05,2023-06-05 01:00:00,1,lags_meteo,xgboost_direct,13.0,13.790715217590332
2023-06-05,2023-06-05 02:00:00,2,lags_meteo,xgboost_direct,12.0,12.874621391296387
2023-06-05,2023-06-05 03:00:00,3,lags_meteo,xgboost_direct,16.0,12.016911506652832
2023-06-05,2023-06-05 04:00:00,4,lags_meteo,xgboost_direct,5.0,11.3694429397583
2023-06-05,2023-06-05 05:00:00,5,lags_meteo,xgboost_direct,1.0,11.283589363098145
2023-06-05,2023-06-05 06:00:00,6,lags_meteo,xgboost_direct,1.0,10.800731658935547
2023-06-05,2023-06-05 07:00:00,7,lags_meteo,xgboost_direct,4.0,11.963905334472656
2023-06-05,2023-06-05 08:00:00,8,lags_meteo,xgboost_direct,8.0,13.518465995788574
2023-06-05,2023-06-05 09:00:00,9,lags_meteo,xgboost_direct,17.0,14.841815948486328
2023-06-05,2023-06-05 10:00:00,10,lags_meteo,xgboost_direct,20.0,16.86762237548828
2023-06-05,2023-06-05 11:00:00,11,lags_meteo,xgboost_direct,23.0,16.352008819580078
2023-06-05,2023-06-05 12:00:00,12,lags_meteo,xgboost_direct,23.0,15.592833518981934
2023-06-05,2023-06-05 13:00:00,13,lags_meteo,xgboost_direct,17.0,15.298124313354492
2023-06-05,2023-06-05 14:00:00,14,lags_meteo,xgboost_direct,4.0,14.275920867919922
2023-06-05,2023-06-05 15:00:00,15,lags_meteo,xgboost_direct,5.0,13.309426307678223
2023-06-05,2023-06-05 16:00:00,16,lags_meteo,xgboost_direct,17.0,12.432052612304688
2023-06-05,2023-06-05 17:00:00,17,lags_meteo,xgboost_direct,11.0,12.490545272827148
2023-06-05,2023-06-05 18:00:00,18,lags_meteo,xgboost_direct,8.0,12.579545021057129
2023-06-05,2023-06-05 19:00:00,19,lags_meteo,xgboost_direct,7.0,12.711430549621582
2023-06-05,2023-06-05 20:00:00,20,lags_meteo,xgboost_direct,10.0,12.879358291625977
2023-06-05,2023-06-05 21:00:00,21,lags_meteo,xgboost_direct,8.0,12.15994644165039
2023-06-05,2023-06-05 22:00:00,22,lags_meteo,xgboost_direct,9.0,12.903480529785156
2023-06-05,2023-06-05 23:00:00,23,lags_meteo,xgboost_direct,10.0,13.70219612121582
2023-06-05,2023-06-06 00:00:00,24,lags_meteo,xgboost_direct,9.0,14.368857383728027
2023-06-06,2023-06-06 01:00:00,1,lags_meteo,xgboost_direct,4.0,9.3987398147583
2023-06-06,2023-06-06 02:00:00,2,lags_meteo,xgboost_direct,7.0,9.392203330993652
2023-06-06,2023-06-06 03:00:00,3,lags_meteo,xgboost_direct,16.0,9.568415641784668
2023-06-06,2023-06-06 04:00:00,4,lags_meteo,xgboost_direct,4.0,9.716054916381836
2023-06-06,2023-06-06 05:00:00,5,lags_meteo,xgboost_direct,9.0,9.053328514099121
2023-06-06,2023-06-06 06:00:00,6,lags_meteo,xgboost_direct,20.0,9.211694717407227
2023-06-06,2023-06-06 07:00:00,7,lags_meteo,xgboost_direct,15.0,9.1600923538208
2023-06-06,2023-06-06 08:00:00,8,lags_meteo,xgboost_direct,14.0,11.166893005371094
2023-06-06,2023-06-06 09:00:00,9,lags_meteo,xgboost_direct,17.0,13.833386421203613
2023-06-06,2023-06-06 10:00:00,10,lags_meteo,xgboost_direct,12.0,17.41944694519043
2023-06-06,2023-06-06 11:00:00,11,lags_meteo,xgboost_direct,7.0,18.070556640625
2023-06-06,2023-06-06 12:00:00,12,lags_meteo,xgboost_direct,11.0,17.961339950561523
2023-06-06,2023-06-06 13:00:00,13,lags_meteo,xgboost_direct,13.0,17.724590301513672
2023-06-06,2023-06-06 14:00:00,14,lags_meteo,xgboost_direct,26.0,15.508573532104492
2023-06-06,2023-06-06 15:00:00,15,lags_meteo,xgboost_direct,9.0,14.665078163146973
2023-06-06,2023-06-06 16:00:00,16,lags_meteo,xgboost_direct,9.0,12.676454544067383
2023-06-06,2023-06-06 17:00:00,17,lags_meteo,xgboost_direct,17.0,11.782115936279297
2023-06-06,2023-06-06 18:00:00,18,lags_meteo,xgboost_direct,12.0,11.400214195251465
2023-06-06,2023-06-06 19:00:00,19,lags_meteo,xgboost_direct,18.0,11.749735832214355
2023-06-06,2023-06-06 20:00:00,20,lags_meteo,xgboost_direct,14.0,11.758370399475098
2023-06-06,2023-06-06 21:00:00,21,lags_meteo,xgboost_direct,14.0,12.276225090026855
2023-06-06,2023-06-06 22:00:00,22,lags_meteo,xgboost_direct,12.0,12.1990385055542
2023-06-06,2023-06-06 23:00:00,23,lags_meteo,xgboost_direct,16.0,12.277302742004395
2023-06-06,2023-06-07 00:00:00,24,lags_meteo,xgboost_direct,21.0,11.819463729858398
2023-06-07,2023-06-07 01:00:00,1,lags_meteo,xgboost_direct,16.0,14.813302993774414
2023-06-07,2023-06-07 02:00:00,2,lags_meteo,xgboost_direct,13.0,13.566631317138672
2023-06-07,2023-06-07 03:00:00,3,lags_meteo,xgboost_direct,12.0,12.640891075134277
2023-06-07,2023-06-07 04:00:00,4,lags_meteo,xgboost_direct,11.0,12.517481803894043
2023-06-07,2023-06-07 05:00:00,5,lags_meteo,xgboost_direct,11.0,12.902584075927734
2023-06-07,2023-06-07 06:00:00,6,lags_meteo,xgboost_direct,10.0,12.040512084960938
2023-06-07,2023-06-07 07:00:00,7,lags_meteo,xgboost_direct,13.0,13.23381519317627
2023-06-07,2023-06-07 08:00:00,8,lags_meteo,xgboost_direct,13.0,14.824809074401855
2023-06-07,2023-06-07 09:00:00,9,lags_meteo,xgboost_direct,14.0,15.71467399597168
2023-06-07,2023-06-07 10:00:00,10,lags_meteo,xgboost_direct,13.0,16.080583572387695
2023-06-07,2023-06-07 11:00:00,11,lags_meteo,xgboost_direct,18.0,14.50273323059082
2023-06-07,2023-06-07 12:00:00,12,lags_meteo,xgboost_direct,16.0,14.98648452758789
2023-06-07,2023-06-07 13:00:00,13,lags_meteo,xgboost_direct,14.0,15.529733657836914
2023-06-07,2023-06-07 14:00:00,14,lags_meteo,xgboost_direct,19.0,14.752969741821289
2023-06-07,2023-06-07 15:00:00,15,lags_meteo,xgboost_direct,16.0,15.136691093444824
2023-06-07,2023-06-07 16:00:00,16,lags_meteo,xgboost_direct,13.0,15.246658325195312
2023-06-07,2023-06-07 17:00:00,17,lags_meteo,xgboost_direct,12.0,15.415392875671387
2023-06-07,2023-06-07 18:00:00,18,lags_meteo,xgboost_direct,9.0,14.604599952697754
2023-06-07,2023-06-07 19:00:00,19,lags_meteo,xgboost_direct,13.0,14.737669944763184
2023-06-07,2023-06-07 20:00:00,20,lags_meteo,xgboost_direct,10.0,14.137885093688965
2023-06-07,2023-06-07 21:00:00,21,lags_meteo,xgboost_direct,7.0,13.869598388671875
2023-06-07,2023-06-07 22:00:00,22,lags_meteo,xgboost_direct,4.0,14.3762845993042
2023-06-07,2023-06-07 23:00:00,23,lags_meteo,xgboost_direct,11.0,15.174598693847656
2023-06-07,2023-06-08 00:00:00,24,lags_meteo,xgboost_direct,11.0,14.790692329406738
2023-06-08,2023-06-08 01:00:00,1,lags_meteo,xgboost_direct,18.0,9.797592163085938
2023-06-08,2023-06-08 02:00:00,2,lags_meteo,xgboost_direct,8.0,10.645145416259766
2023-06-08,2023-06-08 03:00:00,3,lags_meteo,xgboost_direct,12.0,10.638687133789062
2023-06-08,2023-06-08 04:00:00,4,lags_meteo,xgboost_direct,10.0,10.713263511657715
2023-06-08,2023-06-08 05:00:00,5,lags_meteo,xgboost_direct,18.0,9.751168251037598
2023-06-08,2023-06-08 06:00:00,6,lags_meteo,xgboost_direct,10.0,10.2592134475708
2023-06-08,2023-06-08 07:00:00,7,lags_meteo,xgboost_direct,18.0,10.84982967376709
2023-06-08,2023-06-08 08:00:00,8,lags_meteo,xgboost_direct,17.0,11.101140975952148
2023-06-08,2023-06-08 09:00:00,9,lags_meteo,xgboost_direct,11.0,13.149687767028809
2023-06-08,2023-06-08 10:00:00,10,lags_meteo,xgboost_direct,21.0,14.860963821411133
2023-06-08,2023-06-08 11:00:00,11,lags_meteo,xgboost_direct,20.0,15.86193561553955
2023-06-08,2023-06-08 12:00:00,12,lags_meteo,xgboost_direct,19.0,14.418596267700195
2023-06-08,2023-06-08 13:00:00,13,lags_meteo,xgboost_direct,18.0,13.496637344360352
2023-06-08,2023-06-08 14:00:00,14,lags_meteo,xgboost_direct,14.0,11.902409553527832
2023-06-08,2023-06-08 15:00:00,15,lags_meteo,xgboost_direct,11.0,11.013751983642578
2023-06-08,2023-06-08 16:00:00,16,lags_meteo,xgboost_direct,8.0,10.649771690368652
2023-06-08,2023-06-08 17:00:00,17,lags_meteo,xgboost_direct,6.0,10.581353187561035
2023-06-08,2023-06-08 18:00:00,18,lags_meteo,xgboost_direct,11.0,11.302478790283203
2023-06-08,2023-06-08 19:00:00,19,lags_meteo,xgboost_direct,9.0,11.107390403747559
2023-06-08,2023-06-08 20:00:00,20,lags_meteo,xgboost_direct,8.0,10.559664726257324
2023-06-08,2023-06-08 21:00:00,21,lags_meteo,xgboost_direct,11.0,10.274291038513184
2023-06-08,2023-06-08 22:00:00,22,lags_meteo,xgboost_direct,13.0,9.959333419799805
2023-06-08,2023-06-08 23:00:00,23,lags_meteo,xgboost_direct,9.0,9.678071975708008
2023-06-08,2023-06-09 00:00:00,24,lags_meteo,xgboost_direct,5.0,9.901188850402832
2023-06-09,2023-06-09 01:00:00,1,lags_meteo,xgboost_direct,10.0,9.71300983428955
2023-06-09,2023-06-09 02:00:00,2,lags_meteo,xgboost_direct,14.0,9.553308486938477
2023-06-09,2023-06-09 03:00:00,3,lags_meteo,xgboost_direct,3.0,10.000288963317871
2023-06-09,2023-06-09 04:00:00,4,lags_meteo,xgboost_direct,7.0,9.352958679199219
2023-06-09,2023-06-09 05:00:00,5,lags_meteo,xgboost_direct,7.0,9.749103546142578
2023-06-09,2023-06-09 06:00:00,6,lags_meteo,xgboost_direct,15.0,9.979072570800781
2023-06-09,2023-06-09 07:00:00,7,lags_meteo,xgboost_direct,14.0,9.343993186950684
2023-06-09,2023-06-09 08:00:00,8,lags_meteo,xgboost_direct,12.0,9.998617172241211
2023-06-09,2023-06-09 09:00:00,9,lags_meteo,xgboost_direct,12.0,13.278312683105469
2023-06-09,2023-06-09 10:00:00,10,lags_meteo,xgboost_direct,10.0,14.230486869812012
2023-06-09,2023-06-09 11:00:00,11,lags_meteo,xgboost_direct,11.0,14.349549293518066
2023-06-09,2023-06-09 12:00:00,12,lags_meteo,xgboost_direct,14.0,13.765796661376953
2023-06-09,2023-06-09 13:00:00,13,lags_meteo,xgboost_direct,17.0,12.661752700805664
2023-06-09,2023-06-09 14:00:00,14,lags_meteo,xgboost_direct,15.0,11.46876049041748
2023-06-09,2023-06-09 15:00:00,15,lags_meteo,xgboost_direct,19.0,10.908387184143066
2023-06-09,2023-06-09 16:00:00,16,lags_meteo,xgboost_direct,15.0,10.059062957763672
2023-06-09,2023-06-09 17:00:00,17,lags_meteo,xgboost_direct,7.0,10.17750072479248
2023-06-09,2023-06-09 18:00:00,18,lags_meteo,xgboost_direct,7.0,9.962002754211426
2023-06-09,2023-06-09 19:00:00,19,lags_meteo,xgboost_direct,12.0,10.416419982910156
2023-06-09,2023-06-09 20:00:00,20,lags_meteo,xgboost_direct,9.0,9.813591003417969
2023-06-09,2023-06-09 21:00:00,21,lags_meteo,xgboost_direct,7.0,10.128235816955566
2023-06-09,2023-06-09 22:00:00,22,lags_meteo,xgboost_direct,7.0,10.328763961791992
2023-06-09,2023-06-09 23:00:00,23,lags_meteo,xgboost_direct,9.0,10.233260154724121
2023-06-09,2023-06-10 00:00:00,24,lags_meteo,xgboost_direct,10.0,10.172551155090332
2023-06-10,2023-06-10 01:00:00,1,lags_meteo,xgboost_direct,7.0,8.281574249267578
2023-06-10,2023-06-10 02:00:00,2,lags_meteo,xgboost_direct,10.0,8.631765365600586
2023-06-10,2023-06-10 03:00:00,3,lags_meteo,xgboost_direct,6.0,8.605709075927734
2023-06-10,2023-06-10 04:00:00,4,lags_meteo,xgboost_direct,6.0,8.252487182617188
2023-06-10,2023-06-10 05:00:00,5,lags_meteo,xgboost_direct,6.0,7.86949348449707
2023-06-10,2023-06-10 06:00:00,6,lags_meteo,xgboost_direct,5.0,7.983023643493652
2023-06-10,2023-06-10 07:00:00,7,lags_meteo,xgboost_direct,2.0,7.7691473960876465
2023-06-10,2023-06-10 08:00:00,8,lags_meteo,xgboost_direct,12.0,8.822700500488281
2023-06-10,2023-06-10 09:00:00,9,lags_meteo,xgboost_direct,11.0,10.423744201660156
2023-06-10,2023-06-10 10:00:00,10,lags_meteo,xgboost_direct,8.0,11.404046058654785
2023-06-10,2023-06-10 11:00:00,11,lags_meteo,xgboost_direct,8.0,12.793133735656738
2023-06-10,2023-06-10 12:00:00,12,lags_meteo,xgboost_direct,13.0,12.389701843261719
2023-06-10,2023-06-10 13:00:00,13,lags_meteo,xgboost_direct,15.0,11.313904762268066
2023-06-10,2023-06-10 14:00:00,14,lags_meteo,xgboost_direct,5.0,11.188101768493652
2023-06-10,2023-06-10 15:00:00,15,lags_meteo,xgboost_direct,8.0,10.94019889831543
2023-06-10,2023-06-10 16:00:00,16,lags_meteo,xgboost_direct,12.0,9.461064338684082
2023-06-10,2023-06-10 17:00:00,17,lags_meteo,xgboost_direct,5.0,9.338065147399902
2023-06-10,2023-06-10 18:00:00,18,lags_meteo,xgboost_direct,5.0,9.36625862121582
2023-06-10,2023-06-10 19:00:00,19,lags_meteo,xgboost_direct,7.0,10.2611083984375
2023-06-10,2023-06-10 20:00:00,20,lags_meteo,xgboost_direct,7.0,10.33883285522461
2023-06-10,2023-06-10 21:00:00,21,lags_meteo,xgboost_direct,5.0,9.932975769042969
2023-06-10,2023-06-10 22:00:00,22,lags_meteo,xgboost_direct,6.0,9.772658348083496
2023-06-10,2023-06-10 23:00:00,23,lags_meteo,xgboost_direct,6.0,8.988892555236816
2023-06-10,2023-06-11 00:00:00,24,lags_meteo,xgboost_direct,7.0,9.039302825927734
2023-06-11,2023-06-11 01:00:00,1,lags_meteo,xgboost_direct,9.0,6.421844005584717
2023-06-11,2023-06-11 02:00:00,2,lags_meteo,xgboost_direct,9.0,7.355031967163086
2023-06-11,2023-06-11 03:00:00,3,lags_meteo,xgboost_direct,5.0,7.552196025848389
2023-06-11,2023-06-11 04:00:00,4,lags_meteo,xgboost_direct,7.0,8.352828025817871
2023-06-11,2023-06-11 05:00:00,5,lags_meteo,xgboost_direct,9.0,7.250946521759033
2023-06-11,2023-06-11 06:00:00,6,lags_meteo,xgboost_direct,8.0,7.625790119171143
2023-06-11,2023-06-11 07:00:00,7,lags_meteo,xgboost_direct,,7.414860248565674
2023-06-11,2023-06-11 08:00:00,8,lags_meteo,xgboost_direct,,8.386731147766113
2023-06-11,2023-06-11 09:00:00,9,lags_meteo,xgboost_direct,,9.368062973022461
2023-06-11,2023-06-11 10:00:00,10,lags_meteo,xgboost_direct,,11.553468704223633
2023-06-11,2023-06-11 11:00:00,11,lags_meteo,xgboost_direct,,12.192646980285645
2023-06-11,2023-06-11 12:00:00,12,lags_meteo,xgboost_direct,,11.88259506225586
2023-06-11,2023-06-11 13:00:00,13,lags_meteo,xgboost_direct,,11.215214729309082
2023-06-11,2023-06-11 14:00:00,14,lags_meteo,xgboost_direct,,11.742987632751465
2023-06-11,2023-06-11 15:00:00,15,lags_meteo,xgboost_direct,,11.045075416564941
2023-06-11,2023-06-11 16:00:00,16,lags_meteo,xgboost_direct,15.0,10.535571098327637
2023-06-11,2023-06-11 17:00:00,17,lags_meteo,xgboost_direct,12.0,10.152944564819336
2023-06-11,2023-06-11 18:00:00,18,lags_meteo,xgboost_direct,8.0,10.612217903137207
2023-06-11,2023-06-11 19:00:00,19,lags_meteo,xgboost_direct,17.0,10.547785758972168
2023-06-11,2023-06-11 20:00:00,20,lags_meteo,xgboost_direct,15.0,10.58803653717041
2023-06-11,2023-06-11 21:00:00,21,lags_meteo,xgboost_direct,5.0,10.198999404907227
2023-06-11,2023-06-11 22:00:00,22,lags_meteo,xgboost_direct,7.0,10.110483169555664
2023-06-11,2023-06-11 23:00:00,23,lags_meteo,xgboost_direct,12.0,9.130793571472168
2023-06-11,2023-06-12 00:00:00,24,lags_meteo,xgboost_direct,8.0,9.465582847595215
2023-06-12,2023-06-12 01:00:00,1,lags_meteo,xgboost_direct,11.0,9.578800201416016
2023-06-12,2023-06-12 02:00:00,2,lags_meteo,xgboost_direct,12.0,9.869525909423828
2023-06-12,2023-06-12 03:00:00,3,lags_meteo,xgboost_direct,9.0,10.567656517028809
2023-06-12,2023-06-12 04:00:00,4,lags_meteo,xgboost_direct,15.0,11.23644733428955
2023-06-12,2023-06-12 05:00:00,5,lags_meteo,xgboost_direct,6.0,10.502202033996582
2023-06-12,2023-06-12 06:00:00,6,lags_meteo,xgboost_direct,9.0,10.778078079223633
2023-06-12,2023-06-12 07:00:00,7,lags_meteo,xgboost_direct,20.0,11.545720100402832
2023-06-12,2023-06-12 08:00:00,8,lags_meteo,xgboost_direct,8.0,12.602041244506836
2023-06-12,2023-06-12 09:00:00,9,lags_meteo,xgboost_direct,15.0,14.361600875854492
2023-06-12,2023-06-12 10:00:00,10,lags_meteo,xgboost_direct,16.0,15.662348747253418
2023-06-12,2023-06-12 11:00:00,11,lags_meteo,xgboost_direct,16.0,16.631040573120117
2023-06-12,2023-06-12 12:00:00,12,lags_meteo,xgboost_direct,7.0,17.42961311340332
2023-06-12,2023-06-12 13:00:00,13,lags_meteo,xgboost_direct,21.0,15.749650001525879
2023-06-12,2023-06-12 14:00:00,14,lags_meteo,xgboost_direct,21.0,14.948486328125
2023-06-12,2023-06-12 15:00:00,15,lags_meteo,xgboost_direct,19.0,14.07033634185791
2023-06-12,2023-06-12 16:00:00,16,lags_meteo,xgboost_direct,16.0,17.630062103271484
2023-06-12,2023-06-12 17:00:00,17,lags_meteo,xgboost_direct,12.0,19.120603561401367
2023-06-12,2023-06-12 18:00:00,18,lags_meteo,xgboost_direct,15.0,19.503095626831055
2023-06-12,2023-06-12 19:00:00,19,lags_meteo,xgboost_direct,15.0,17.712749481201172
2023-06-12,2023-06-12 20:00:00,20,lags_meteo,xgboost_direct,9.0,16.433956146240234
2023-06-12,2023-06-12 21:00:00,21,lags_meteo,xgboost_direct,14.0,18.299325942993164
2023-06-12,2023-06-12 22:00:00,22,lags_meteo,xgboost_direct,10.0,18.561769485473633
2023-06-12,2023-06-12 23:00:00,23,lags_meteo,xgboost_direct,14.0,16.48737144470215
2023-06-12,2023-06-13 00:00:00,24,lags_meteo,xgboost_direct,12.0,16.732006072998047
2023-06-13,2023-06-13 01:00:00,1,lags_meteo,xgboost_direct,9.0,12.229467391967773
2023-06-13,2023-06-13 02:00:00,2,lags_meteo,xgboost_direct,8.0,11.82894229888916
2023-06-13,2023-06-13 03:00:00,3,lags_meteo,xgboost_direct,13.0,11.77883529663086
2023-06-13,2023-06-13 04:00:00,4,lags_meteo,xgboost_direct,5.0,12.728873252868652
2023-06-13,2023-06-13 05:00:00,5,lags_meteo,xgboost_direct,12.0,13.245256423950195
2023-06-13,2023-06-13 06:00:00,6,lags_meteo,xgboost_direct,2.0,12.270565032958984
2023-06-13,2023-06-13 07:00:00,7,lags_meteo,xgboost_direct,2.0,13.42508316040039
2023-06-13,2023-06-13 08:00:00,8,lags_meteo,xgboost_direct,11.0,15.65251350402832
2023-06-13,2023-06-13 09:00:00,9,lags_meteo,xgboost_direct,14.0,16.563457489013672
2023-06-13,2023-06-13 10:00:00,10,lags_meteo,xgboost_direct,20.0,17.613555908203125
2023-06-13,2023-06-13 11:00:00,11,lags_meteo,xgboost_direct,17.0,19.382246017456055
2023-06-13,2023-06-13 12:00:00,12,lags_meteo,xgboost_direct,12.0,18.383548736572266
2023-06-13,2023-06-13 13:00:00,13,lags_meteo,xgboost_direct,8.0,17.58608627319336
2023-06-13,2023-06-13 14:00:00,14,lags_meteo,xgboost_direct,8.0,18.395606994628906
2023-06-13,2023-06-13 15:00:00,15,lags_meteo,xgboost_direct,6.0,17.235931396484375
2023-06-13,2023-06-13 16:00:00,16,lags_meteo,xgboost_direct,4.0,19.099872589111328
2023-06-13,2023-06-13 17:00:00,17,lags_meteo,xgboost_direct,7.0,19.428707122802734
2023-06-13,2023-06-13 18:00:00,18,lags_meteo,xgboost_direct,12.0,18.799102783203125
2023-06-13,2023-06-13 19:00:00,19,lags_meteo,xgboost_direct,7.0,18.07683563232422
2023-06-13,2023-06-13 20:00:00,20,lags_meteo,xgboost_direct,7.0,20.757640838623047
2023-06-13,2023-06-13 21:00:00,21,lags_meteo,xgboost_direct,6.0,21.032190322875977
2023-06-13,2023-06-13 22:00:00,22,lags_meteo,xgboost_direct,6.0,20.197006225585938
2023-06-13,2023-06-13 23:00:00,23,lags_meteo,xgboost_direct,6.0,18.437755584716797
2023-06-13,2023-06-14 00:00:00,24,lags_meteo,xgboost_direct,7.0,18.54899024963379
2023-06-14,2023-06-14 01:00:00,1,lags_meteo,xgboost_direct,9.0,6.654421329498291
2023-06-14,2023-06-14 02:00:00,2,lags_meteo,xgboost_direct,8.0,7.215433597564697
2023-06-14,2023-06-14 03:00:00,3,lags_meteo,xgboost_direct,8.0,8.72032356262207
2023-06-14,2023-06-14 04:00:00,4,lags_meteo,xgboost_direct,8.0,8.689339637756348
2023-06-14,2023-06-14 05:00:00,5,lags_meteo,xgboost_direct,4.0,8.81068229675293
2023-06-14,2023-06-14 06:00:00,6,lags_meteo,xgboost_direct,14.0,9.275799751281738
2023-06-14,2023-06-14 07:00:00,7,lags_meteo,xgboost_direct,10.0,10.122871398925781
2023-06-14,2023-06-14 08:00:00,8,lags_meteo,xgboost_direct,9.0,9.971327781677246
2023-06-14,2023-06-14 09:00:00,9,lags_meteo,xgboost_direct,12.0,13.751914978027344
2023-06-14,2023-06-14 10:00:00,10,lags_meteo,xgboost_direct,15.0,14.670854568481445
2023-06-14,2023-06-14 11:00:00,11,lags_meteo,xgboost_direct,8.0,14.596409797668457
2023-06-14,2023-06-14 12:00:00,12,lags_meteo,xgboost_direct,7.0,14.553675651550293
2023-06-14,2023-06-14 13:00:00,13,lags_meteo,xgboost_direct,7.0,13.707923889160156
2023-06-14,2023-06-14 14:00:00,14,lags_meteo,xgboost_direct,7.0,17.49184226989746
2023-06-14,2023-06-14 15:00:00,15,lags_meteo,xgboost_direct,9.0,14.611865043640137
2023-06-14,2023-06-14 16:00:00,16,lags_meteo,xgboost_direct,5.0,14.05512809753418
2023-06-14,2023-06-14 17:00:00,17,lags_meteo,xgboost_direct,2.0,13.833739280700684
2023-06-14,2023-06-14 18:00:00,18,lags_meteo,xgboost_direct,11.0,14.52487850189209
2023-06-14,2023-06-14 19:00:00,19,lags_meteo,xgboost_direct,7.0,13.55812931060791
2023-06-14,2023-06-14 20:00:00,20,lags_meteo,xgboost_direct,11.0,12.281855583190918
2023-06-14,2023-06-14 21:00:00,21,lags_meteo,xgboost_direct,12.0,11.728866577148438
2023-06-14,2023-06-14 22:00:00,22,lags_meteo,xgboost_direct,12.0,11.174742698669434
2023-06-14,2023-06-14 23:00:00,23,lags_meteo,xgboost_direct,10.0,10.271358489990234
2023-06-14,2023-06-15 00:00:00,24,lags_meteo,xgboost_direct,11.0,10.839640617370605
2023-06-15,2023-06-15 01:00:00,1,lags_meteo,xgboost_direct,10.0,8.446693420410156
2023-06-15,2023-06-15 02:00:00,2,lags_meteo,xgboost_direct,13.0,8.458393096923828
2023-06-15,2023-06-15 03:00:00,3,lags_meteo,xgboost_direct,13.0,8.783215522766113
2023-06-15,2023-06-15 04:00:00,4,lags_meteo,xgboost_direct,12.0,9.078532218933105
2023-06-15,2023-06-15 05:00:00,5,lags_meteo,xgboost_direct,15.0,9.465785026550293
2023-06-15,2023-06-15 06:00:00,6,lags_meteo,xgboost_direct,16.0,9.869470596313477
2023-06-15,2023-06-15 07:00:00,7,lags_meteo,xgboost_direct,13.0,9.853598594665527
2023-06-15,2023-06-15 08:00:00,8,lags_meteo,xgboost_direct,18.0,11.41568660736084
2023-06-15,2023-06-15 09:00:00,9,lags_meteo,xgboost_direct,22.0,13.495141983032227
2023-06-15,2023-06-15 10:00:00,10,lags_meteo,xgboost_direct,29.0,14.461356163024902
2023-06-15,2023-06-15 11:00:00,11,lags_meteo,xgboost_direct,31.0,14.24616813659668
2023-06-15,2023-06-15 12:00:00,12,lags_meteo,xgboost_direct,29.0,14.130678176879883
2023-06-15,2023-06-15 13:00:00,13,lags_meteo,xgboost_direct,30.0,13.863873481750488
2023-06-15,2023-06-15 14:00:00,14,lags_meteo,xgboost_direct,16.0,14.142416954040527
2023-06-15,2023-06-15 15:00:00,15,lags_meteo,xgboost_direct,9.0,13.511092185974121
2023-06-15,2023-06-15 16:00:00,16,lags_meteo,xgboost_direct,12.0,13.949073791503906
2023-06-15,2023-06-15 17:00:00,17,lags_meteo,xgboost_direct,13.0,13.910465240478516
2023-06-15,2023-06-15 18:00:00,18,lags_meteo,xgboost_direct,21.0,15.433430671691895
2023-06-15,2023-06-15 19:00:00,19,lags_meteo,xgboost_direct,19.0,14.824830055236816
2023-06-15,2023-06-15 20:00:00,20,lags_meteo,xgboost_direct,22.0,14.014266967773438
2023-06-15,2023-06-15 21:00:00,21,lags_meteo,xgboost_direct,13.0,14.278549194335938
2023-06-15,2023-06-15 22:00:00,22,lags_meteo,xgboost_direct,14.0,13.337065696716309
2023-06-15,2023-06-15 23:00:00,23,lags_meteo,xgboost_direct,16.0,13.612765312194824
2023-06-15,2023-06-16 00:00:00,24,lags_meteo,xgboost_direct,18.0,13.181466102600098
2023-06-16,2023-06-16 01:00:00,1,lags_meteo,xgboost_direct,14.0,15.268746376037598
2023-06-16,2023-06-16 02:00:00,2,lags_meteo,xgboost_direct,16.0,15.631845474243164
2023-06-16,2023-06-16 03:00:00,3,lags_meteo,xgboost_direct,15.0,16.438608169555664
2023-06-16,2023-06-16 04:00:00,4,lags_meteo,xgboost_direct,12.0,16.198575973510742
2023-06-16,2023-06-16 05:00:00,5,lags_meteo,xgboost_direct,14.0,16.467920303344727
2023-06-16,2023-06-16 06:00:00,6,lags_meteo,xgboost_direct,10.0,16.152725219726562
2023-06-16,2023-06-16 07:00:00,7,lags_meteo,xgboost_direct,5.0,17.148876190185547
2023-06-16,2023-06-16 08:00:00,8,lags_meteo,xgboost_direct,12.0,17.4935359954834
2023-06-16,2023-06-16 09:00:00,9,lags_meteo,xgboost_direct,10.0,19.353376388549805
2023-06-16,2023-06-16 10:00:00,10,lags_meteo,xgboost_direct,23.0,23.41924285888672
2023-06-16,2023-06-16 11:00:00,11,lags_meteo,xgboost_direct,28.0,24.2635498046875
2023-06-16,2023-06-16 12:00:00,12,lags_meteo,xgboost_direct,29.0,24.907615661621094
2023-06-16,2023-06-16 13:00:00,13,lags_meteo,xgboost_direct,26.0,24.622737884521484
2023-06-16,2023-06-16 14:00:00,14,lags_meteo,xgboost_direct,9.0,21.883934020996094
2023-06-16,2023-06-16 15:00:00,15,lags_meteo,xgboost_direct,12.0,20.975996017456055
2023-06-16,2023-06-16 16:00:00,16,lags_meteo,xgboost_direct,12.0,20.29230308532715
2023-06-16,2023-06-16 17:00:00,17,lags_meteo,xgboost_direct,12.0,18.67914581298828
2023-06-16,2023-06-16 18:00:00,18,lags_meteo,xgboost_direct,8.0,18.97910499572754
2023-06-16,2023-06-16 19:00:00,19,lags_meteo,xgboost_direct,18.0,19.0479679107666
2023-06-16,2023-06-16 20:00:00,20,lags_meteo,xgboost_direct,12.0,18.280363082885742
2023-06-16,2023-06-16 21:00:00,21,lags_meteo,xgboost_direct,12.0,17.198110580444336
2023-06-16,2023-06-16 22:00:00,22,lags_meteo,xgboost_direct,15.0,16.669666290283203
2023-06-16,2023-06-16 23:00:00,23,lags_meteo,xgboost_direct,19.0,16.531246185302734
2023-06-16,2023-06-17 00:00:00,24,lags_meteo,xgboost_direct,21.0,16.489459991455078
2023-06-17,2023-06-17 01:00:00,1,lags_meteo,xgboost_direct,18.0,17.097400665283203
2023-06-17,2023-06-17 02:00:00,2,lags_meteo,xgboost_direct,19.0,16.346508026123047
2023-06-17,2023-06-17 03:00:00,3,lags_meteo,xgboost_direct,21.0,15.131827354431152
2023-06-17,2023-06-17 04:00:00,4,lags_meteo,xgboost_direct,24.0,15.118513107299805
2023-06-17,2023-06-17 05:00:00,5,lags_meteo,xgboost_direct,27.0,14.270535469055176
2023-06-17,2023-06-17 06:00:00,6,lags_meteo,xgboost_direct,23.0,14.732193946838379
2023-06-17,2023-06-17 07:00:00,7,lags_meteo,xgboost_direct,24.0,14.653192520141602
2023-06-17,2023-06-17 08:00:00,8,lags_meteo,xgboost_direct,17.0,17.871774673461914
2023-06-17,2023-06-17 09:00:00,9,lags_meteo,xgboost_direct,26.0,21.64854621887207
2023-06-17,2023-06-17 10:00:00,10,lags_meteo,xgboost_direct,29.0,23.755802154541016
2023-06-17,2023-06-17 11:00:00,11,lags_meteo,xgboost_direct,25.0,25.417753219604492
2023-06-17,2023-06-17 12:00:00,12,lags_meteo,xgboost_direct,32.0,26.708377838134766
2023-06-17,2023-06-17 13:00:00,13,lags_meteo,xgboost_direct,22.0,26.185691833496094
2023-06-17,2023-06-17 14:00:00,14,lags_meteo,xgboost_direct,19.0,24.465576171875
2023-06-17,2023-06-17 15:00:00,15,lags_meteo,xgboost_direct,12.0,21.31645393371582
2023-06-17,2023-06-17 16:00:00,16,lags_meteo,xgboost_direct,15.0,21.559497833251953
2023-06-17,2023-06-17 17:00:00,17,lags_meteo,xgboost_direct,22.0,20.619110107421875
2023-06-17,2023-06-17 18:00:00,18,lags_meteo,xgboost_direct,17.0,19.472021102905273
2023-06-17,2023-06-17 19:00:00,19,lags_meteo,xgboost_direct,21.0,18.31613540649414
2023-06-17,2023-06-17 20:00:00,20,lags_meteo,xgboost_direct,17.0,17.432842254638672
2023-06-17,2023-06-17 21:00:00,21,lags_meteo,xgboost_direct,21.0,16.616899490356445
2023-06-17,2023-06-17 22:00:00,22,lags_meteo,xgboost_direct,22.0,17.680522918701172
2023-06-17,2023-06-17 23:00:00,23,lags_meteo,xgboost_direct,24.0,18.14536476135254
2023-06-17,2023-06-18 00:00:00,24,lags_meteo,xgboost_direct,19.0,19.565885543823242
2023-06-18,2023-06-18 01:00:00,1,lags_meteo,xgboost_direct,16.0,22.45363998413086
2023-06-18,2023-06-18 02:00:00,2,lags_meteo,xgboost_direct,16.0,22.08274269104004
2023-06-18,2023-06-18 03:00:00,3,lags_meteo,xgboost_direct,15.0,20.98194122314453
2023-06-18,2023-06-18 04:00:00,4,lags_meteo,xgboost_direct,15.0,19.71061897277832
2023-06-18,2023-06-18 05:00:00,5,lags_meteo,xgboost_direct,13.0,20.006038665771484
2023-06-18,2023-06-18 06:00:00,6,lags_meteo,xgboost_direct,14.0,19.472698211669922
2023-06-18,2023-06-18 07:00:00,7,lags_meteo,xgboost_direct,14.0,20.110179901123047
2023-06-18,2023-06-18 08:00:00,8,lags_meteo,xgboost_direct,10.0,20.80980110168457
2023-06-18,2023-06-18 09:00:00,9,lags_meteo,xgboost_direct,12.0,24.75446128845215
2023-06-18,2023-06-18 10:00:00,10,lags_meteo,xgboost_direct,16.0,27.922473907470703
2023-06-18,2023-06-18 11:00:00,11,lags_meteo,xgboost_direct,17.0,29.01410675048828
2023-06-18,2023-06-18 12:00:00,12,lags_meteo,xgboost_direct,17.0,29.436016082763672
2023-06-18,2023-06-18 13:00:00,13,lags_meteo,xgboost_direct,10.0,29.26207160949707
2023-06-18,2023-06-18 14:00:00,14,lags_meteo,xgboost_direct,20.0,25.311681747436523
2023-06-18,2023-06-18 15:00:00,15,lags_meteo,xgboost_direct,20.0,23.304075241088867
2023-06-18,2023-06-18 16:00:00,16,lags_meteo,xgboost_direct,14.0,22.13838005065918
2023-06-18,2023-06-18 17:00:00,17,lags_meteo,xgboost_direct,14.0,21.403474807739258
2023-06-18,2023-06-18 18:00:00,18,lags_meteo,xgboost_direct,16.0,19.38382339477539
2023-06-18,2023-06-18 19:00:00,19,lags_meteo,xgboost_direct,8.0,19.346010208129883
2023-06-18,2023-06-18 20:00:00,20,lags_meteo,xgboost_direct,8.0,20.89052391052246
2023-06-18,2023-06-18 21:00:00,21,lags_meteo,xgboost_direct,9.0,20.252098083496094
2023-06-18,2023-06-18 22:00:00,22,lags_meteo,xgboost_direct,14.0,21.18553924560547
2023-06-18,2023-06-18 23:00:00,23,lags_meteo,xgboost_direct,12.0,21.154563903808594
2023-06-18,2023-06-19 00:00:00,24,lags_meteo,xgboost_direct,9.0,19.310832977294922
2023-06-19,2023-06-19 01:00:00,1,lags_meteo,xgboost_direct,17.0,12.812482833862305
2023-06-19,2023-06-19 02:00:00,2,lags_meteo,xgboost_direct,21.0,13.723672866821289
2023-06-19,2023-06-19 03:00:00,3,lags_meteo,xgboost_direct,15.0,13.899065971374512
2023-06-19,2023-06-19 04:00:00,4,lags_meteo,xgboost_direct,24.0,13.984031677246094
2023-06-19,2023-06-19 05:00:00,5,lags_meteo,xgboost_direct,11.0,14.285412788391113
2023-06-19,2023-06-19 06:00:00,6,lags_meteo,xgboost_direct,9.0,14.64345645904541
2023-06-19,2023-06-19 07:00:00,7,lags_meteo,xgboost_direct,17.0,14.753020286560059
2023-06-19,2023-06-19 08:00:00,8,lags_meteo,xgboost_direct,16.0,15.624857902526855
2023-06-19,2023-06-19 09:00:00,9,lags_meteo,xgboost_direct,21.0,17.066373825073242
2023-06-19,2023-06-19 10:00:00,10,lags_meteo,xgboost_direct,21.0,18.597267150878906
2023-06-19,2023-06-19 11:00:00,11,lags_meteo,xgboost_direct,13.0,18.377500534057617
2023-06-19,2023-06-19 12:00:00,12,lags_meteo,xgboost_direct,15.0,19.0991268157959
2023-06-19,2023-06-19 13:00:00,13,lags_meteo,xgboost_direct,13.0,18.72926902770996
2023-06-19,2023-06-19 14:00:00,14,lags_meteo,xgboost_direct,6.0,17.829652786254883
2023-06-19,2023-06-19 15:00:00,15,lags_meteo,xgboost_direct,16.0,17.254785537719727
2023-06-19,2023-06-19 16:00:00,16,lags_meteo,xgboost_direct,22.0,15.63546371459961
2023-06-19,2023-06-19 17:00:00,17,lags_meteo,xgboost_direct,24.0,15.978342056274414
2023-06-19,2023-06-19 18:00:00,18,lags_meteo,xgboost_direct,16.0,15.097658157348633
2023-06-19,2023-06-19 19:00:00,19,lags_meteo,xgboost_direct,18.0,15.09635066986084
2023-06-19,2023-06-19 20:00:00,20,lags_meteo,xgboost_direct,27.0,14.25313949584961
2023-06-19,2023-06-19 21:00:00,21,lags_meteo,xgboost_direct,24.0,14.086688041687012
2023-06-19,2023-06-19 22:00:00,22,lags_meteo,xgboost_direct,17.0,13.158961296081543
2023-06-19,2023-06-19 23:00:00,23,lags_meteo,xgboost_direct,15.0,14.113970756530762
2023-06-19,2023-06-20 00:00:00,24,lags_meteo,xgboost_direct,17.0,14.461066246032715
2023-06-20,2023-06-20 01:00:00,1,lags_meteo,xgboost_direct,18.0,14.664176940917969
2023-06-20,2023-06-20 02:00:00,2,lags_meteo,xgboost_direct,13.0,14.535599708557129
2023-06-20,2023-06-20 03:00:00,3,lags_meteo,xgboost_direct,16.0,14.247783660888672
2023-06-20,2023-06-20 04:00:00,4,lags_meteo,xgboost_direct,18.0,14.834493637084961
2023-06-20,2023-06-20 05:00:00,5,lags_meteo,xgboost_direct,13.0,14.553712844848633
2023-06-20,2023-06-20 06:00:00,6,lags_meteo,xgboost_direct,14.0,14.956853866577148
2023-06-20,2023-06-20 07:00:00,7,lags_meteo,xgboost_direct,13.0,15.834700584411621
2023-06-20,2023-06-20 08:00:00,8,lags_meteo,xgboost_direct,9.0,17.570507049560547
2023-06-20,2023-06-20 09:00:00,9,lags_meteo,xgboost_direct,13.0,19.39519691467285
2023-06-20,2023-06-20 10:00:00,10,lags_meteo,xgboost_direct,16.0,20.90549087524414
2023-06-20,2023-06-20 11:00:00,11,lags_meteo,xgboost_direct,10.0,20.908666610717773
2023-06-20,2023-06-20 12:00:00,12,lags_meteo,xgboost_direct,9.0,20.151201248168945
2023-06-20,2023-06-20 13:00:00,13,lags_meteo,xgboost_direct,3.0,19.227031707763672
2023-06-20,2023-06-20 14:00:00,14,lags_meteo,xgboost_direct,8.0,17.953092575073242
2023-06-20,2023-06-20 15:00:00,15,lags_meteo,xgboost_direct,7.0,17.95664405822754
2023-06-20,2023-06-20 16:00:00,16,lags_meteo,xgboost_direct,3.0,17.544004440307617
2023-06-20,2023-06-20 17:00:00,17,lags_meteo,xgboost_direct,11.0,17.597902297973633
2023-06-20,2023-06-20 18:00:00,18,lags_meteo,xgboost_direct,11.0,17.034887313842773
2023-06-20,2023-06-20 19:00:00,19,lags_meteo,xgboost_direct,12.0,16.785938262939453
2023-06-20,2023-06-20 20:00:00,20,lags_meteo,xgboost_direct,5.0,16.777402877807617
2023-06-20,2023-06-20 21:00:00,21,lags_meteo,xgboost_direct,10.0,17.303918838500977
2023-06-20,2023-06-20 22:00:00,22,lags_meteo,xgboost_direct,10.0,16.870452880859375
2023-06-20,2023-06-20 23:00:00,23,lags_meteo,xgboost_direct,12.0,15.953449249267578
2023-06-20,2023-06-21 00:00:00,24,lags_meteo,xgboost_direct,10.0,15.638858795166016
2023-06-21,2023-06-21 01:00:00,1,lags_meteo,xgboost_direct,7.0,12.038541793823242
2023-06-21,2023-06-21 02:00:00,2,lags_meteo,xgboost_direct,10.0,11.474281311035156
2023-06-21,2023-06-21 03:00:00,3,lags_meteo,xgboost_direct,15.0,11.165010452270508
2023-06-21,2023-06-21 04:00:00,4,lags_meteo,xgboost_direct,11.0,11.798038482666016
2023-06-21,2023-06-21 05:00:00,5,lags_meteo,xgboost_direct,15.0,12.049456596374512
2023-06-21,2023-06-21 06:00:00,6,lags_meteo,xgboost_direct,12.0,12.047601699829102
2023-06-21,2023-06-21 07:00:00,7,lags_meteo,xgboost_direct,10.0,12.274589538574219
2023-06-21,2023-06-21 08:00:00,8,lags_meteo,xgboost_direct,6.0,14.044087409973145
2023-06-21,2023-06-21 09:00:00,9,lags_meteo,xgboost_direct,20.0,15.065289497375488
2023-06-21,2023-06-21 10:00:00,10,lags_meteo,xgboost_direct,19.0,15.90356731414795
2023-06-21,2023-06-21 11:00:00,11,lags_meteo,xgboost_direct,9.0,16.03758430480957
2023-06-21,2023-06-21 12:00:00,12,lags_meteo,xgboost_direct,10.0,15.120031356811523
2023-06-21,2023-06-21 13:00:00,13,lags_meteo,xgboost_direct,18.0,14.93602180480957
2023-06-21,2023-06-21 14:00:00,14,lags_meteo,xgboost_direct,11.0,13.225041389465332
2023-06-21,2023-06-21 15:00:00,15,lags_meteo,xgboost_direct,12.0,13.771159172058105
2023-06-21,2023-06-21 16:00:00,16,lags_meteo,xgboost_direct,9.0,13.070104598999023
2023-06-21,2023-06-21 17:00:00,17,lags_meteo,xgboost_direct,2.0,13.211469650268555
2023-06-21,2023-06-21 18:00:00,18,lags_meteo,xgboost_direct,8.0,13.297874450683594
2023-06-21,2023-06-21 19:00:00,19,lags_meteo,xgboost_direct,3.0,14.571044921875
2023-06-21,2023-06-21 20:00:00,20,lags_meteo,xgboost_direct,6.0,14.190964698791504
2023-06-21,2023-06-21 21:00:00,21,lags_meteo,xgboost_direct,15.0,14.593486785888672
2023-06-21,2023-06-21 22:00:00,22,lags_meteo,xgboost_direct,13.0,13.478411674499512
2023-06-21,2023-06-21 23:00:00,23,lags_meteo,xgboost_direct,10.0,13.732413291931152
2023-06-21,2023-06-22 00:00:00,24,lags_meteo,xgboost_direct,11.0,14.196688652038574
2023-06-22,2023-06-22 01:00:00,1,lags_meteo,xgboost_direct,10.0,9.30758285522461
2023-06-22,2023-06-22 02:00:00,2,lags_meteo,xgboost_direct,4.0,8.960977554321289
2023-06-22,2023-06-22 03:00:00,3,lags_meteo,xgboost_direct,12.0,10.214838981628418
2023-06-22,2023-06-22 04:00:00,4,lags_meteo,xgboost_direct,20.0,10.335796356201172
2023-06-22,2023-06-22 05:00:00,5,lags_meteo,xgboost_direct,15.0,10.198999404907227
2023-06-22,2023-06-22 06:00:00,6,lags_meteo,xgboost_direct,4.0,10.416210174560547
2023-06-22,2023-06-22 07:00:00,7,lags_meteo,xgboost_direct,9.0,11.349936485290527
2023-06-22,2023-06-22 08:00:00,8,lags_meteo,xgboost_direct,18.0,12.012782096862793
2023-06-22,2023-06-22 09:00:00,9,lags_meteo,xgboost_direct,25.0,14.582561492919922
2023-06-22,2023-06-22 10:00:00,10,lags_meteo,xgboost_direct,49.0,15.870577812194824
2023-06-22,2023-06-22 11:00:00,11,lags_meteo,xgboost_direct,32.0,17.110942840576172
2023-06-22,2023-06-22 12:00:00,12,lags_meteo,xgboost_direct,29.0,15.571983337402344
2023-06-22,2023-06-22 13:00:00,13,lags_meteo,xgboost_direct,30.0,14.727182388305664
2023-06-22,2023-06-22 14:00:00,14,lags_meteo,xgboost_direct,15.0,13.38128662109375
2023-06-22,2023-06-22 15:00:00,15,lags_meteo,xgboost_direct,11.0,13.361491203308105
2023-06-22,2023-06-22 16:00:00,16,lags_meteo,xgboost_direct,6.0,12.809074401855469
2023-06-22,2023-06-22 17:00:00,17,lags_meteo,xgboost_direct,3.0,12.928289413452148
2023-06-22,2023-06-22 18:00:00,18,lags_meteo,xgboost_direct,10.0,13.55833625793457
2023-06-22,2023-06-22 19:00:00,19,lags_meteo,xgboost_direct,21.0,14.104884147644043
2023-06-22,2023-06-22 20:00:00,20,lags_meteo,xgboost_direct,11.0,14.070837020874023
2023-06-22,2023-06-22 21:00:00,21,lags_meteo,xgboost_direct,9.0,14.629794120788574
2023-06-22,2023-06-22 22:00:00,22,lags_meteo,xgboost_direct,18.0,13.464956283569336
2023-06-22,2023-06-22 23:00:00,23,lags_meteo,xgboost_direct,17.0,13.027256965637207
2023-06-22,2023-06-23 00:00:00,24,lags_meteo,xgboost_direct,17.0,12.540010452270508
2023-06-23,2023-06-23 01:00:00,1,lags_meteo,xgboost_direct,16.0,15.60732364654541
2023-06-23,2023-06-23 02:00:00,2,lags_meteo,xgboost_direct,17.0,15.462023735046387
2023-06-23,2023-06-23 03:00:00,3,lags_meteo,xgboost_direct,16.0,14.437582969665527
2023-06-23,2023-06-23 04:00:00,4,lags_meteo,xgboost_direct,12.0,14.141975402832031
2023-06-23,2023-06-23 05:00:00,5,lags_meteo,xgboost_direct,10.0,13.830598831176758
2023-06-23,2023-06-23 06:00:00,6,lags_meteo,xgboost_direct,9.0,13.114888191223145
2023-06-23,2023-06-23 07:00:00,7,lags_meteo,xgboost_direct,9.0,13.148589134216309
2023-06-23,2023-06-23 08:00:00,8,lags_meteo,xgboost_direct,14.0,16.326669692993164
2023-06-23,2023-06-23 09:00:00,9,lags_meteo,xgboost_direct,28.0,19.319690704345703
2023-06-23,2023-06-23 10:00:00,10,lags_meteo,xgboost_direct,26.0,23.952871322631836
2023-06-23,2023-06-23 11:00:00,11,lags_meteo,xgboost_direct,16.0,24.734668731689453
2023-06-23,2023-06-23 12:00:00,12,lags_meteo,xgboost_direct,15.0,25.052736282348633
2023-06-23,2023-06-23 13:00:00,13,lags_meteo,xgboost_direct,18.0,23.428129196166992
2023-06-23,2023-06-23 14:00:00,14,lags_meteo,xgboost_direct,11.0,20.082050323486328
2023-06-23,2023-06-23 15:00:00,15,lags_meteo,xgboost_direct,23.0,17.63971519470215
2023-06-23,2023-06-23 16:00:00,16,lags_meteo,xgboost_direct,19.0,17.149534225463867
2023-06-23,2023-06-23 17:00:00,17,lags_meteo,xgboost_direct,20.0,16.27981948852539
2023-06-23,2023-06-23 18:00:00,18,lags_meteo,xgboost_direct,12.0,15.131059646606445
2023-06-23,2023-06-23 19:00:00,19,lags_meteo,xgboost_direct,15.0,15.56699275970459
2023-06-23,2023-06-23 20:00:00,20,lags_meteo,xgboost_direct,17.0,17.021926879882812
2023-06-23,2023-06-23 21:00:00,21,lags_meteo,xgboost_direct,18.0,17.203752517700195
2023-06-23,2023-06-23 22:00:00,22,lags_meteo,xgboost_direct,20.0,17.74016761779785
2023-06-23,2023-06-23 23:00:00,23,lags_meteo,xgboost_direct,27.0,18.82957649230957
2023-06-23,2023-06-24 00:00:00,24,lags_meteo,xgboost_direct,24.0,18.86903953552246
2023-06-24,2023-06-24 01:00:00,1,lags_meteo,xgboost_direct,23.0,22.702239990234375
2023-06-24,2023-06-24 02:00:00,2,lags_meteo,xgboost_direct,26.0,21.120773315429688
2023-06-24,2023-06-24 03:00:00,3,lags_meteo,xgboost_direct,25.0,19.049388885498047
2023-06-24,2023-06-24 04:00:00,4,lags_meteo,xgboost_direct,20.0,17.900413513183594
2023-06-24,2023-06-24 05:00:00,5,lags_meteo,xgboost_direct,20.0,17.34602165222168
2023-06-24,2023-06-24 06:00:00,6,lags_meteo,xgboost_direct,14.0,16.65049934387207
2023-06-24,2023-06-24 07:00:00,7,lags_meteo,xgboost_direct,15.0,17.56165313720703
2023-06-24,2023-06-24 08:00:00,8,lags_meteo,xgboost_direct,14.0,19.40620231628418
2023-06-24,2023-06-24 09:00:00,9,lags_meteo,xgboost_direct,8.0,20.56283187866211
2023-06-24,2023-06-24 10:00:00,10,lags_meteo,xgboost_direct,22.0,23.425567626953125
2023-06-24,2023-06-24 11:00:00,11,lags_meteo,xgboost_direct,9.0,22.724302291870117
2023-06-24,2023-06-24 12:00:00,12,lags_meteo,xgboost_direct,9.0,21.707965850830078
2023-06-24,2023-06-24 13:00:00,13,lags_meteo,xgboost_direct,14.0,22.0516357421875
2023-06-24,2023-06-24 14:00:00,14,lags_meteo,xgboost_direct,24.0,22.246936798095703
2023-06-24,2023-06-24 15:00:00,15,lags_meteo,xgboost_direct,19.0,21.471412658691406
2023-06-24,2023-06-24 16:00:00,16,lags_meteo,xgboost_direct,16.0,21.22445297241211
2023-06-24,2023-06-24 17:00:00,17,lags_meteo,xgboost_direct,23.0,20.492523193359375
2023-06-24,2023-06-24 18:00:00,18,lags_meteo,xgboost_direct,23.0,20.720592498779297
2023-06-24,2023-06-24 19:00:00,19,lags_meteo,xgboost_direct,18.0,20.470355987548828
2023-06-24,2023-06-24 20:00:00,20,lags_meteo,xgboost_direct,14.0,20.398250579833984
2023-06-24,2023-06-24 21:00:00,21,lags_meteo,xgboost_direct,20.0,21.708269119262695
2023-06-24,2023-06-24 22:00:00,22,lags_meteo,xgboost_direct,24.0,22.613224029541016
2023-06-24,2023-06-24 23:00:00,23,lags_meteo,xgboost_direct,27.0,23.47475242614746
2023-06-24,2023-06-25 00:00:00,24,lags_meteo,xgboost_direct,29.0,22.30073356628418
2023-06-25,2023-06-25 01:00:00,1,lags_meteo,xgboost_direct,28.0,25.19722557067871
2023-06-25,2023-06-25 02:00:00,2,lags_meteo,xgboost_direct,21.0,22.977636337280273
2023-06-25,2023-06-25 03:00:00,3,lags_meteo,xgboost_direct,25.0,21.514118194580078
2023-06-25,2023-06-25 04:00:00,4,lags_meteo,xgboost_direct,26.0,20.80809783935547
2023-06-25,2023-06-25 05:00:00,5,lags_meteo,xgboost_direct,26.0,19.50579071044922
2023-06-25,2023-06-25 06:00:00,6,lags_meteo,xgboost_direct,22.0,19.937515258789062
2023-06-25,2023-06-25 07:00:00,7,lags_meteo,xgboost_direct,23.0,18.989788055419922
2023-06-25,2023-06-25 08:00:00,8,lags_meteo,xgboost_direct,11.0,19.78325843811035
2023-06-25,2023-06-25 09:00:00,9,lags_meteo,xgboost_direct,18.0,20.969257354736328
2023-06-25,2023-06-25 10:00:00,10,lags_meteo,xgboost_direct,20.0,22.69513511657715
2023-06-25,2023-06-25 11:00:00,11,lags_meteo,xgboost_direct,29.0,23.601940155029297
2023-06-25,2023-06-25 12:00:00,12,lags_meteo,xgboost_direct,25.0,24.732133865356445
2023-06-25,2023-06-25 13:00:00,13,lags_meteo,xgboost_direct,14.0,23.94334602355957
2023-06-25,2023-06-25 14:00:00,14,lags_meteo,xgboost_direct,10.0,24.359264373779297
2023-06-25,2023-06-25 15:00:00,15,lags_meteo,xgboost_direct,44.0,24.985668182373047
2023-06-25,2023-06-25 16:00:00,16,lags_meteo,xgboost_direct,23.0,26.601734161376953
2023-06-25,2023-06-25 17:00:00,17,lags_meteo,xgboost_direct,9.0,25.303598403930664
2023-06-25,2023-06-25 18:00:00,18,lags_meteo,xgboost_direct,19.0,25.463647842407227
2023-06-25,2023-06-25 19:00:00,19,lags_meteo,xgboost_direct,30.0,25.548425674438477
2023-06-25,2023-06-25 20:00:00,20,lags_meteo,xgboost_direct,19.0,24.734479904174805
2023-06-25,2023-06-25 21:00:00,21,lags_meteo,xgboost_direct,6.0,25.427907943725586
2023-06-25,2023-06-25 22:00:00,22,lags_meteo,xgboost_direct,4.0,24.92763900756836
2023-06-25,2023-06-25 23:00:00,23,lags_meteo,xgboost_direct,15.0,23.332212448120117
2023-06-25,2023-06-26 00:00:00,24,lags_meteo,xgboost_direct,13.0,23.49057388305664
2023-06-26,2023-06-26 01:00:00,1,lags_meteo,xgboost_direct,7.0,14.777729988098145
2023-06-26,2023-06-26 02:00:00,2,lags_meteo,xgboost_direct,11.0,14.973135948181152
2023-06-26,2023-06-26 03:00:00,3,lags_meteo,xgboost_direct,13.0,15.326314926147461
2023-06-26,2023-06-26 04:00:00,4,lags_meteo,xgboost_direct,16.0,14.835183143615723
2023-06-26,2023-06-26 05:00:00,5,lags_meteo,xgboost_direct,11.0,14.702427864074707
2023-06-26,2023-06-26 06:00:00,6,lags_meteo,xgboost_direct,5.0,14.255967140197754
2023-06-26,2023-06-26 07:00:00,7,lags_meteo,xgboost_direct,13.0,15.780306816101074
2023-06-26,2023-06-26 08:00:00,8,lags_meteo,xgboost_direct,20.0,17.150251388549805
2023-06-26,2023-06-26 09:00:00,9,lags_meteo,xgboost_direct,48.0,20.580612182617188
2023-06-26,2023-06-26 10:00:00,10,lags_meteo,xgboost_direct,27.0,22.981630325317383
2023-06-26,2023-06-26 11:00:00,11,lags_meteo,xgboost_direct,15.0,22.857568740844727
2023-06-26,2023-06-26 12:00:00,12,lags_meteo,xgboost_direct,23.0,24.83452033996582
2023-06-26,2023-06-26 13:00:00,13,lags_meteo,xgboost_direct,23.0,25.80243682861328
2023-06-26,2023-06-26 14:00:00,14,lags_meteo,xgboost_direct,25.0,26.29151725769043
2023-06-26,2023-06-26 15:00:00,15,lags_meteo,xgboost_direct,24.0,26.291719436645508
2023-06-26,2023-06-26 16:00:00,16,lags_meteo,xgboost_direct,27.0,27.851533889770508
2023-06-26,2023-06-26 17:00:00,17,lags_meteo,xgboost_direct,14.0,25.232057571411133
2023-06-26,2023-06-26 18:00:00,18,lags_meteo,xgboost_direct,8.0,24.32423973083496
2023-06-26,2023-06-26 19:00:00,19,lags_meteo,xgboost_direct,18.0,23.82168960571289
2023-06-26,2023-06-26 20:00:00,20,lags_meteo,xgboost_direct,11.0,20.18903350830078
2023-06-26,2023-06-26 21:00:00,21,lags_meteo,xgboost_direct,16.0,20.183639526367188
2023-06-26,2023-06-26 22:00:00,22,lags_meteo,xgboost_direct,9.0,20.98314094543457
2023-06-26,2023-06-26 23:00:00,23,lags_meteo,xgboost_direct,40.0,20.317604064941406
2023-06-26,2023-06-27 00:00:00,24,lags_meteo,xgboost_direct,33.0,22.275678634643555
2023-06-27,2023-06-27 01:00:00,1,lags_meteo,xgboost_direct,26.0,29.038509368896484
2023-06-27,2023-06-27 02:00:00,2,lags_meteo,xgboost_direct,27.0,25.56937599182129
2023-06-27,2023-06-27 03:00:00,3,lags_meteo,xgboost_direct,26.0,24.587682723999023
2023-06-27,2023-06-27 04:00:00,4,lags_meteo,xgboost_direct,22.0,25.609607696533203
2023-06-27,2023-06-27 05:00:00,5,lags_meteo,xgboost_direct,20.0,24.80619239807129
2023-06-27,2023-06-27 06:00:00,6,lags_meteo,xgboost_direct,15.0,23.17839241027832
2023-06-27,2023-06-27 07:00:00,7,lags_meteo,xgboost_direct,27.0,23.318511962890625
2023-06-27,2023-06-27 08:00:00,8,lags_meteo,xgboost_direct,18.0,26.784320831298828
2023-06-27,2023-06-27 09:00:00,9,lags_meteo,xgboost_direct,28.0,29.29037857055664
2023-06-27,2023-06-27 10:00:00,10,lags_meteo,xgboost_direct,29.0,30.033538818359375
2023-06-27,2023-06-27 11:00:00,11,lags_meteo,xgboost_direct,26.0,29.836076736450195
2023-06-27,2023-06-27 12:00:00,12,lags_meteo,xgboost_direct,25.0,29.38596534729004
2023-06-27,2023-06-27 13:00:00,13,lags_meteo,xgboost_direct,31.0,29.556861877441406
2023-06-27,2023-06-27 14:00:00,14,lags_meteo,xgboost_direct,33.0,28.27115821838379
2023-06-27,2023-06-27 15:00:00,15,lags_meteo,xgboost_direct,25.0,27.335752487182617
2023-06-27,2023-06-27 16:00:00,16,lags_meteo,xgboost_direct,9.0,27.06627082824707
2023-06-27,2023-06-27 17:00:00,17,lags_meteo,xgboost_direct,17.0,23.27754783630371
2023-06-27,2023-06-27 18:00:00,18,lags_meteo,xgboost_direct,27.0,23.387710571289062
2023-06-27,2023-06-27 19:00:00,19,lags_meteo,xgboost_direct,33.0,29.870655059814453
2023-06-27,2023-06-27 20:00:00,20,lags_meteo,xgboost_direct,33.0,29.51226806640625
2023-06-27,2023-06-27 21:00:00,21,lags_meteo,xgboost_direct,30.0,24.666051864624023
2023-06-27,2023-06-27 22:00:00,22,lags_meteo,xgboost_direct,28.0,27.6539306640625
2023-06-27,2023-06-27 23:00:00,23,lags_meteo,xgboost_direct,24.0,31.875896453857422
2023-06-27,2023-06-28 00:00:00,24,lags_meteo,xgboost_direct,26.0,31.096250534057617
2023-06-28,2023-06-28 01:00:00,1,lags_meteo,xgboost_direct,22.0,24.245641708374023
2023-06-28,2023-06-28 02:00:00,2,lags_meteo,xgboost_direct,22.0,23.82935905456543
2023-06-28,2023-06-28 03:00:00,3,lags_meteo,xgboost_direct,20.0,23.153871536254883
2023-06-28,2023-06-28 04:00:00,4,lags_meteo,xgboost_direct,22.0,21.844738006591797
2023-06-28,2023-06-28 05:00:00,5,lags_meteo,xgboost_direct,23.0,21.960865020751953
2023-06-28,2023-06-28 06:00:00,6,lags_meteo,xgboost_direct,13.0,21.402339935302734
2023-06-28,2023-06-28 07:00:00,7,lags_meteo,xgboost_direct,21.0,22.338058471679688
2023-06-28,2023-06-28 08:00:00,8,lags_meteo,xgboost_direct,31.0,23.722185134887695
2023-06-28,2023-06-28 09:00:00,9,lags_meteo,xgboost_direct,32.0,27.264047622680664
2023-06-28,2023-06-28 10:00:00,10,lags_meteo,xgboost_direct,38.0,27.909343719482422
2023-06-28,2023-06-28 11:00:00,11,lags_meteo,xgboost_direct,27.0,30.3685302734375
2023-06-28,2023-06-28 12:00:00,12,lags_meteo,xgboost_direct,35.0,30.902362823486328
2023-06-28,2023-06-28 13:00:00,13,lags_meteo,xgboost_direct,28.0,31.990713119506836
2023-06-28,2023-06-28 14:00:00,14,lags_meteo,xgboost_direct,25.0,32.92720413208008
2023-06-28,2023-06-28 15:00:00,15,lags_meteo,xgboost_direct,,33.056800842285156
2023-06-28,2023-06-28 16:00:00,16,lags_meteo,xgboost_direct,,32.83293151855469
2023-06-28,2023-06-28 17:00:00,17,lags_meteo,xgboost_direct,,33.20467758178711
2023-06-28,2023-06-28 18:00:00,18,lags_meteo,xgboost_direct,53.0,35.00685501098633
2023-06-28,2023-06-28 19:00:00,19,lags_meteo,xgboost_direct,44.0,34.9227180480957
2023-06-28,2023-06-28 20:00:00,20,lags_meteo,xgboost_direct,40.0,29.564739227294922
2023-06-28,2023-06-28 21:00:00,21,lags_meteo,xgboost_direct,27.0,28.587284088134766
2023-06-28,2023-06-28 22:00:00,22,lags_meteo,xgboost_direct,24.0,25.64241600036621
2023-06-28,2023-06-28 23:00:00,23,lags_meteo,xgboost_direct,24.0,26.221214294433594
2023-06-28,2023-06-29 00:00:00,24,lags_meteo,xgboost_direct,22.0,25.467748641967773
2023-06-29,2023-06-29 01:00:00,1,lags_meteo,xgboost_direct,23.0,26.636802673339844
2023-06-29,2023-06-29 02:00:00,2,lags_meteo,xgboost_direct,41.0,26.576627731323242
2023-06-29,2023-06-29 03:00:00,3,lags_meteo,xgboost_direct,12.0,26.65207862854004
2023-06-29,2023-06-29 04:00:00,4,lags_meteo,xgboost_direct,22.0,25.65021324157715
2023-06-29,2023-06-29 05:00:00,5,lags_meteo,xgboost_direct,23.0,23.937719345092773
2023-06-29,2023-06-29 06:00:00,6,lags_meteo,xgboost_direct,27.0,24.2539005279541
2023-06-29,2023-06-29 07:00:00,7,lags_meteo,xgboost_direct,24.0,26.687517166137695
2023-06-29,2023-06-29 08:00:00,8,lags_meteo,xgboost_direct,3.0,29.62993812561035
2023-06-29,2023-06-29 09:00:00,9,lags_meteo,xgboost_direct,4.0,33.2905387878418
2023-06-29,2023-06-29 10:00:00,10,lags_meteo,xgboost_direct,37.0,35.281005859375
2023-06-29,2023-06-29 11:00:00,11,lags_meteo,xgboost_direct,18.0,36.31972122192383
2023-06-29,2023-06-29 12:00:00,12,lags_meteo,xgboost_direct,13.0,37.59531784057617
2023-06-29,2023-06-29 13:00:00,13,lags_meteo,xgboost_direct,25.0,36.48310089111328
2023-06-29,2023-06-29 14:00:00,14,lags_meteo,xgboost_direct,22.0,36.06449890136719
2023-06-29,2023-06-29 15:00:00,15,lags_meteo,xgboost_direct,28.0,34.177337646484375
2023-06-29,2023-06-29 16:00:00,16,lags_meteo,xgboost_direct,39.0,32.81836700439453
2023-06-29,2023-06-29 17:00:00,17,lags_meteo,xgboost_direct,35.0,32.64657211303711
2023-06-29,2023-06-29 18:00:00,18,lags_meteo,xgboost_direct,30.0,31.07115936279297
2023-06-29,2023-06-29 19:00:00,19,lags_meteo,xgboost_direct,46.0,29.81057357788086
2023-06-29,2023-06-29 20:00:00,20,lags_meteo,xgboost_direct,16.0,28.19266128540039
2023-06-29,2023-06-29 21:00:00,21,lags_meteo,xgboost_direct,17.0,26.255252838134766
2023-06-29,2023-06-29 22:00:00,22,lags_meteo,xgboost_direct,17.0,25.36837387084961
2023-06-29,2023-06-29 23:00:00,23,lags_meteo,xgboost_direct,17.0,24.51897621154785
2023-06-29,2023-06-30 00:00:00,24,lags_meteo,xgboost_direct,1.0,25.661190032958984
2023-06-30,2023-06-30 01:00:00,1,lags_meteo,xgboost_direct,17.0,15.26648998260498
2023-06-30,2023-06-30 02:00:00,2,lags_meteo,xgboost_direct,,14.134310722351074
2023-06-30,2023-06-30 03:00:00,3,lags_meteo,xgboost_direct,,14.494285583496094
2023-06-30,2023-06-30 04:00:00,4,lags_meteo,xgboost_direct,5.0,13.535460472106934
2023-06-30,2023-06-30 05:00:00,5,lags_meteo,xgboost_direct,14.0,14.487367630004883
2023-06-30,2023-06-30 06:00:00,6,lags_meteo,xgboost_direct,13.0,14.830662727355957
2023-06-30,2023-06-30 07:00:00,7,lags_meteo,xgboost_direct,2.0,15.958427429199219
2023-06-30,2023-06-30 08:00:00,8,lags_meteo,xgboost_direct,6.0,17.341373443603516
2023-06-30,2023-06-30 09:00:00,9,lags_meteo,xgboost_direct,28.0,19.254283905029297
2023-06-30,2023-06-30 10:00:00,10,lags_meteo,xgboost_direct,14.0,20.311004638671875
2023-06-30,2023-06-30 11:00:00,11,lags_meteo,xgboost_direct,10.0,20.123804092407227
2023-06-30,2023-06-30 12:00:00,12,lags_meteo,xgboost_direct,10.0,18.980697631835938
2023-06-30,2023-06-30 13:00:00,13,lags_meteo,xgboost_direct,12.0,19.908798217773438
2023-06-30,2023-06-30 14:00:00,14,lags_meteo,xgboost_direct,10.0,19.423057556152344
2023-06-30,2023-06-30 15:00:00,15,lags_meteo,xgboost_direct,18.0,18.74260902404785
2023-06-30,2023-06-30 16:00:00,16,lags_meteo,xgboost_direct,13.0,20.875385284423828
2023-06-30,2023-06-30 17:00:00,17,lags_meteo,xgboost_direct,10.0,21.221445083618164
2023-06-30,2023-06-30 18:00:00,18,lags_meteo,xgboost_direct,13.0,22.846364974975586
2023-06-30,2023-06-30 19:00:00,19,lags_meteo,xgboost_direct,18.0,21.587209701538086
2023-06-30,2023-06-30 20:00:00,20,lags_meteo,xgboost_direct,8.0,19.938264846801758
2023-06-30,2023-06-30 21:00:00,21,lags_meteo,xgboost_direct,23.0,19.61350440979004
2023-06-30,2023-06-30 22:00:00,22,lags_meteo,xgboost_direct,14.0,18.877517700195312
2023-06-30,2023-06-30 23:00:00,23,lags_meteo,xgboost_direct,14.0,18.064834594726562
2023-06-30,2023-07-01 00:00:00,24,lags_meteo,xgboost_direct,17.0,18.2833251953125
2023-07-01,2023-07-01 01:00:00,1,lags_meteo,xgboost_direct,10.0,12.21794319152832
2023-07-01,2023-07-01 02:00:00,2,lags_meteo,xgboost_direct,3.0,11.281937599182129
2023-07-01,2023-07-01 03:00:00,3,lags_meteo,xgboost_direct,8.0,11.423091888427734
2023-07-01,2023-07-01 04:00:00,4,lags_meteo,xgboost_direct,13.0,11.798510551452637
2023-07-01,2023-07-01 05:00:00,5,lags_meteo,xgboost_direct,12.0,12.46387767791748
2023-07-01,2023-07-01 06:00:00,6,lags_meteo,xgboost_direct,18.0,11.743796348571777
2023-07-01,2023-07-01 07:00:00,7,lags_meteo,xgboost_direct,16.0,14.23220157623291
2023-07-01,2023-07-01 08:00:00,8,lags_meteo,xgboost_direct,11.0,15.017099380493164
2023-07-01,2023-07-01 09:00:00,9,lags_meteo,xgboost_direct,14.0,16.194969177246094
2023-07-01,2023-07-01 10:00:00,10,lags_meteo,xgboost_direct,10.0,16.906326293945312
2023-07-01,2023-07-01 11:00:00,11,lags_meteo,xgboost_direct,4.0,16.55303382873535
2023-07-01,2023-07-01 12:00:00,12,lags_meteo,xgboost_direct,8.0,16.460277557373047
2023-07-01,2023-07-01 13:00:00,13,lags_meteo,xgboost_direct,2.0,16.42013931274414
2023-07-01,2023-07-01 14:00:00,14,lags_meteo,xgboost_direct,4.0,16.77301788330078
2023-07-01,2023-07-01 15:00:00,15,lags_meteo,xgboost_direct,6.0,16.201522827148438
2023-07-01,2023-07-01 16:00:00,16,lags_meteo,xgboost_direct,8.0,15.416444778442383
2023-07-01,2023-07-01 17:00:00,17,lags_meteo,xgboost_direct,1.0,15.308802604675293
2023-07-01,2023-07-01 18:00:00,18,lags_meteo,xgboost_direct,9.0,16.240304946899414
2023-07-01,2023-07-01 19:00:00,19,lags_meteo,xgboost_direct,12.0,17.81562614440918
2023-07-01,2023-07-01 20:00:00,20,lags_meteo,xgboost_direct,8.0,18.3409366607666
2023-07-01,2023-07-01 21:00:00,21,lags_meteo,xgboost_direct,8.0,18.153453826904297
2023-07-01,2023-07-01 22:00:00,22,lags_meteo,xgboost_direct,8.0,17.58307456970215
2023-07-01,2023-07-01 23:00:00,23,lags_meteo,xgboost_direct,13.0,16.398603439331055
2023-07-01,2023-07-02 00:00:00,24,lags_meteo,xgboost_direct,15.0,15.896775245666504
2023-07-02,2023-07-02 01:00:00,1,lags_meteo,xgboost_direct,10.0,11.042647361755371
2023-07-02,2023-07-02 02:00:00,2,lags_meteo,xgboost_direct,9.0,9.902556419372559
2023-07-02,2023-07-02 03:00:00,3,lags_meteo,xgboost_direct,6.0,9.467120170593262
2023-07-02,2023-07-02 04:00:00,4,lags_meteo,xgboost_direct,12.0,9.99046802520752
2023-07-02,2023-07-02 05:00:00,5,lags_meteo,xgboost_direct,3.0,9.242671966552734
2023-07-02,2023-07-02 06:00:00,6,lags_meteo,xgboost_direct,17.0,9.901198387145996
2023-07-02,2023-07-02 07:00:00,7,lags_meteo,xgboost_direct,7.0,9.979748725891113
2023-07-02,2023-07-02 08:00:00,8,lags_meteo,xgboost_direct,11.0,11.86654281616211
2023-07-02,2023-07-02 09:00:00,9,lags_meteo,xgboost_direct,1.0,13.503498077392578
2023-07-02,2023-07-02 10:00:00,10,lags_meteo,xgboost_direct,13.0,13.217428207397461
2023-07-02,2023-07-02 11:00:00,11,lags_meteo,xgboost_direct,12.0,13.663873672485352
2023-07-02,2023-07-02 12:00:00,12,lags_meteo,xgboost_direct,11.0,13.684274673461914
2023-07-02,2023-07-02 13:00:00,13,lags_meteo,xgboost_direct,9.0,14.113136291503906
2023-07-02,2023-07-02 14:00:00,14,lags_meteo,xgboost_direct,7.0,15.74418830871582
2023-07-02,2023-07-02 15:00:00,15,lags_meteo,xgboost_direct,8.0,15.569160461425781
2023-07-02,2023-07-02 16:00:00,16,lags_meteo,xgboost_direct,10.0,15.959948539733887
2023-07-02,2023-07-02 17:00:00,17,lags_meteo,xgboost_direct,7.0,15.610847473144531
2023-07-02,2023-07-02 18:00:00,18,lags_meteo,xgboost_direct,7.0,17.094541549682617
2023-07-02,2023-07-02 19:00:00,19,lags_meteo,xgboost_direct,8.0,18.284317016601562
2023-07-02,2023-07-02 20:00:00,20,lags_meteo,xgboost_direct,13.0,15.46375560760498
2023-07-02,2023-07-02 21:00:00,21,lags_meteo,xgboost_direct,12.0,15.21600341796875
2023-07-02,2023-07-02 22:00:00,22,lags_meteo,xgboost_direct,15.0,15.669404983520508
2023-07-02,2023-07-02 23:00:00,23,lags_meteo,xgboost_direct,16.0,15.22932243347168
2023-07-02,2023-07-03 00:00:00,24,lags_meteo,xgboost_direct,15.0,16.312788009643555
2023-07-03,2023-07-03 01:00:00,1,lags_meteo,xgboost_direct,12.0,13.661629676818848
2023-07-03,2023-07-03 02:00:00,2,lags_meteo,xgboost_direct,5.0,13.873196601867676
2023-07-03,2023-07-03 03:00:00,3,lags_meteo,xgboost_direct,14.0,13.307547569274902
2023-07-03,2023-07-03 04:00:00,4,lags_meteo,xgboost_direct,12.0,13.018470764160156
2023-07-03,2023-07-03 05:00:00,5,lags_meteo,xgboost_direct,1.0,13.50423812866211
2023-07-03,2023-07-03 06:00:00,6,lags_meteo,xgboost_direct,10.0,13.032411575317383
2023-07-03,2023-07-03 07:00:00,7,lags_meteo,xgboost_direct,16.0,13.71776294708252
2023-07-03,2023-07-03 08:00:00,8,lags_meteo,xgboost_direct,9.0,15.605165481567383
2023-07-03,2023-07-03 09:00:00,9,lags_meteo,xgboost_direct,24.0,18.483022689819336
2023-07-03,2023-07-03 10:00:00,10,lags_meteo,xgboost_direct,20.0,19.528976440429688
2023-07-03,2023-07-03 11:00:00,11,lags_meteo,xgboost_direct,18.0,20.405527114868164
2023-07-03,2023-07-03 12:00:00,12,lags_meteo,xgboost_direct,19.0,20.84149742126465
2023-07-03,2023-07-03 13:00:00,13,lags_meteo,xgboost_direct,22.0,19.43988800048828
2023-07-03,2023-07-03 14:00:00,14,lags_meteo,xgboost_direct,18.0,18.252147674560547
2023-07-03,2023-07-03 15:00:00,15,lags_meteo,xgboost_direct,20.0,18.1060733795166
2023-07-03,2023-07-03 16:00:00,16,lags_meteo,xgboost_direct,20.0,17.907217025756836
2023-07-03,2023-07-03 17:00:00,17,lags_meteo,xgboost_direct,14.0,18.114171981811523
2023-07-03,2023-07-03 18:00:00,18,lags_meteo,xgboost_direct,10.0,17.65768051147461
2023-07-03,2023-07-03 19:00:00,19,lags_meteo,xgboost_direct,2.0,16.87232780456543
2023-07-03,2023-07-03 20:00:00,20,lags_meteo,xgboost_direct,10.0,17.12443733215332
2023-07-03,2023-07-03 21:00:00,21,lags_meteo,xgboost_direct,11.0,18.415882110595703
2023-07-03,2023-07-03 22:00:00,22,lags_meteo,xgboost_direct,9.0,18.30094337463379
2023-07-03,2023-07-03 23:00:00,23,lags_meteo,xgboost_direct,15.0,18.36635398864746
2023-07-03,2023-07-04 00:00:00,24,lags_meteo,xgboost_direct,12.0,18.318635940551758
2023-07-04,2023-07-04 01:00:00,1,lags_meteo,xgboost_direct,15.0,14.200993537902832
2023-07-04,2023-07-04 02:00:00,2,lags_meteo,xgboost_direct,20.0,13.968732833862305
2023-07-04,2023-07-04 03:00:00,3,lags_meteo,xgboost_direct,16.0,13.859461784362793
2023-07-04,2023-07-04 04:00:00,4,lags_meteo,xgboost_direct,17.0,13.69654369354248
2023-07-04,2023-07-04 05:00:00,5,lags_meteo,xgboost_direct,13.0,13.53472900390625
2023-07-04,2023-07-04 06:00:00,6,lags_meteo,xgboost_direct,9.0,13.47964096069336
2023-07-04,2023-07-04 07:00:00,7,lags_meteo,xgboost_direct,13.0,13.75596809387207
2023-07-04,2023-07-04 08:00:00,8,lags_meteo,xgboost_direct,11.0,16.514116287231445
2023-07-04,2023-07-04 09:00:00,9,lags_meteo,xgboost_direct,36.0,20.164649963378906
2023-07-04,2023-07-04 10:00:00,10,lags_meteo,xgboost_direct,18.0,20.675128936767578
2023-07-04,2023-07-04 11:00:00,11,lags_meteo,xgboost_direct,14.0,20.58533477783203
2023-07-04,2023-07-04 12:00:00,12,lags_meteo,xgboost_direct,12.0,21.738697052001953
2023-07-04,2023-07-04 13:00:00,13,lags_meteo,xgboost_direct,17.0,21.1749324798584
2023-07-04,2023-07-04 14:00:00,14,lags_meteo,xgboost_direct,21.0,19.431541442871094
2023-07-04,2023-07-04 15:00:00,15,lags_meteo,xgboost_direct,11.0,18.195201873779297
2023-07-04,2023-07-04 16:00:00,16,lags_meteo,xgboost_direct,10.0,16.926864624023438
2023-07-04,2023-07-04 17:00:00,17,lags_meteo,xgboost_direct,11.0,15.691490173339844
2023-07-04,2023-07-04 18:00:00,18,lags_meteo,xgboost_direct,16.0,15.998725891113281
2023-07-04,2023-07-04 19:00:00,19,lags_meteo,xgboost_direct,16.0,15.128613471984863
2023-07-04,2023-07-04 20:00:00,20,lags_meteo,xgboost_direct,13.0,14.963119506835938
2023-07-04,2023-07-04 21:00:00,21,lags_meteo,xgboost_direct,12.0,15.994384765625
2023-07-04,2023-07-04 22:00:00,22,lags_meteo,xgboost_direct,14.0,15.831571578979492
2023-07-04,2023-07-04 23:00:00,23,lags_meteo,xgboost_direct,19.0,17.45749855041504
2023-07-04,2023-07-05 00:00:00,24,lags_meteo,xgboost_direct,18.0,16.926616668701172
2023-07-05,2023-07-05 01:00:00,1,lags_meteo,xgboost_direct,15.0,14.885026931762695
2023-07-05,2023-07-05 02:00:00,2,lags_meteo,xgboost_direct,18.0,14.202570915222168
2023-07-05,2023-07-05 03:00:00,3,lags_meteo,xgboost_direct,11.0,13.647747039794922
2023-07-05,2023-07-05 04:00:00,4,lags_meteo,xgboost_direct,11.0,13.5234375
2023-07-05,2023-07-05 05:00:00,5,lags_meteo,xgboost_direct,14.0,14.309152603149414
2023-07-05,2023-07-05 06:00:00,6,lags_meteo,xgboost_direct,18.0,13.966403007507324
2023-07-05,2023-07-05 07:00:00,7,lags_meteo,xgboost_direct,21.0,14.760315895080566
2023-07-05,2023-07-05 08:00:00,8,lags_meteo,xgboost_direct,18.0,16.440412521362305
2023-07-05,2023-07-05 09:00:00,9,lags_meteo,xgboost_direct,31.0,19.069637298583984
2023-07-05,2023-07-05 10:00:00,10,lags_meteo,xgboost_direct,21.0,21.099756240844727
2023-07-05,2023-07-05 11:00:00,11,lags_meteo,xgboost_direct,23.0,21.924362182617188
2023-07-05,2023-07-05 12:00:00,12,lags_meteo,xgboost_direct,9.0,20.772275924682617
2023-07-05,2023-07-05 13:00:00,13,lags_meteo,xgboost_direct,15.0,20.694425582885742
2023-07-05,2023-07-05 14:00:00,14,lags_meteo,xgboost_direct,28.0,20.586084365844727
2023-07-05,2023-07-05 15:00:00,15,lags_meteo,xgboost_direct,28.0,19.61138343811035
2023-07-05,2023-07-05 16:00:00,16,lags_meteo,xgboost_direct,32.0,19.791913986206055
2023-07-05,2023-07-05 17:00:00,17,lags_meteo,xgboost_direct,20.0,19.297685623168945
2023-07-05,2023-07-05 18:00:00,18,lags_meteo,xgboost_direct,15.0,18.857547760009766
2023-07-05,2023-07-05 19:00:00,19,lags_meteo,xgboost_direct,16.0,18.245737075805664
2023-07-05,2023-07-05 20:00:00,20,lags_meteo,xgboost_direct,22.0,18.991117477416992
2023-07-05,2023-07-05 21:00:00,21,lags_meteo,xgboost_direct,25.0,18.859933853149414
2023-07-05,2023-07-05 22:00:00,22,lags_meteo,xgboost_direct,29.0,17.904815673828125
2023-07-05,2023-07-05 23:00:00,23,lags_meteo,xgboost_direct,26.0,18.0794620513916
2023-07-05,2023-07-06 00:00:00,24,lags_meteo,xgboost_direct,22.0,18.49515724182129
2023-07-06,2023-07-06 01:00:00,1,lags_meteo,xgboost_direct,30.0,22.170806884765625
2023-07-06,2023-07-06 02:00:00,2,lags_meteo,xgboost_direct,37.0,20.154212951660156
2023-07-06,2023-07-06 03:00:00,3,lags_meteo,xgboost_direct,32.0,20.37053871154785
2023-07-06,2023-07-06 04:00:00,4,lags_meteo,xgboost_direct,42.0,19.6862850189209
2023-07-06,2023-07-06 05:00:00,5,lags_meteo,xgboost_direct,26.0,18.030616760253906
2023-07-06,2023-07-06 06:00:00,6,lags_meteo,xgboost_direct,18.0,18.252683639526367
2023-07-06,2023-07-06 07:00:00,7,lags_meteo,xgboost_direct,28.0,19.7175350189209
2023-07-06,2023-07-06 08:00:00,8,lags_meteo,xgboost_direct,19.0,21.93647003173828
2023-07-06,2023-07-06 09:00:00,9,lags_meteo,xgboost_direct,33.0,22.976898193359375
2023-07-06,2023-07-06 10:00:00,10,lags_meteo,xgboost_direct,26.0,24.27985191345215
2023-07-06,2023-07-06 11:00:00,11,lags_meteo,xgboost_direct,34.0,24.175973892211914
2023-07-06,2023-07-06 12:00:00,12,lags_meteo,xgboost_direct,33.0,23.83558464050293
2023-07-06,2023-07-06 13:00:00,13,lags_meteo,xgboost_direct,22.0,22.641141891479492
2023-07-06,2023-07-06 14:00:00,14,lags_meteo,xgboost_direct,36.0,21.227264404296875
2023-07-06,2023-07-06 15:00:00,15,lags_meteo,xgboost_direct,32.0,20.824609756469727
2023-07-06,2023-07-06 16:00:00,16,lags_meteo,xgboost_direct,20.0,21.178560256958008
2023-07-06,2023-07-06 17:00:00,17,lags_meteo,xgboost_direct,13.0,20.854639053344727
2023-07-06,2023-07-06 18:00:00,18,lags_meteo,xgboost_direct,19.0,20.939987182617188
2023-07-06,2023-07-06 19:00:00,19,lags_meteo,xgboost_direct,18.0,21.473356246948242
2023-07-06,2023-07-06 20:00:00,20,lags_meteo,xgboost_direct,13.0,21.872364044189453
2023-07-06,2023-07-06 21:00:00,21,lags_meteo,xgboost_direct,11.0,22.818458557128906
2023-07-06,2023-07-06 22:00:00,22,lags_meteo,xgboost_direct,22.0,22.271696090698242
2023-07-06,2023-07-06 23:00:00,23,lags_meteo,xgboost_direct,24.0,21.344768524169922
2023-07-06,2023-07-07 00:00:00,24,lags_meteo,xgboost_direct,23.0,20.67777442932129
2023-07-07,2023-07-07 01:00:00,1,lags_meteo,xgboost_direct,16.0,23.82612419128418
2023-07-07,2023-07-07 02:00:00,2,lags_meteo,xgboost_direct,26.0,23.545284271240234
2023-07-07,2023-07-07 03:00:00,3,lags_meteo,xgboost_direct,20.0,22.696989059448242
2023-07-07,2023-07-07 04:00:00,4,lags_meteo,xgboost_direct,24.0,20.892080307006836
2023-07-07,2023-07-07 05:00:00,5,lags_meteo,xgboost_direct,17.0,19.886751174926758
2023-07-07,2023-07-07 06:00:00,6,lags_meteo,xgboost_direct,16.0,20.96821403503418
2023-07-07,2023-07-07 07:00:00,7,lags_meteo,xgboost_direct,17.0,21.569137573242188
2023-07-07,2023-07-07 08:00:00,8,lags_meteo,xgboost_direct,18.0,24.30779457092285
2023-07-07,2023-07-07 09:00:00,9,lags_meteo,xgboost_direct,10.0,27.802921295166016
2023-07-07,2023-07-07 10:00:00,10,lags_meteo,xgboost_direct,22.0,30.046913146972656
2023-07-07,2023-07-07 11:00:00,11,lags_meteo,xgboost_direct,24.0,29.486072540283203
2023-07-07,2023-07-07 12:00:00,12,lags_meteo,xgboost_direct,24.0,29.797653198242188
2023-07-07,2023-07-07 13:00:00,13,lags_meteo,xgboost_direct,24.0,28.5875244140625
2023-07-07,2023-07-07 14:00:00,14,lags_meteo,xgboost_direct,17.0,26.218154907226562
2023-07-07,2023-07-07 15:00:00,15,lags_meteo,xgboost_direct,29.0,25.41234016418457
2023-07-07,2023-07-07 16:00:00,16,lags_meteo,xgboost_direct,25.0,25.04927635192871
2023-07-07,2023-07-07 17:00:00,17,lags_meteo,xgboost_direct,21.0,23.83362579345703
2023-07-07,2023-07-07 18:00:00,18,lags_meteo,xgboost_direct,24.0,21.49566078186035
2023-07-07,2023-07-07 19:00:00,19,lags_meteo,xgboost_direct,17.0,19.816024780273438
2023-07-07,2023-07-07 20:00:00,20,lags_meteo,xgboost_direct,13.0,19.366796493530273
2023-07-07,2023-07-07 21:00:00,21,lags_meteo,xgboost_direct,28.0,20.531896591186523
2023-07-07,2023-07-07 22:00:00,22,lags_meteo,xgboost_direct,26.0,18.984373092651367
2023-07-07,2023-07-07 23:00:00,23,lags_meteo,xgboost_direct,23.0,21.089391708374023
2023-07-07,2023-07-08 00:00:00,24,lags_meteo,xgboost_direct,23.0,18.31313133239746
2023-07-08,2023-07-08 01:00:00,1,lags_meteo,xgboost_direct,28.0,23.99462127685547
2023-07-08,2023-07-08 02:00:00,2,lags_meteo,xgboost_direct,16.0,22.56167221069336
2023-07-08,2023-07-08 03:00:00,3,lags_meteo,xgboost_direct,22.0,21.099441528320312
2023-07-08,2023-07-08 04:00:00,4,lags_meteo,xgboost_direct,20.0,20.914953231811523
2023-07-08,2023-07-08 05:00:00,5,lags_meteo,xgboost_direct,16.0,20.961606979370117
2023-07-08,2023-07-08 06:00:00,6,lags_meteo,xgboost_direct,17.0,20.359214782714844
2023-07-08,2023-07-08 07:00:00,7,lags_meteo,xgboost_direct,23.0,21.755950927734375
2023-07-08,2023-07-08 08:00:00,8,lags_meteo,xgboost_direct,21.0,21.171977996826172
2023-07-08,2023-07-08 09:00:00,9,lags_meteo,xgboost_direct,15.0,23.29227066040039
2023-07-08,2023-07-08 10:00:00,10,lags_meteo,xgboost_direct,7.0,23.859066009521484
2023-07-08,2023-07-08 11:00:00,11,lags_meteo,xgboost_direct,10.0,25.434938430786133
2023-07-08,2023-07-08 12:00:00,12,lags_meteo,xgboost_direct,27.0,26.105337142944336
2023-07-08,2023-07-08 13:00:00,13,lags_meteo,xgboost_direct,15.0,26.45901870727539
2023-07-08,2023-07-08 14:00:00,14,lags_meteo,xgboost_direct,8.0,26.040664672851562
2023-07-08,2023-07-08 15:00:00,15,lags_meteo,xgboost_direct,7.0,26.845108032226562
2023-07-08,2023-07-08 16:00:00,16,lags_meteo,xgboost_direct,3.0,26.41286849975586
2023-07-08,2023-07-08 17:00:00,17,lags_meteo,xgboost_direct,14.0,26.297101974487305
2023-07-08,2023-07-08 18:00:00,18,lags_meteo,xgboost_direct,9.0,25.24896240234375
2023-07-08,2023-07-08 19:00:00,19,lags_meteo,xgboost_direct,16.0,25.924345016479492
2023-07-08,2023-07-08 20:00:00,20,lags_meteo,xgboost_direct,12.0,24.945951461791992
2023-07-08,2023-07-08 21:00:00,21,lags_meteo,xgboost_direct,12.0,24.295408248901367
2023-07-08,2023-07-08 22:00:00,22,lags_meteo,xgboost_direct,17.0,24.07064437866211
2023-07-08,2023-07-08 23:00:00,23,lags_meteo,xgboost_direct,15.0,23.33982276916504
2023-07-08,2023-07-09 00:00:00,24,lags_meteo,xgboost_direct,14.0,23.61494255065918
2023-07-09,2023-07-09 01:00:00,1,lags_meteo,xgboost_direct,19.0,15.469524383544922
2023-07-09,2023-07-09 02:00:00,2,lags_meteo,xgboost_direct,13.0,15.044923782348633
2023-07-09,2023-07-09 03:00:00,3,lags_meteo,xgboost_direct,14.0,15.233716011047363
2023-07-09,2023-07-09 04:00:00,4,lags_meteo,xgboost_direct,17.0,14.265154838562012
2023-07-09,2023-07-09 05:00:00,5,lags_meteo,xgboost_direct,26.0,13.777339935302734
2023-07-09,2023-07-09 06:00:00,6,lags_meteo,xgboost_direct,34.0,14.288769721984863
2023-07-09,2023-07-09 07:00:00,7,lags_meteo,xgboost_direct,18.0,13.764397621154785
2023-07-09,2023-07-09 08:00:00,8,lags_meteo,xgboost_direct,19.0,15.669624328613281
2023-07-09,2023-07-09 09:00:00,9,lags_meteo,xgboost_direct,14.0,18.91504669189453
2023-07-09,2023-07-09 10:00:00,10,lags_meteo,xgboost_direct,12.0,21.046350479125977
2023-07-09,2023-07-09 11:00:00,11,lags_meteo,xgboost_direct,11.0,22.092763900756836
2023-07-09,2023-07-09 12:00:00,12,lags_meteo,xgboost_direct,11.0,22.798582077026367
2023-07-09,2023-07-09 13:00:00,13,lags_meteo,xgboost_direct,6.0,21.53015899658203
2023-07-09,2023-07-09 14:00:00,14,lags_meteo,xgboost_direct,23.0,20.76512908935547
2023-07-09,2023-07-09 15:00:00,15,lags_meteo,xgboost_direct,24.0,18.62106704711914
2023-07-09,2023-07-09 16:00:00,16,lags_meteo,xgboost_direct,4.0,17.59215545654297
2023-07-09,2023-07-09 17:00:00,17,lags_meteo,xgboost_direct,12.0,17.013986587524414
2023-07-09,2023-07-09 18:00:00,18,lags_meteo,xgboost_direct,2.0,17.77268409729004
2023-07-09,2023-07-09 19:00:00,19,lags_meteo,xgboost_direct,11.0,17.09839630126953
2023-07-09,2023-07-09 20:00:00,20,lags_meteo,xgboost_direct,10.0,17.284753799438477
2023-07-09,2023-07-09 21:00:00,21,lags_meteo,xgboost_direct,9.0,18.227882385253906
2023-07-09,2023-07-09 22:00:00,22,lags_meteo,xgboost_direct,14.0,19.61648178100586
2023-07-09,2023-07-09 23:00:00,23,lags_meteo,xgboost_direct,13.0,19.52981948852539
2023-07-09,2023-07-10 00:00:00,24,lags_meteo,xgboost_direct,15.0,20.11835479736328
2023-07-10,2023-07-10 01:00:00,1,lags_meteo,xgboost_direct,16.0,13.245694160461426
2023-07-10,2023-07-10 02:00:00,2,lags_meteo,xgboost_direct,19.0,12.489941596984863
2023-07-10,2023-07-10 03:00:00,3,lags_meteo,xgboost_direct,19.0,12.130457878112793
2023-07-10,2023-07-10 04:00:00,4,lags_meteo,xgboost_direct,27.0,12.728321075439453
2023-07-10,2023-07-10 05:00:00,5,lags_meteo,xgboost_direct,13.0,12.012834548950195
2023-07-10,2023-07-10 06:00:00,6,lags_meteo,xgboost_direct,11.0,12.342633247375488
2023-07-10,2023-07-10 07:00:00,7,lags_meteo,xgboost_direct,17.0,12.53485107421875
2023-07-10,2023-07-10 08:00:00,8,lags_meteo,xgboost_direct,24.0,14.854294776916504
2023-07-10,2023-07-10 09:00:00,9,lags_meteo,xgboost_direct,21.0,17.348594665527344
2023-07-10,2023-07-10 10:00:00,10,lags_meteo,xgboost_direct,17.0,18.41435432434082
2023-07-10,2023-07-10 11:00:00,11,lags_meteo,xgboost_direct,13.0,18.25617790222168
2023-07-10,2023-07-10 12:00:00,12,lags_meteo,xgboost_direct,22.0,18.648530960083008
2023-07-10,2023-07-10 13:00:00,13,lags_meteo,xgboost_direct,47.0,17.933870315551758
2023-07-10,2023-07-10 14:00:00,14,lags_meteo,xgboost_direct,21.0,16.852243423461914
2023-07-10,2023-07-10 15:00:00,15,lags_meteo,xgboost_direct,40.0,17.541414260864258
2023-07-10,2023-07-10 16:00:00,16,lags_meteo,xgboost_direct,23.0,16.232215881347656
2023-07-10,2023-07-10 17:00:00,17,lags_meteo,xgboost_direct,11.0,16.40992546081543
2023-07-10,2023-07-10 18:00:00,18,lags_meteo,xgboost_direct,23.0,15.701375961303711
2023-07-10,2023-07-10 19:00:00,19,lags_meteo,xgboost_direct,28.0,16.446691513061523
2023-07-10,2023-07-10 20:00:00,20,lags_meteo,xgboost_direct,24.0,17.051000595092773
2023-07-10,2023-07-10 21:00:00,21,lags_meteo,xgboost_direct,29.0,16.960477828979492
2023-07-10,2023-07-10 22:00:00,22,lags_meteo,xgboost_direct,28.0,16.71538734436035
2023-07-10,2023-07-10 23:00:00,23,lags_meteo,xgboost_direct,29.0,16.4047908782959
2023-07-10,2023-07-11 00:00:00,24,lags_meteo,xgboost_direct,31.0,18.10025978088379
2023-07-11,2023-07-11 01:00:00,1,lags_meteo,xgboost_direct,34.0,25.1983642578125
2023-07-11,2023-07-11 02:00:00,2,lags_meteo,xgboost_direct,38.0,24.08539390563965
2023-07-11,2023-07-11 03:00:00,3,lags_meteo,xgboost_direct,34.0,22.97789192199707
2023-07-11,2023-07-11 04:00:00,4,lags_meteo,xgboost_direct,26.0,24.491315841674805
2023-07-11,2023-07-11 05:00:00,5,lags_meteo,xgboost_direct,21.0,23.698476791381836
2023-07-11,2023-07-11 06:00:00,6,lags_meteo,xgboost_direct,31.0,23.360116958618164
2023-07-11,2023-07-11 07:00:00,7,lags_meteo,xgboost_direct,34.0,25.515697479248047
2023-07-11,2023-07-11 08:00:00,8,lags_meteo,xgboost_direct,39.0,26.488210678100586
2023-07-11,2023-07-11 09:00:00,9,lags_meteo,xgboost_direct,53.0,27.59195327758789
2023-07-11,2023-07-11 10:00:00,10,lags_meteo,xgboost_direct,69.0,29.21127700805664
2023-07-11,2023-07-11 11:00:00,11,lags_meteo,xgboost_direct,68.0,30.504535675048828
2023-07-11,2023-07-11 12:00:00,12,lags_meteo,xgboost_direct,45.0,30.299991607666016
2023-07-11,2023-07-11 13:00:00,13,lags_meteo,xgboost_direct,38.0,30.84828758239746
2023-07-11,2023-07-11 14:00:00,14,lags_meteo,xgboost_direct,40.0,30.74302864074707
2023-07-11,2023-07-11 15:00:00,15,lags_meteo,xgboost_direct,24.0,29.10447120666504
2023-07-11,2023-07-11 16:00:00,16,lags_meteo,xgboost_direct,31.0,31.042434692382812
2023-07-11,2023-07-11 17:00:00,17,lags_meteo,xgboost_direct,41.0,32.29240036010742
2023-07-11,2023-07-11 18:00:00,18,lags_meteo,xgboost_direct,33.0,33.800872802734375
2023-07-11,2023-07-11 19:00:00,19,lags_meteo,xgboost_direct,21.0,33.251834869384766
2023-07-11,2023-07-11 20:00:00,20,lags_meteo,xgboost_direct,16.0,34.33199691772461
2023-07-11,2023-07-11 21:00:00,21,lags_meteo,xgboost_direct,17.0,37.322975158691406
2023-07-11,2023-07-11 22:00:00,22,lags_meteo,xgboost_direct,16.0,33.716087341308594
2023-07-11,2023-07-11 23:00:00,23,lags_meteo,xgboost_direct,14.0,33.89410400390625
2023-07-11,2023-07-12 00:00:00,24,lags_meteo,xgboost_direct,23.0,31.713993072509766
2023-07-12,2023-07-12 01:00:00,1,lags_meteo,xgboost_direct,18.0,17.718029022216797
2023-07-12,2023-07-12 02:00:00,2,lags_meteo,xgboost_direct,15.0,17.968860626220703
2023-07-12,2023-07-12 03:00:00,3,lags_meteo,xgboost_direct,8.0,17.999711990356445
2023-07-12,2023-07-12 04:00:00,4,lags_meteo,xgboost_direct,15.0,18.12584686279297
2023-07-12,2023-07-12 05:00:00,5,lags_meteo,xgboost_direct,20.0,18.201292037963867
2023-07-12,2023-07-12 06:00:00,6,lags_meteo,xgboost_direct,18.0,20.028108596801758
2023-07-12,2023-07-12 07:00:00,7,lags_meteo,xgboost_direct,15.0,21.190153121948242
2023-07-12,2023-07-12 08:00:00,8,lags_meteo,xgboost_direct,15.0,24.746519088745117
2023-07-12,2023-07-12 09:00:00,9,lags_meteo,xgboost_direct,21.0,28.546903610229492
2023-07-12,2023-07-12 10:00:00,10,lags_meteo,xgboost_direct,22.0,27.768455505371094
2023-07-12,2023-07-12 11:00:00,11,lags_meteo,xgboost_direct,28.0,26.78678321838379
2023-07-12,2023-07-12 12:00:00,12,lags_meteo,xgboost_direct,21.0,29.781578063964844
2023-07-12,2023-07-12 13:00:00,13,lags_meteo,xgboost_direct,22.0,29.151512145996094
2023-07-12,2023-07-12 14:00:00,14,lags_meteo,xgboost_direct,2.0,29.595703125
2023-07-12,2023-07-12 15:00:00,15,lags_meteo,xgboost_direct,1.0,27.35858154296875
2023-07-12,2023-07-12 16:00:00,16,lags_meteo,xgboost_direct,7.0,28.350587844848633
2023-07-12,2023-07-12 17:00:00,17,lags_meteo,xgboost_direct,14.0,28.59373664855957
2023-07-12,2023-07-12 18:00:00,18,lags_meteo,xgboost_direct,9.0,27.46941375732422
2023-07-12,2023-07-12 19:00:00,19,lags_meteo,xgboost_direct,17.0,24.89415740966797
2023-07-12,2023-07-12 20:00:00,20,lags_meteo,xgboost_direct,2.0,26.284700393676758
2023-07-12,2023-07-12 21:00:00,21,lags_meteo,xgboost_direct,11.0,24.12610626220703
2023-07-12,2023-07-12 22:00:00,22,lags_meteo,xgboost_direct,23.0,21.68553352355957
2023-07-12,2023-07-12 23:00:00,23,lags_meteo,xgboost_direct,13.0,20.30958366394043
2023-07-12,2023-07-13 00:00:00,24,lags_meteo,xgboost_direct,14.0,21.68290138244629
2023-07-13,2023-07-13 01:00:00,1,lags_meteo,xgboost_direct,4.0,13.340765953063965
2023-07-13,2023-07-13 02:00:00,2,lags_meteo,xgboost_direct,2.0,13.471010208129883
2023-07-13,2023-07-13 03:00:00,3,lags_meteo,xgboost_direct,6.0,12.979549407958984
2023-07-13,2023-07-13 04:00:00,4,lags_meteo,xgboost_direct,5.0,12.728104591369629
2023-07-13,2023-07-13 05:00:00,5,lags_meteo,xgboost_direct,17.0,13.330860137939453
2023-07-13,2023-07-13 06:00:00,6,lags_meteo,xgboost_direct,5.0,13.554341316223145
2023-07-13,2023-07-13 07:00:00,7,lags_meteo,xgboost_direct,16.0,14.122823715209961
2023-07-13,2023-07-13 08:00:00,8,lags_meteo,xgboost_direct,23.0,15.881305694580078
2023-07-13,2023-07-13 09:00:00,9,lags_meteo,xgboost_direct,16.0,19.377830505371094
2023-07-13,2023-07-13 10:00:00,10,lags_meteo,xgboost_direct,23.0,21.30411720275879
2023-07-13,2023-07-13 11:00:00,11,lags_meteo,xgboost_direct,32.0,21.96986198425293
2023-07-13,2023-07-13 12:00:00,12,lags_meteo,xgboost_direct,12.0,22.256059646606445
2023-07-13,2023-07-13 13:00:00,13,lags_meteo,xgboost_direct,10.0,21.785860061645508
2023-07-13,2023-07-13 14:00:00,14,lags_meteo,xgboost_direct,25.0,20.741352081298828
2023-07-13,2023-07-13 15:00:00,15,lags_meteo,xgboost_direct,13.0,18.764795303344727
2023-07-13,2023-07-13 16:00:00,16,lags_meteo,xgboost_direct,12.0,17.463335037231445
2023-07-13,2023-07-13 17:00:00,17,lags_meteo,xgboost_direct,8.0,16.37726402282715
2023-07-13,2023-07-13 18:00:00,18,lags_meteo,xgboost_direct,8.0,15.842170715332031
2023-07-13,2023-07-13 19:00:00,19,lags_meteo,xgboost_direct,5.0,16.94355583190918
2023-07-13,2023-07-13 20:00:00,20,lags_meteo,xgboost_direct,9.0,17.238435745239258
2023-07-13,2023-07-13 21:00:00,21,lags_meteo,xgboost_direct,14.0,18.319639205932617
2023-07-13,2023-07-13 22:00:00,22,lags_meteo,xgboost_direct,15.0,18.109769821166992
2023-07-13,2023-07-13 23:00:00,23,lags_meteo,xgboost_direct,17.0,19.167522430419922
2023-07-13,2023-07-14 00:00:00,24,lags_meteo,xgboost_direct,17.0,19.784849166870117
2023-07-14,2023-07-14 01:00:00,1,lags_meteo,xgboost_direct,13.0,14.31542682647705
2023-07-14,2023-07-14 02:00:00,2,lags_meteo,xgboost_direct,15.0,13.498091697692871
2023-07-14,2023-07-14 03:00:00,3,lags_meteo,xgboost_direct,22.0,12.890093803405762
2023-07-14,2023-07-14 04:00:00,4,lags_meteo,xgboost_direct,17.0,12.722006797790527
2023-07-14,2023-07-14 05:00:00,5,lags_meteo,xgboost_direct,31.0,13.219018936157227
2023-07-14,2023-07-14 06:00:00,6,lags_meteo,xgboost_direct,20.0,13.164520263671875
2023-07-14,2023-07-14 07:00:00,7,lags_meteo,xgboost_direct,22.0,13.825296401977539
2023-07-14,2023-07-14 08:00:00,8,lags_meteo,xgboost_direct,21.0,16.796241760253906
2023-07-14,2023-07-14 09:00:00,9,lags_meteo,xgboost_direct,51.0,19.365293502807617
2023-07-14,2023-07-14 10:00:00,10,lags_meteo,xgboost_direct,43.0,20.186193466186523
2023-07-14,2023-07-14 11:00:00,11,lags_meteo,xgboost_direct,40.0,19.502582550048828
2023-07-14,2023-07-14 12:00:00,12,lags_meteo,xgboost_direct,23.0,19.43574333190918
2023-07-14,2023-07-14 13:00:00,13,lags_meteo,xgboost_direct,10.0,18.34860610961914
2023-07-14,2023-07-14 14:00:00,14,lags_meteo,xgboost_direct,23.0,18.49015998840332
2023-07-14,2023-07-14 15:00:00,15,lags_meteo,xgboost_direct,15.0,18.350196838378906
2023-07-14,2023-07-14 16:00:00,16,lags_meteo,xgboost_direct,12.0,19.273731231689453
2023-07-14,2023-07-14 17:00:00,17,lags_meteo,xgboost_direct,24.0,19.042369842529297
2023-07-14,2023-07-14 18:00:00,18,lags_meteo,xgboost_direct,30.0,19.596622467041016
2023-07-14,2023-07-14 19:00:00,19,lags_meteo,xgboost_direct,15.0,18.499191284179688
2023-07-14,2023-07-14 20:00:00,20,lags_meteo,xgboost_direct,10.0,17.998653411865234
2023-07-14,2023-07-14 21:00:00,21,lags_meteo,xgboost_direct,12.0,18.733335494995117
2023-07-14,2023-07-14 22:00:00,22,lags_meteo,xgboost_direct,13.0,19.412487030029297
2023-07-14,2023-07-14 23:00:00,23,lags_meteo,xgboost_direct,15.0,19.302377700805664
2023-07-14,2023-07-15 00:00:00,24,lags_meteo,xgboost_direct,20.0,19.590091705322266
2023-07-15,2023-07-15 01:00:00,1,lags_meteo,xgboost_direct,17.0,15.382786750793457
2023-07-15,2023-07-15 02:00:00,2,lags_meteo,xgboost_direct,17.0,15.749978065490723
2023-07-15,2023-07-15 03:00:00,3,lags_meteo,xgboost_direct,18.0,15.225889205932617
2023-07-15,2023-07-15 04:00:00,4,lags_meteo,xgboost_direct,18.0,14.482206344604492
2023-07-15,2023-07-15 05:00:00,5,lags_meteo,xgboost_direct,15.0,13.331050872802734
2023-07-15,2023-07-15 06:00:00,6,lags_meteo,xgboost_direct,15.0,14.125323295593262
2023-07-15,2023-07-15 07:00:00,7,lags_meteo,xgboost_direct,7.0,14.036420822143555
2023-07-15,2023-07-15 08:00:00,8,lags_meteo,xgboost_direct,9.0,15.393247604370117
2023-07-15,2023-07-15 09:00:00,9,lags_meteo,xgboost_direct,5.0,18.066640853881836
2023-07-15,2023-07-15 10:00:00,10,lags_meteo,xgboost_direct,5.0,17.84253692626953
2023-07-15,2023-07-15 11:00:00,11,lags_meteo,xgboost_direct,10.0,18.168336868286133
2023-07-15,2023-07-15 12:00:00,12,lags_meteo,xgboost_direct,4.0,20.06578826904297
2023-07-15,2023-07-15 13:00:00,13,lags_meteo,xgboost_direct,3.0,22.239561080932617
2023-07-15,2023-07-15 14:00:00,14,lags_meteo,xgboost_direct,1.0,20.421199798583984
2023-07-15,2023-07-15 15:00:00,15,lags_meteo,xgboost_direct,1.0,20.15420913696289
2023-07-15,2023-07-15 16:00:00,16,lags_meteo,xgboost_direct,8.0,19.3355712890625
2023-07-15,2023-07-15 17:00:00,17,lags_meteo,xgboost_direct,27.0,18.458662033081055
2023-07-15,2023-07-15 18:00:00,18,lags_meteo,xgboost_direct,4.0,17.459688186645508
2023-07-15,2023-07-15 19:00:00,19,lags_meteo,xgboost_direct,6.0,17.66252899169922
2023-07-15,2023-07-15 20:00:00,20,lags_meteo,xgboost_direct,24.0,16.238405227661133
2023-07-15,2023-07-15 21:00:00,21,lags_meteo,xgboost_direct,17.0,16.36621856689453
2023-07-15,2023-07-15 22:00:00,22,lags_meteo,xgboost_direct,13.0,16.20648956298828
2023-07-15,2023-07-15 23:00:00,23,lags_meteo,xgboost_direct,10.0,17.056543350219727
2023-07-15,2023-07-16 00:00:00,24,lags_meteo,xgboost_direct,19.0,17.79727554321289
2023-07-16,2023-07-16 01:00:00,1,lags_meteo,xgboost_direct,12.0,10.883869171142578
2023-07-16,2023-07-16 02:00:00,2,lags_meteo,xgboost_direct,13.0,10.661507606506348
2023-07-16,2023-07-16 03:00:00,3,lags_meteo,xgboost_direct,18.0,11.383482933044434
2023-07-16,2023-07-16 04:00:00,4,lags_meteo,xgboost_direct,10.0,11.0634765625
2023-07-16,2023-07-16 05:00:00,5,lags_meteo,xgboost_direct,6.0,11.778542518615723
2023-07-16,2023-07-16 06:00:00,6,lags_meteo,xgboost_direct,11.0,11.83856201171875
2023-07-16,2023-07-16 07:00:00,7,lags_meteo,xgboost_direct,13.0,11.401786804199219
2023-07-16,2023-07-16 08:00:00,8,lags_meteo,xgboost_direct,12.0,12.377877235412598
2023-07-16,2023-07-16 09:00:00,9,lags_meteo,xgboost_direct,20.0,14.034693717956543
2023-07-16,2023-07-16 10:00:00,10,lags_meteo,xgboost_direct,17.0,14.070348739624023
2023-07-16,2023-07-16 11:00:00,11,lags_meteo,xgboost_direct,13.0,14.320810317993164
2023-07-16,2023-07-16 12:00:00,12,lags_meteo,xgboost_direct,13.0,13.781585693359375
2023-07-16,2023-07-16 13:00:00,13,lags_meteo,xgboost_direct,25.0,13.109428405761719
2023-07-16,2023-07-16 14:00:00,14,lags_meteo,xgboost_direct,14.0,12.394073486328125
2023-07-16,2023-07-16 15:00:00,15,lags_meteo,xgboost_direct,15.0,12.227895736694336
2023-07-16,2023-07-16 16:00:00,16,lags_meteo,xgboost_direct,4.0,12.204567909240723
2023-07-16,2023-07-16 17:00:00,17,lags_meteo,xgboost_direct,3.0,13.66392707824707
2023-07-16,2023-07-16 18:00:00,18,lags_meteo,xgboost_direct,22.0,14.023409843444824
2023-07-16,2023-07-16 19:00:00,19,lags_meteo,xgboost_direct,16.0,14.272403717041016
2023-07-16,2023-07-16 20:00:00,20,lags_meteo,xgboost_direct,9.0,16.048124313354492
2023-07-16,2023-07-16 21:00:00,21,lags_meteo,xgboost_direct,9.0,16.13201141357422
2023-07-16,2023-07-16 22:00:00,22,lags_meteo,xgboost_direct,16.0,16.099212646484375
2023-07-16,2023-07-16 23:00:00,23,lags_meteo,xgboost_direct,16.0,15.506634712219238
2023-07-16,2023-07-17 00:00:00,24,lags_meteo,xgboost_direct,14.0,15.89832878112793
2023-07-17,2023-07-17 01:00:00,1,lags_meteo,xgboost_direct,8.0,17.456579208374023
2023-07-17,2023-07-17 02:00:00,2,lags_meteo,xgboost_direct,14.0,16.484712600708008
2023-07-17,2023-07-17 03:00:00,3,lags_meteo,xgboost_direct,4.0,15.993722915649414
2023-07-17,2023-07-17 04:00:00,4,lags_meteo,xgboost_direct,18.0,16.44596290588379
2023-07-17,2023-07-17 05:00:00,5,lags_meteo,xgboost_direct,2.0,17.39235496520996
2023-07-17,2023-07-17 06:00:00,6,lags_meteo,xgboost_direct,23.0,16.251007080078125
2023-07-17,2023-07-17 07:00:00,7,lags_meteo,xgboost_direct,24.0,17.816133499145508
2023-07-17,2023-07-17 08:00:00,8,lags_meteo,xgboost_direct,9.0,19.40285873413086
2023-07-17,2023-07-17 09:00:00,9,lags_meteo,xgboost_direct,20.0,23.882617950439453
2023-07-17,2023-07-17 10:00:00,10,lags_meteo,xgboost_direct,22.0,22.249692916870117
2023-07-17,2023-07-17 11:00:00,11,lags_meteo,xgboost_direct,37.0,21.665822982788086
2023-07-17,2023-07-17 12:00:00,12,lags_meteo,xgboost_direct,40.0,21.597484588623047
2023-07-17,2023-07-17 13:00:00,13,lags_meteo,xgboost_direct,32.0,21.96775245666504
2023-07-17,2023-07-17 14:00:00,14,lags_meteo,xgboost_direct,24.0,21.692325592041016
2023-07-17,2023-07-17 15:00:00,15,lags_meteo,xgboost_direct,36.0,22.56613540649414
2023-07-17,2023-07-17 16:00:00,16,lags_meteo,xgboost_direct,39.0,22.661890029907227
2023-07-17,2023-07-17 17:00:00,17,lags_meteo,xgboost_direct,45.0,21.70847511291504
2023-07-17,2023-07-17 18:00:00,18,lags_meteo,xgboost_direct,41.0,21.764049530029297
2023-07-17,2023-07-17 19:00:00,19,lags_meteo,xgboost_direct,25.0,21.006942749023438
2023-07-17,2023-07-17 20:00:00,20,lags_meteo,xgboost_direct,32.0,20.136629104614258
2023-07-17,2023-07-17 21:00:00,21,lags_meteo,xgboost_direct,28.0,19.591859817504883
2023-07-17,2023-07-17 22:00:00,22,lags_meteo,xgboost_direct,32.0,19.06255340576172
2023-07-17,2023-07-17 23:00:00,23,lags_meteo,xgboost_direct,24.0,19.605316162109375
2023-07-17,2023-07-18 00:00:00,24,lags_meteo,xgboost_direct,33.0,21.61115837097168
2023-07-18,2023-07-18 01:00:00,1,lags_meteo,xgboost_direct,35.0,25.49355697631836
2023-07-18,2023-07-18 02:00:00,2,lags_meteo,xgboost_direct,39.0,24.89691925048828
2023-07-18,2023-07-18 03:00:00,3,lags_meteo,xgboost_direct,40.0,25.51630973815918
2023-07-18,2023-07-18 04:00:00,4,lags_meteo,xgboost_direct,30.0,24.757394790649414
2023-07-18,2023-07-18 05:00:00,5,lags_meteo,xgboost_direct,36.0,24.60093116760254
2023-07-18,2023-07-18 06:00:00,6,lags_meteo,xgboost_direct,28.0,25.761476516723633
2023-07-18,2023-07-18 07:00:00,7,lags_meteo,xgboost_direct,40.0,26.53058624267578
2023-07-18,2023-07-18 08:00:00,8,lags_meteo,xgboost_direct,34.0,28.48537254333496
2023-07-18,2023-07-18 09:00:00,9,lags_meteo,xgboost_direct,33.0,33.30120086669922
2023-07-18,2023-07-18 10:00:00,10,lags_meteo,xgboost_direct,54.0,34.50644302368164
2023-07-18,2023-07-18 11:00:00,11,lags_meteo,xgboost_direct,54.0,34.6428337097168
2023-07-18,2023-07-18 12:00:00,12,lags_meteo,xgboost_direct,48.0,34.900909423828125
2023-07-18,2023-07-18 13:00:00,13,lags_meteo,xgboost_direct,30.0,35.82986831665039
2023-07-18,2023-07-18 14:00:00,14,lags_meteo,xgboost_direct,24.0,34.149681091308594
2023-07-18,2023-07-18 15:00:00,15,lags_meteo,xgboost_direct,56.0,32.847896575927734
2023-07-18,2023-07-18 16:00:00,16,lags_meteo,xgboost_direct,51.0,35.722877502441406
2023-07-18,2023-07-18 17:00:00,17,lags_meteo,xgboost_direct,59.0,36.836097717285156
2023-07-18,2023-07-18 18:00:00,18,lags_meteo,xgboost_direct,63.0,35.069618225097656
2023-07-18,2023-07-18 19:00:00,19,lags_meteo,xgboost_direct,55.0,33.27854919433594
2023-07-18,2023-07-18 20:00:00,20,lags_meteo,xgboost_direct,63.0,31.45873260498047
2023-07-18,2023-07-18 21:00:00,21,lags_meteo,xgboost_direct,66.0,29.27348518371582
2023-07-18,2023-07-18 22:00:00,22,lags_meteo,xgboost_direct,60.0,29.2490177154541
2023-07-18,2023-07-18 23:00:00,23,lags_meteo,xgboost_direct,53.0,28.60539436340332
2023-07-18,2023-07-19 00:00:00,24,lags_meteo,xgboost_direct,49.0,29.697477340698242
2023-07-19,2023-07-19 01:00:00,1,lags_meteo,xgboost_direct,52.0,49.03070831298828
2023-07-19,2023-07-19 02:00:00,2,lags_meteo,xgboost_direct,51.0,48.19969940185547
2023-07-19,2023-07-19 03:00:00,3,lags_meteo,xgboost_direct,45.0,46.668060302734375
2023-07-19,2023-07-19 04:00:00,4,lags_meteo,xgboost_direct,45.0,45.81912612915039
2023-07-19,2023-07-19 05:00:00,5,lags_meteo,xgboost_direct,39.0,43.54948806762695
2023-07-19,2023-07-19 06:00:00,6,lags_meteo,xgboost_direct,43.0,44.40642547607422
2023-07-19,2023-07-19 07:00:00,7,lags_meteo,xgboost_direct,39.0,46.22822189331055
2023-07-19,2023-07-19 08:00:00,8,lags_meteo,xgboost_direct,41.0,49.18449401855469
2023-07-19,2023-07-19 09:00:00,9,lags_meteo,xgboost_direct,40.0,54.49478530883789
2023-07-19,2023-07-19 10:00:00,10,lags_meteo,xgboost_direct,50.0,52.82671356201172
2023-07-19,2023-07-19 11:00:00,11,lags_meteo,xgboost_direct,50.0,53.6180534362793
2023-07-19,2023-07-19 12:00:00,12,lags_meteo,xgboost_direct,47.0,52.39945983886719
2023-07-19,2023-07-19 13:00:00,13,lags_meteo,xgboost_direct,47.0,49.14756774902344
2023-07-19,2023-07-19 14:00:00,14,lags_meteo,xgboost_direct,81.0,50.771453857421875
2023-07-19,2023-07-19 15:00:00,15,lags_meteo,xgboost_direct,85.0,49.70186233520508
2023-07-19,2023-07-19 16:00:00,16,lags_meteo,xgboost_direct,86.0,50.64387893676758
2023-07-19,2023-07-19 17:00:00,17,lags_meteo,xgboost_direct,98.0,50.903175354003906
2023-07-19,2023-07-19 18:00:00,18,lags_meteo,xgboost_direct,103.0,46.75743865966797
2023-07-19,2023-07-19 19:00:00,19,lags_meteo,xgboost_direct,73.0,44.74140167236328
2023-07-19,2023-07-19 20:00:00,20,lags_meteo,xgboost_direct,55.0,45.32079315185547
2023-07-19,2023-07-19 21:00:00,21,lags_meteo,xgboost_direct,52.0,43.521236419677734
2023-07-19,2023-07-19 22:00:00,22,lags_meteo,xgboost_direct,50.0,37.79804611206055
2023-07-19,2023-07-19 23:00:00,23,lags_meteo,xgboost_direct,54.0,39.036190032958984
2023-07-19,2023-07-20 00:00:00,24,lags_meteo,xgboost_direct,50.0,37.603302001953125
2023-07-20,2023-07-20 01:00:00,1,lags_meteo,xgboost_direct,44.0,51.17487335205078
2023-07-20,2023-07-20 02:00:00,2,lags_meteo,xgboost_direct,44.0,52.69247817993164
2023-07-20,2023-07-20 03:00:00,3,lags_meteo,xgboost_direct,37.0,50.39605712890625
2023-07-20,2023-07-20 04:00:00,4,lags_meteo,xgboost_direct,35.0,47.87038803100586
2023-07-20,2023-07-20 05:00:00,5,lags_meteo,xgboost_direct,32.0,43.83659362792969
2023-07-20,2023-07-20 06:00:00,6,lags_meteo,xgboost_direct,37.0,43.458106994628906
2023-07-20,2023-07-20 07:00:00,7,lags_meteo,xgboost_direct,31.0,43.03595733642578
2023-07-20,2023-07-20 08:00:00,8,lags_meteo,xgboost_direct,33.0,45.74935531616211
2023-07-20,2023-07-20 09:00:00,9,lags_meteo,xgboost_direct,40.0,47.91989517211914
2023-07-20,2023-07-20 10:00:00,10,lags_meteo,xgboost_direct,30.0,47.31049728393555
2023-07-20,2023-07-20 11:00:00,11,lags_meteo,xgboost_direct,20.0,45.60393524169922
2023-07-20,2023-07-20 12:00:00,12,lags_meteo,xgboost_direct,31.0,44.51203536987305
2023-07-20,2023-07-20 13:00:00,13,lags_meteo,xgboost_direct,11.0,47.44709396362305
2023-07-20,2023-07-20 14:00:00,14,lags_meteo,xgboost_direct,28.0,44.029903411865234
2023-07-20,2023-07-20 15:00:00,15,lags_meteo,xgboost_direct,12.0,46.93278121948242
2023-07-20,2023-07-20 16:00:00,16,lags_meteo,xgboost_direct,5.0,49.12133026123047
2023-07-20,2023-07-20 17:00:00,17,lags_meteo,xgboost_direct,12.0,52.23076248168945
2023-07-20,2023-07-20 18:00:00,18,lags_meteo,xgboost_direct,19.0,58.13747787475586
2023-07-20,2023-07-20 19:00:00,19,lags_meteo,xgboost_direct,18.0,45.12833786010742
2023-07-20,2023-07-20 20:00:00,20,lags_meteo,xgboost_direct,19.0,37.13006591796875
2023-07-20,2023-07-20 21:00:00,21,lags_meteo,xgboost_direct,23.0,35.027862548828125
2023-07-20,2023-07-20 22:00:00,22,lags_meteo,xgboost_direct,17.0,32.603607177734375
2023-07-20,2023-07-20 23:00:00,23,lags_meteo,xgboost_direct,18.0,34.3459587097168
2023-07-20,2023-07-21 00:00:00,24,lags_meteo,xgboost_direct,17.0,32.21916198730469
2023-07-21,2023-07-21 01:00:00,1,lags_meteo,xgboost_direct,14.0,17.42108154296875
2023-07-21,2023-07-21 02:00:00,2,lags_meteo,xgboost_direct,14.0,16.861642837524414
2023-07-21,2023-07-21 03:00:00,3,lags_meteo,xgboost_direct,18.0,16.32431411743164
2023-07-21,2023-07-21 04:00:00,4,lags_meteo,xgboost_direct,14.0,16.326486587524414
2023-07-21,2023-07-21 05:00:00,5,lags_meteo,xgboost_direct,14.0,16.435548782348633
2023-07-21,2023-07-21 06:00:00,6,lags_meteo,xgboost_direct,10.0,16.861154556274414
2023-07-21,2023-07-21 07:00:00,7,lags_meteo,xgboost_direct,10.0,18.54400062561035
2023-07-21,2023-07-21 08:00:00,8,lags_meteo,xgboost_direct,20.0,21.23771095275879
2023-07-21,2023-07-21 09:00:00,9,lags_meteo,xgboost_direct,26.0,27.6837158203125
2023-07-21,2023-07-21 10:00:00,10,lags_meteo,xgboost_direct,17.0,25.290081024169922
2023-07-21,2023-07-21 11:00:00,11,lags_meteo,xgboost_direct,21.0,22.29896354675293
2023-07-21,2023-07-21 12:00:00,12,lags_meteo,xgboost_direct,28.0,21.97612953186035
2023-07-21,2023-07-21 13:00:00,13,lags_meteo,xgboost_direct,37.0,21.501907348632812
2023-07-21,2023-07-21 14:00:00,14,lags_meteo,xgboost_direct,27.0,21.80046272277832
2023-07-21,2023-07-21 15:00:00,15,lags_meteo,xgboost_direct,32.0,20.6705265045166
2023-07-21,2023-07-21 16:00:00,16,lags_meteo,xgboost_direct,5.0,19.340993881225586
2023-07-21,2023-07-21 17:00:00,17,lags_meteo,xgboost_direct,14.0,19.897106170654297
2023-07-21,2023-07-21 18:00:00,18,lags_meteo,xgboost_direct,46.0,19.94952964782715
2023-07-21,2023-07-21 19:00:00,19,lags_meteo,xgboost_direct,8.0,19.58932113647461
2023-07-21,2023-07-21 20:00:00,20,lags_meteo,xgboost_direct,23.0,20.334259033203125
2023-07-21,2023-07-21 21:00:00,21,lags_meteo,xgboost_direct,17.0,20.653104782104492
2023-07-21,2023-07-21 22:00:00,22,lags_meteo,xgboost_direct,12.0,20.86835479736328
2023-07-21,2023-07-21 23:00:00,23,lags_meteo,xgboost_direct,14.0,20.25779151916504
2023-07-21,2023-07-22 00:00:00,24,lags_meteo,xgboost_direct,22.0,18.358022689819336
2023-07-22,2023-07-22 01:00:00,1,lags_meteo,xgboost_direct,21.0,16.500972747802734
2023-07-22,2023-07-22 02:00:00,2,lags_meteo,xgboost_direct,10.0,16.495691299438477
2023-07-22,2023-07-22 03:00:00,3,lags_meteo,xgboost_direct,9.0,16.761211395263672
2023-07-22,2023-07-22 04:00:00,4,lags_meteo,xgboost_direct,16.0,16.7960147857666
2023-07-22,2023-07-22 05:00:00,5,lags_meteo,xgboost_direct,16.0,17.74178123474121
2023-07-22,2023-07-22 06:00:00,6,lags_meteo,xgboost_direct,15.0,17.765104293823242
2023-07-22,2023-07-22 07:00:00,7,lags_meteo,xgboost_direct,14.0,16.806232452392578
2023-07-22,2023-07-22 08:00:00,8,lags_meteo,xgboost_direct,13.0,21.753673553466797
2023-07-22,2023-07-22 09:00:00,9,lags_meteo,xgboost_direct,21.0,22.368371963500977
2023-07-22,2023-07-22 10:00:00,10,lags_meteo,xgboost_direct,28.0,25.484582901000977
2023-07-22,2023-07-22 11:00:00,11,lags_meteo,xgboost_direct,25.0,25.670976638793945
2023-07-22,2023-07-22 12:00:00,12,lags_meteo,xgboost_direct,23.0,24.304866790771484
2023-07-22,2023-07-22 13:00:00,13,lags_meteo,xgboost_direct,17.0,25.45305824279785
2023-07-22,2023-07-22 14:00:00,14,lags_meteo,xgboost_direct,19.0,26.36146354675293
2023-07-22,2023-07-22 15:00:00,15,lags_meteo,xgboost_direct,22.0,24.09234619140625
2023-07-22,2023-07-22 16:00:00,16,lags_meteo,xgboost_direct,20.0,22.77311897277832
2023-07-22,2023-07-22 17:00:00,17,lags_meteo,xgboost_direct,15.0,22.801790237426758
2023-07-22,2023-07-22 18:00:00,18,lags_meteo,xgboost_direct,9.0,22.059904098510742
2023-07-22,2023-07-22 19:00:00,19,lags_meteo,xgboost_direct,13.0,20.081274032592773
2023-07-22,2023-07-22 20:00:00,20,lags_meteo,xgboost_direct,13.0,20.0299129486084
2023-07-22,2023-07-22 21:00:00,21,lags_meteo,xgboost_direct,12.0,19.555286407470703
2023-07-22,2023-07-22 22:00:00,22,lags_meteo,xgboost_direct,17.0,18.420366287231445
2023-07-22,2023-07-22 23:00:00,23,lags_meteo,xgboost_direct,28.0,19.16623306274414
2023-07-22,2023-07-23 00:00:00,24,lags_meteo,xgboost_direct,35.0,19.471115112304688
2023-07-23,2023-07-23 01:00:00,1,lags_meteo,xgboost_direct,29.0,23.83409309387207
2023-07-23,2023-07-23 02:00:00,2,lags_meteo,xgboost_direct,40.0,21.57082176208496
2023-07-23,2023-07-23 03:00:00,3,lags_meteo,xgboost_direct,40.0,20.202882766723633
2023-07-23,2023-07-23 04:00:00,4,lags_meteo,xgboost_direct,31.0,18.52788543701172
2023-07-23,2023-07-23 05:00:00,5,lags_meteo,xgboost_direct,37.0,17.97857093811035
2023-07-23,2023-07-23 06:00:00,6,lags_meteo,xgboost_direct,34.0,17.75248908996582
2023-07-23,2023-07-23 07:00:00,7,lags_meteo,xgboost_direct,32.0,19.1904239654541
2023-07-23,2023-07-23 08:00:00,8,lags_meteo,xgboost_direct,46.0,20.096160888671875
2023-07-23,2023-07-23 09:00:00,9,lags_meteo,xgboost_direct,48.0,22.050067901611328
2023-07-23,2023-07-23 10:00:00,10,lags_meteo,xgboost_direct,32.0,22.34929847717285
2023-07-23,2023-07-23 11:00:00,11,lags_meteo,xgboost_direct,34.0,22.38163185119629
2023-07-23,2023-07-23 12:00:00,12,lags_meteo,xgboost_direct,43.0,23.075824737548828
2023-07-23,2023-07-23 13:00:00,13,lags_meteo,xgboost_direct,52.0,22.81812858581543
2023-07-23,2023-07-23 14:00:00,14,lags_meteo,xgboost_direct,38.0,21.67143440246582
2023-07-23,2023-07-23 15:00:00,15,lags_meteo,xgboost_direct,25.0,21.520204544067383
2023-07-23,2023-07-23 16:00:00,16,lags_meteo,xgboost_direct,23.0,18.622783660888672
2023-07-23,2023-07-23 17:00:00,17,lags_meteo,xgboost_direct,16.0,18.1018009185791
2023-07-23,2023-07-23 18:00:00,18,lags_meteo,xgboost_direct,22.0,17.69896125793457
2023-07-23,2023-07-23 19:00:00,19,lags_meteo,xgboost_direct,25.0,17.514293670654297
2023-07-23,2023-07-23 20:00:00,20,lags_meteo,xgboost_direct,23.0,17.942766189575195
2023-07-23,2023-07-23 21:00:00,21,lags_meteo,xgboost_direct,20.0,19.29935073852539
2023-07-23,2023-07-23 22:00:00,22,lags_meteo,xgboost_direct,23.0,21.631549835205078
2023-07-23,2023-07-23 23:00:00,23,lags_meteo,xgboost_direct,21.0,22.708335876464844
2023-07-23,2023-07-24 00:00:00,24,lags_meteo,xgboost_direct,19.0,22.29505729675293
2023-07-24,2023-07-24 01:00:00,1,lags_meteo,xgboost_direct,20.0,21.080385208129883
2023-07-24,2023-07-24 02:00:00,2,lags_meteo,xgboost_direct,20.0,21.076698303222656
2023-07-24,2023-07-24 03:00:00,3,lags_meteo,xgboost_direct,13.0,22.083322525024414
2023-07-24,2023-07-24 04:00:00,4,lags_meteo,xgboost_direct,18.0,21.176645278930664
2023-07-24,2023-07-24 05:00:00,5,lags_meteo,xgboost_direct,19.0,20.92371940612793
2023-07-24,2023-07-24 06:00:00,6,lags_meteo,xgboost_direct,16.0,21.67213249206543
2023-07-24,2023-07-24 07:00:00,7,lags_meteo,xgboost_direct,18.0,22.09132957458496
2023-07-24,2023-07-24 08:00:00,8,lags_meteo,xgboost_direct,20.0,24.603839874267578
2023-07-24,2023-07-24 09:00:00,9,lags_meteo,xgboost_direct,25.0,28.700796127319336
2023-07-24,2023-07-24 10:00:00,10,lags_meteo,xgboost_direct,23.0,29.60533332824707
2023-07-24,2023-07-24 11:00:00,11,lags_meteo,xgboost_direct,23.0,30.43472671508789
2023-07-24,2023-07-24 12:00:00,12,lags_meteo,xgboost_direct,28.0,30.900842666625977
2023-07-24,2023-07-24 13:00:00,13,lags_meteo,xgboost_direct,20.0,29.768924713134766
2023-07-24,2023-07-24 14:00:00,14,lags_meteo,xgboost_direct,19.0,28.130619049072266
2023-07-24,2023-07-24 15:00:00,15,lags_meteo,xgboost_direct,12.0,25.9171085357666
2023-07-24,2023-07-24 16:00:00,16,lags_meteo,xgboost_direct,13.0,25.26713752746582
2023-07-24,2023-07-24 17:00:00,17,lags_meteo,xgboost_direct,15.0,23.845003128051758
2023-07-24,2023-07-24 18:00:00,18,lags_meteo,xgboost_direct,10.0,22.59276580810547
2023-07-24,2023-07-24 19:00:00,19,lags_meteo,xgboost_direct,7.0,22.49058723449707
2023-07-24,2023-07-24 20:00:00,20,lags_meteo,xgboost_direct,9.0,22.708276748657227
2023-07-24,2023-07-24 21:00:00,21,lags_meteo,xgboost_direct,12.0,22.285045623779297
2023-07-24,2023-07-24 22:00:00,22,lags_meteo,xgboost_direct,11.0,21.795194625854492
2023-07-24,2023-07-24 23:00:00,23,lags_meteo,xgboost_direct,13.0,21.801483154296875
2023-07-24,2023-07-25 00:00:00,24,lags_meteo,xgboost_direct,6.0,22.015796661376953
2023-07-25,2023-07-25 01:00:00,1,lags_meteo,xgboost_direct,8.0,12.53585433959961
2023-07-25,2023-07-25 02:00:00,2,lags_meteo,xgboost_direct,8.0,12.184320449829102
2023-07-25,2023-07-25 03:00:00,3,lags_meteo,xgboost_direct,17.0,11.74995231628418
2023-07-25,2023-07-25 04:00:00,4,lags_meteo,xgboost_direct,13.0,11.341471672058105
2023-07-25,2023-07-25 05:00:00,5,lags_meteo,xgboost_direct,8.0,11.850995063781738
2023-07-25,2023-07-25 06:00:00,6,lags_meteo,xgboost_direct,5.0,11.827970504760742
2023-07-25,2023-07-25 07:00:00,7,lags_meteo,xgboost_direct,8.0,11.742921829223633
2023-07-25,2023-07-25 08:00:00,8,lags_meteo,xgboost_direct,15.0,13.890952110290527
2023-07-25,2023-07-25 09:00:00,9,lags_meteo,xgboost_direct,19.0,16.542699813842773
2023-07-25,2023-07-25 10:00:00,10,lags_meteo,xgboost_direct,22.0,17.092971801757812
2023-07-25,2023-07-25 11:00:00,11,lags_meteo,xgboost_direct,17.0,17.084028244018555
2023-07-25,2023-07-25 12:00:00,12,lags_meteo,xgboost_direct,22.0,18.493574142456055
2023-07-25,2023-07-25 13:00:00,13,lags_meteo,xgboost_direct,11.0,18.10759162902832
2023-07-25,2023-07-25 14:00:00,14,lags_meteo,xgboost_direct,24.0,16.00483512878418
2023-07-25,2023-07-25 15:00:00,15,lags_meteo,xgboost_direct,9.0,14.415740013122559
2023-07-25,2023-07-25 16:00:00,16,lags_meteo,xgboost_direct,4.0,13.307158470153809
2023-07-25,2023-07-25 17:00:00,17,lags_meteo,xgboost_direct,10.0,12.963347434997559
2023-07-25,2023-07-25 18:00:00,18,lags_meteo,xgboost_direct,15.0,12.656057357788086
2023-07-25,2023-07-25 19:00:00,19,lags_meteo,xgboost_direct,8.0,13.685097694396973
2023-07-25,2023-07-25 20:00:00,20,lags_meteo,xgboost_direct,9.0,14.771032333374023
2023-07-25,2023-07-25 21:00:00,21,lags_meteo,xgboost_direct,20.0,15.36369514465332
2023-07-25,2023-07-25 22:00:00,22,lags_meteo,xgboost_direct,18.0,15.902656555175781
2023-07-25,2023-07-25 23:00:00,23,lags_meteo,xgboost_direct,16.0,16.483440399169922
2023-07-25,2023-07-26 00:00:00,24,lags_meteo,xgboost_direct,18.0,16.378421783447266
2023-07-26,2023-07-26 01:00:00,1,lags_meteo,xgboost_direct,26.0,15.296674728393555
2023-07-26,2023-07-26 02:00:00,2,lags_meteo,xgboost_direct,20.0,15.440078735351562
2023-07-26,2023-07-26 03:00:00,3,lags_meteo,xgboost_direct,16.0,15.290968894958496
2023-07-26,2023-07-26 04:00:00,4,lags_meteo,xgboost_direct,14.0,15.234395027160645
2023-07-26,2023-07-26 05:00:00,5,lags_meteo,xgboost_direct,16.0,16.23020362854004
2023-07-26,2023-07-26 06:00:00,6,lags_meteo,xgboost_direct,10.0,15.997944831848145
2023-07-26,2023-07-26 07:00:00,7,lags_meteo,xgboost_direct,19.0,18.063486099243164
2023-07-26,2023-07-26 08:00:00,8,lags_meteo,xgboost_direct,21.0,19.591705322265625
2023-07-26,2023-07-26 09:00:00,9,lags_meteo,xgboost_direct,23.0,23.724609375
2023-07-26,2023-07-26 10:00:00,10,lags_meteo,xgboost_direct,23.0,25.703569412231445
2023-07-26,2023-07-26 11:00:00,11,lags_meteo,xgboost_direct,24.0,25.874433517456055
2023-07-26,2023-07-26 12:00:00,12,lags_meteo,xgboost_direct,34.0,25.99380874633789
2023-07-26,2023-07-26 13:00:00,13,lags_meteo,xgboost_direct,21.0,25.28754425048828
2023-07-26,2023-07-26 14:00:00,14,lags_meteo,xgboost_direct,35.0,24.641395568847656
2023-07-26,2023-07-26 15:00:00,15,lags_meteo,xgboost_direct,21.0,23.423641204833984
2023-07-26,2023-07-26 16:00:00,16,lags_meteo,xgboost_direct,10.0,21.53921127319336
2023-07-26,2023-07-26 17:00:00,17,lags_meteo,xgboost_direct,7.0,19.741043090820312
2023-07-26,2023-07-26 18:00:00,18,lags_meteo,xgboost_direct,15.0,19.889707565307617
2023-07-26,2023-07-26 19:00:00,19,lags_meteo,xgboost_direct,19.0,20.58852767944336
2023-07-26,2023-07-26 20:00:00,20,lags_meteo,xgboost_direct,23.0,20.789710998535156
2023-07-26,2023-07-26 21:00:00,21,lags_meteo,xgboost_direct,10.0,21.467243194580078
2023-07-26,2023-07-26 22:00:00,22,lags_meteo,xgboost_direct,23.0,21.550283432006836
2023-07-26,2023-07-26 23:00:00,23,lags_meteo,xgboost_direct,32.0,21.778650283813477
2023-07-26,2023-07-27 00:00:00,24,lags_meteo,xgboost_direct,30.0,20.99205207824707
2023-07-27,2023-07-27 01:00:00,1,lags_meteo,xgboost_direct,36.0,27.1767520904541
2023-07-27,2023-07-27 02:00:00,2,lags_meteo,xgboost_direct,26.0,25.888256072998047
2023-07-27,2023-07-27 03:00:00,3,lags_meteo,xgboost_direct,22.0,23.895614624023438
2023-07-27,2023-07-27 04:00:00,4,lags_meteo,xgboost_direct,32.0,21.82192039489746
2023-07-27,2023-07-27 05:00:00,5,lags_meteo,xgboost_direct,25.0,23.20119285583496
2023-07-27,2023-07-27 06:00:00,6,lags_meteo,xgboost_direct,30.0,24.078147888183594
2023-07-27,2023-07-27 07:00:00,7,lags_meteo,xgboost_direct,18.0,25.582792282104492
2023-07-27,2023-07-27 08:00:00,8,lags_meteo,xgboost_direct,20.0,27.859901428222656
2023-07-27,2023-07-27 09:00:00,9,lags_meteo,xgboost_direct,9.0,29.92085838317871
2023-07-27,2023-07-27 10:00:00,10,lags_meteo,xgboost_direct,20.0,33.82258987426758
2023-07-27,2023-07-27 11:00:00,11,lags_meteo,xgboost_direct,35.0,34.04479217529297
2023-07-27,2023-07-27 12:00:00,12,lags_meteo,xgboost_direct,46.0,32.72602081298828
2023-07-27,2023-07-27 13:00:00,13,lags_meteo,xgboost_direct,29.0,33.292545318603516
2023-07-27,2023-07-27 14:00:00,14,lags_meteo,xgboost_direct,20.0,29.616172790527344
2023-07-27,2023-07-27 15:00:00,15,lags_meteo,xgboost_direct,41.0,26.731822967529297
2023-07-27,2023-07-27 16:00:00,16,lags_meteo,xgboost_direct,35.0,25.905624389648438
2023-07-27,2023-07-27 17:00:00,17,lags_meteo,xgboost_direct,1.0,25.168771743774414
2023-07-27,2023-07-27 18:00:00,18,lags_meteo,xgboost_direct,17.0,23.286069869995117
2023-07-27,2023-07-27 19:00:00,19,lags_meteo,xgboost_direct,26.0,22.904048919677734
2023-07-27,2023-07-27 20:00:00,20,lags_meteo,xgboost_direct,25.0,21.842626571655273
2023-07-27,2023-07-27 21:00:00,21,lags_meteo,xgboost_direct,25.0,24.63173484802246
2023-07-27,2023-07-27 22:00:00,22,lags_meteo,xgboost_direct,17.0,27.249202728271484
2023-07-27,2023-07-27 23:00:00,23,lags_meteo,xgboost_direct,17.0,29.114713668823242
2023-07-27,2023-07-28 00:00:00,24,lags_meteo,xgboost_direct,17.0,28.286277770996094
2023-07-28,2023-07-28 01:00:00,1,lags_meteo,xgboost_direct,22.0,16.200828552246094
2023-07-28,2023-07-28 02:00:00,2,lags_meteo,xgboost_direct,23.0,16.050018310546875
2023-07-28,2023-07-28 03:00:00,3,lags_meteo,xgboost_direct,21.0,14.514579772949219
2023-07-28,2023-07-28 04:00:00,4,lags_meteo,xgboost_direct,23.0,15.330039024353027
2023-07-28,2023-07-28 05:00:00,5,lags_meteo,xgboost_direct,20.0,15.515789031982422
2023-07-28,2023-07-28 06:00:00,6,lags_meteo,xgboost_direct,19.0,16.789825439453125
2023-07-28,2023-07-28 07:00:00,7,lags_meteo,xgboost_direct,24.0,16.113786697387695
2023-07-28,2023-07-28 08:00:00,8,lags_meteo,xgboost_direct,32.0,19.202789306640625
2023-07-28,2023-07-28 09:00:00,9,lags_meteo,xgboost_direct,24.0,21.177446365356445
2023-07-28,2023-07-28 10:00:00,10,lags_meteo,xgboost_direct,33.0,23.540454864501953
2023-07-28,2023-07-28 11:00:00,11,lags_meteo,xgboost_direct,31.0,21.351213455200195
2023-07-28,2023-07-28 12:00:00,12,lags_meteo,xgboost_direct,35.0,21.219133377075195
2023-07-28,2023-07-28 13:00:00,13,lags_meteo,xgboost_direct,22.0,19.96430206298828
2023-07-28,2023-07-28 14:00:00,14,lags_meteo,xgboost_direct,17.0,19.95689582824707
2023-07-28,2023-07-28 15:00:00,15,lags_meteo,xgboost_direct,13.0,19.689313888549805
2023-07-28,2023-07-28 16:00:00,16,lags_meteo,xgboost_direct,27.0,18.005573272705078
2023-07-28,2023-07-28 17:00:00,17,lags_meteo,xgboost_direct,14.0,18.715953826904297
2023-07-28,2023-07-28 18:00:00,18,lags_meteo,xgboost_direct,6.0,18.002416610717773
2023-07-28,2023-07-28 19:00:00,19,lags_meteo,xgboost_direct,1.0,17.728679656982422
2023-07-28,2023-07-28 20:00:00,20,lags_meteo,xgboost_direct,6.0,18.320167541503906
2023-07-28,2023-07-28 21:00:00,21,lags_meteo,xgboost_direct,19.0,19.384653091430664
2023-07-28,2023-07-28 22:00:00,22,lags_meteo,xgboost_direct,18.0,19.445621490478516
2023-07-28,2023-07-28 23:00:00,23,lags_meteo,xgboost_direct,19.0,17.931041717529297
2023-07-28,2023-07-29 00:00:00,24,lags_meteo,xgboost_direct,17.0,16.589061737060547
2023-07-29,2023-07-29 01:00:00,1,lags_meteo,xgboost_direct,19.0,19.503244400024414
2023-07-29,2023-07-29 02:00:00,2,lags_meteo,xgboost_direct,17.0,18.30624771118164
2023-07-29,2023-07-29 03:00:00,3,lags_meteo,xgboost_direct,16.0,17.489595413208008
2023-07-29,2023-07-29 04:00:00,4,lags_meteo,xgboost_direct,9.0,17.095718383789062
2023-07-29,2023-07-29 05:00:00,5,lags_meteo,xgboost_direct,2.0,16.411340713500977
2023-07-29,2023-07-29 06:00:00,6,lags_meteo,xgboost_direct,18.0,18.367887496948242
2023-07-29,2023-07-29 07:00:00,7,lags_meteo,xgboost_direct,6.0,19.338207244873047
2023-07-29,2023-07-29 08:00:00,8,lags_meteo,xgboost_direct,11.0,20.726856231689453
2023-07-29,2023-07-29 09:00:00,9,lags_meteo,xgboost_direct,27.0,25.812156677246094
2023-07-29,2023-07-29 10:00:00,10,lags_meteo,xgboost_direct,47.0,26.565692901611328
2023-07-29,2023-07-29 11:00:00,11,lags_meteo,xgboost_direct,30.0,30.062637329101562
2023-07-29,2023-07-29 12:00:00,12,lags_meteo,xgboost_direct,15.0,28.462474822998047
2023-07-29,2023-07-29 13:00:00,13,lags_meteo,xgboost_direct,23.0,27.65328025817871
2023-07-29,2023-07-29 14:00:00,14,lags_meteo,xgboost_direct,11.0,26.293258666992188
2023-07-29,2023-07-29 15:00:00,15,lags_meteo,xgboost_direct,5.0,23.10900115966797
2023-07-29,2023-07-29 16:00:00,16,lags_meteo,xgboost_direct,4.0,22.12103843688965
2023-07-29,2023-07-29 17:00:00,17,lags_meteo,xgboost_direct,15.0,21.41007423400879
2023-07-29,2023-07-29 18:00:00,18,lags_meteo,xgboost_direct,19.0,21.420936584472656
2023-07-29,2023-07-29 19:00:00,19,lags_meteo,xgboost_direct,19.0,20.145748138427734
2023-07-29,2023-07-29 20:00:00,20,lags_meteo,xgboost_direct,14.0,21.34005355834961
2023-07-29,2023-07-29 21:00:00,21,lags_meteo,xgboost_direct,10.0,22.31150245666504
2023-07-29,2023-07-29 22:00:00,22,lags_meteo,xgboost_direct,8.0,23.246755599975586
2023-07-29,2023-07-29 23:00:00,23,lags_meteo,xgboost_direct,12.0,22.04322624206543
2023-07-29,2023-07-30 00:00:00,24,lags_meteo,xgboost_direct,7.0,21.851276397705078
2023-07-30,2023-07-30 01:00:00,1,lags_meteo,xgboost_direct,10.0,12.243939399719238
2023-07-30,2023-07-30 02:00:00,2,lags_meteo,xgboost_direct,18.0,11.844067573547363
2023-07-30,2023-07-30 03:00:00,3,lags_meteo,xgboost_direct,17.0,11.630157470703125
2023-07-30,2023-07-30 04:00:00,4,lags_meteo,xgboost_direct,23.0,11.78170108795166
2023-07-30,2023-07-30 05:00:00,5,lags_meteo,xgboost_direct,17.0,11.915714263916016
2023-07-30,2023-07-30 06:00:00,6,lags_meteo,xgboost_direct,25.0,12.08314037322998
2023-07-30,2023-07-30 07:00:00,7,lags_meteo,xgboost_direct,29.0,12.538982391357422
2023-07-30,2023-07-30 08:00:00,8,lags_meteo,xgboost_direct,10.0,14.102083206176758
2023-07-30,2023-07-30 09:00:00,9,lags_meteo,xgboost_direct,25.0,16.247295379638672
2023-07-30,2023-07-30 10:00:00,10,lags_meteo,xgboost_direct,25.0,16.947690963745117
2023-07-30,2023-07-30 11:00:00,11,lags_meteo,xgboost_direct,15.0,17.335458755493164
2023-07-30,2023-07-30 12:00:00,12,lags_meteo,xgboost_direct,14.0,17.500368118286133
2023-07-30,2023-07-30 13:00:00,13,lags_meteo,xgboost_direct,14.0,18.27657699584961
2023-07-30,2023-07-30 14:00:00,14,lags_meteo,xgboost_direct,5.0,19.0888729095459
2023-07-30,2023-07-30 15:00:00,15,lags_meteo,xgboost_direct,9.0,19.92790985107422
2023-07-30,2023-07-30 16:00:00,16,lags_meteo,xgboost_direct,11.0,20.46775245666504
2023-07-30,2023-07-30 17:00:00,17,lags_meteo,xgboost_direct,25.0,19.925554275512695
2023-07-30,2023-07-30 18:00:00,18,lags_meteo,xgboost_direct,26.0,23.63697052001953
2023-07-30,2023-07-30 19:00:00,19,lags_meteo,xgboost_direct,9.0,22.968446731567383
2023-07-30,2023-07-30 20:00:00,20,lags_meteo,xgboost_direct,7.0,17.71027183532715
2023-07-30,2023-07-30 21:00:00,21,lags_meteo,xgboost_direct,11.0,18.77568244934082
2023-07-30,2023-07-30 22:00:00,22,lags_meteo,xgboost_direct,14.0,17.071054458618164
2023-07-30,2023-07-30 23:00:00,23,lags_meteo,xgboost_direct,19.0,15.724342346191406
2023-07-30,2023-07-31 00:00:00,24,lags_meteo,xgboost_direct,9.0,15.730997085571289
2023-07-31,2023-07-31 01:00:00,1,lags_meteo,xgboost_direct,14.0,19.355182647705078
2023-07-31,2023-07-31 02:00:00,2,lags_meteo,xgboost_direct,12.0,18.15406036376953
2023-07-31,2023-07-31 03:00:00,3,lags_meteo,xgboost_direct,7.0,17.131874084472656
2023-07-31,2023-07-31 04:00:00,4,lags_meteo,xgboost_direct,12.0,17.66653060913086
2023-07-31,2023-07-31 05:00:00,5,lags_meteo,xgboost_direct,4.0,17.822654724121094
2023-07-31,2023-07-31 06:00:00,6,lags_meteo,xgboost_direct,5.0,16.95547103881836
2023-07-31,2023-07-31 07:00:00,7,lags_meteo,xgboost_direct,11.0,17.022825241088867
2023-07-31,2023-07-31 08:00:00,8,lags_meteo,xgboost_direct,14.0,20.03046226501465
2023-07-31,2023-07-31 09:00:00,9,lags_meteo,xgboost_direct,15.0,22.961347579956055
2023-07-31,2023-07-31 10:00:00,10,lags_meteo,xgboost_direct,22.0,24.42433738708496
2023-07-31,2023-07-31 11:00:00,11,lags_meteo,xgboost_direct,24.0,24.78990364074707
2023-07-31,2023-07-31 12:00:00,12,lags_meteo,xgboost_direct,21.0,25.241193771362305
2023-07-31,2023-07-31 13:00:00,13,lags_meteo,xgboost_direct,4.0,25.604949951171875
2023-07-31,2023-07-31 14:00:00,14,lags_meteo,xgboost_direct,11.0,26.725479125976562
2023-07-31,2023-07-31 15:00:00,15,lags_meteo,xgboost_direct,24.0,27.342439651489258
2023-07-31,2023-07-31 16:00:00,16,lags_meteo,xgboost_direct,16.0,27.817466735839844
2023-07-31,2023-07-31 17:00:00,17,lags_meteo,xgboost_direct,16.0,29.31883430480957
2023-07-31,2023-07-31 18:00:00,18,lags_meteo,xgboost_direct,15.0,31.003822326660156
2023-07-31,2023-07-31 19:00:00,19,lags_meteo,xgboost_direct,15.0,28.351299285888672
2023-07-31,2023-07-31 20:00:00,20,lags_meteo,xgboost_direct,16.0,24.908411026000977
2023-07-31,2023-07-31 21:00:00,21,lags_meteo,xgboost_direct,6.0,22.793912887573242
2023-07-31,2023-07-31 22:00:00,22,lags_meteo,xgboost_direct,12.0,22.823997497558594
2023-07-31,2023-07-31 23:00:00,23,lags_meteo,xgboost_direct,16.0,21.4866943359375
2023-07-31,2023-08-01 00:00:00,24,lags_meteo,xgboost_direct,16.0,23.638242721557617
2023-08-01,2023-08-01 01:00:00,1,lags_meteo,xgboost_direct,19.0,13.471565246582031
2023-08-01,2023-08-01 02:00:00,2,lags_meteo,xgboost_direct,13.0,13.173269271850586
2023-08-01,2023-08-01 03:00:00,3,lags_meteo,xgboost_direct,3.0,12.40174674987793
2023-08-01,2023-08-01 04:00:00,4,lags_meteo,xgboost_direct,20.0,11.80549430847168
2023-08-01,2023-08-01 05:00:00,5,lags_meteo,xgboost_direct,14.0,12.377838134765625
2023-08-01,2023-08-01 06:00:00,6,lags_meteo,xgboost_direct,14.0,13.459708213806152
2023-08-01,2023-08-01 07:00:00,7,lags_meteo,xgboost_direct,19.0,13.852409362792969
2023-08-01,2023-08-01 08:00:00,8,lags_meteo,xgboost_direct,23.0,17.215295791625977
2023-08-01,2023-08-01 09:00:00,9,lags_meteo,xgboost_direct,19.0,21.778162002563477
2023-08-01,2023-08-01 10:00:00,10,lags_meteo,xgboost_direct,28.0,21.1495418548584
2023-08-01,2023-08-01 11:00:00,11,lags_meteo,xgboost_direct,18.0,20.51052474975586
2023-08-01,2023-08-01 12:00:00,12,lags_meteo,xgboost_direct,29.0,21.02906036376953
2023-08-01,2023-08-01 13:00:00,13,lags_meteo,xgboost_direct,24.0,20.884431838989258
2023-08-01,2023-08-01 14:00:00,14,lags_meteo,xgboost_direct,25.0,19.77688217163086
2023-08-01,2023-08-01 15:00:00,15,lags_meteo,xgboost_direct,17.0,20.720195770263672
2023-08-01,2023-08-01 16:00:00,16,lags_meteo,xgboost_direct,15.0,20.029924392700195
2023-08-01,2023-08-01 17:00:00,17,lags_meteo,xgboost_direct,22.0,18.315513610839844
2023-08-01,2023-08-01 18:00:00,18,lags_meteo,xgboost_direct,22.0,18.483312606811523
2023-08-01,2023-08-01 19:00:00,19,lags_meteo,xgboost_direct,8.0,19.088605880737305
2023-08-01,2023-08-01 20:00:00,20,lags_meteo,xgboost_direct,11.0,16.487390518188477
2023-08-01,2023-08-01 21:00:00,21,lags_meteo,xgboost_direct,14.0,16.64107322692871
2023-08-01,2023-08-01 22:00:00,22,lags_meteo,xgboost_direct,13.0,17.21398162841797
2023-08-01,2023-08-01 23:00:00,23,lags_meteo,xgboost_direct,16.0,16.519418716430664
2023-08-01,2023-08-02 00:00:00,24,lags_meteo,xgboost_direct,15.0,16.279144287109375
2023-08-02,2023-08-02 01:00:00,1,lags_meteo,xgboost_direct,16.0,18.325502395629883
2023-08-02,2023-08-02 02:00:00,2,lags_meteo,xgboost_direct,12.0,18.498411178588867
2023-08-02,2023-08-02 03:00:00,3,lags_meteo,xgboost_direct,13.0,17.41726303100586
2023-08-02,2023-08-02 04:00:00,4,lags_meteo,xgboost_direct,11.0,17.581073760986328
2023-08-02,2023-08-02 05:00:00,5,lags_meteo,xgboost_direct,9.0,17.915546417236328
2023-08-02,2023-08-02 06:00:00,6,lags_meteo,xgboost_direct,21.0,18.1940975189209
2023-08-02,2023-08-02 07:00:00,7,lags_meteo,xgboost_direct,19.0,18.411834716796875
2023-08-02,2023-08-02 08:00:00,8,lags_meteo,xgboost_direct,26.0,20.399200439453125
2023-08-02,2023-08-02 09:00:00,9,lags_meteo,xgboost_direct,27.0,24.557323455810547
2023-08-02,2023-08-02 10:00:00,10,lags_meteo,xgboost_direct,23.0,26.83935546875
2023-08-02,2023-08-02 11:00:00,11,lags_meteo,xgboost_direct,20.0,28.627599716186523
2023-08-02,2023-08-02 12:00:00,12,lags_meteo,xgboost_direct,22.0,29.400243759155273
2023-08-02,2023-08-02 13:00:00,13,lags_meteo,xgboost_direct,24.0,28.12843894958496
2023-08-02,2023-08-02 14:00:00,14,lags_meteo,xgboost_direct,12.0,28.384014129638672
2023-08-02,2023-08-02 15:00:00,15,lags_meteo,xgboost_direct,25.0,27.47294807434082
2023-08-02,2023-08-02 16:00:00,16,lags_meteo,xgboost_direct,8.0,27.221467971801758
2023-08-02,2023-08-02 17:00:00,17,lags_meteo,xgboost_direct,3.0,26.703853607177734
2023-08-02,2023-08-02 18:00:00,18,lags_meteo,xgboost_direct,7.0,27.16399383544922
2023-08-02,2023-08-02 19:00:00,19,lags_meteo,xgboost_direct,6.0,25.50012969970703
2023-08-02,2023-08-02 20:00:00,20,lags_meteo,xgboost_direct,13.0,24.01764488220215
2023-08-02,2023-08-02 21:00:00,21,lags_meteo,xgboost_direct,9.0,23.127046585083008
2023-08-02,2023-08-02 22:00:00,22,lags_meteo,xgboost_direct,7.0,21.942291259765625
2023-08-02,2023-08-02 23:00:00,23,lags_meteo,xgboost_direct,6.0,22.662097930908203
2023-08-02,2023-08-03 00:00:00,24,lags_meteo,xgboost_direct,4.0,22.951637268066406
2023-08-03,2023-08-03 01:00:00,1,lags_meteo,xgboost_direct,16.0,7.224839210510254
2023-08-03,2023-08-03 02:00:00,2,lags_meteo,xgboost_direct,8.0,6.464877605438232
2023-08-03,2023-08-03 03:00:00,3,lags_meteo,xgboost_direct,1.0,6.517604351043701
2023-08-03,2023-08-03 04:00:00,4,lags_meteo,xgboost_direct,7.0,6.712278842926025
2023-08-03,2023-08-03 05:00:00,5,lags_meteo,xgboost_direct,12.0,6.711462497711182
2023-08-03,2023-08-03 06:00:00,6,lags_meteo,xgboost_direct,1.0,6.691006660461426
2023-08-03,2023-08-03 07:00:00,7,lags_meteo,xgboost_direct,14.0,7.522372245788574
2023-08-03,2023-08-03 08:00:00,8,lags_meteo,xgboost_direct,14.0,9.805971145629883
2023-08-03,2023-08-03 09:00:00,9,lags_meteo,xgboost_direct,13.0,12.657783508300781
2023-08-03,2023-08-03 10:00:00,10,lags_meteo,xgboost_direct,4.0,14.228642463684082
2023-08-03,2023-08-03 11:00:00,11,lags_meteo,xgboost_direct,17.0,14.448587417602539
2023-08-03,2023-08-03 12:00:00,12,lags_meteo,xgboost_direct,8.0,16.34644889831543
2023-08-03,2023-08-03 13:00:00,13,lags_meteo,xgboost_direct,19.0,14.994526863098145
2023-08-03,2023-08-03 14:00:00,14,lags_meteo,xgboost_direct,25.0,13.456527709960938
2023-08-03,2023-08-03 15:00:00,15,lags_meteo,xgboost_direct,,13.664044380187988
2023-08-03,2023-08-03 16:00:00,16,lags_meteo,xgboost_direct,,12.999003410339355
2023-08-03,2023-08-03 17:00:00,17,lags_meteo,xgboost_direct,,11.595379829406738
2023-08-03,2023-08-03 18:00:00,18,lags_meteo,xgboost_direct,11.0,11.258140563964844
2023-08-03,2023-08-03 19:00:00,19,lags_meteo,xgboost_direct,10.0,11.113075256347656
2023-08-03,2023-08-03 20:00:00,20,lags_meteo,xgboost_direct,9.0,11.724287033081055
2023-08-03,2023-08-03 21:00:00,21,lags_meteo,xgboost_direct,15.0,12.468411445617676
2023-08-03,2023-08-03 22:00:00,22,lags_meteo,xgboost_direct,14.0,12.32292652130127
2023-08-03,2023-08-03 23:00:00,23,lags_meteo,xgboost_direct,14.0,13.31852912902832
2023-08-03,2023-08-04 00:00:00,24,lags_meteo,xgboost_direct,,11.680231094360352
2023-08-04,2023-08-04 01:00:00,1,lags_meteo,xgboost_direct,,12.635449409484863
2023-08-04,2023-08-04 02:00:00,2,lags_meteo,xgboost_direct,,10.783478736877441
2023-08-04,2023-08-04 03:00:00,3,lags_meteo,xgboost_direct,,10.555927276611328
2023-08-04,2023-08-04 04:00:00,4,lags_meteo,xgboost_direct,,10.90323257446289
2023-08-04,2023-08-04 05:00:00,5,lags_meteo,xgboost_direct,,10.838263511657715
2023-08-04,2023-08-04 06:00:00,6,lags_meteo,xgboost_direct,,10.280826568603516
2023-08-04,2023-08-04 07:00:00,7,lags_meteo,xgboost_direct,,11.048453330993652
2023-08-04,2023-08-04 08:00:00,8,lags_meteo,xgboost_direct,,12.132708549499512
2023-08-04,2023-08-04 09:00:00,9,lags_meteo,xgboost_direct,,13.51127815246582
2023-08-04,2023-08-04 10:00:00,10,lags_meteo,xgboost_direct,,14.717035293579102
2023-08-04,2023-08-04 11:00:00,11,lags_meteo,xgboost_direct,,13.867650985717773
2023-08-04,2023-08-04 12:00:00,12,lags_meteo,xgboost_direct,,13.13275146484375
2023-08-04,2023-08-04 13:00:00,13,lags_meteo,xgboost_direct,,13.05959415435791
2023-08-04,2023-08-04 14:00:00,14,lags_meteo,xgboost_direct,,12.154949188232422
2023-08-04,2023-08-04 15:00:00,15,lags_meteo,xgboost_direct,,12.160659790039062
2023-08-04,2023-08-04 16:00:00,16,lags_meteo,xgboost_direct,5.0,11.712743759155273
2023-08-04,2023-08-04 17:00:00,17,lags_meteo,xgboost_direct,1.0,11.48637580871582
2023-08-04,2023-08-04 18:00:00,18,lags_meteo,xgboost_direct,7.0,11.849306106567383
2023-08-04,2023-08-04 19:00:00,19,lags_meteo,xgboost_direct,6.0,12.612435340881348
2023-08-04,2023-08-04 20:00:00,20,lags_meteo,xgboost_direct,8.0,13.013931274414062
2023-08-04,2023-08-04 21:00:00,21,lags_meteo,xgboost_direct,11.0,14.46773624420166
2023-08-04,2023-08-04 22:00:00,22,lags_meteo,xgboost_direct,11.0,13.443666458129883
2023-08-04,2023-08-04 23:00:00,23,lags_meteo,xgboost_direct,14.0,13.534605979919434
2023-08-04,2023-08-05 00:00:00,24,lags_meteo,xgboost_direct,14.0,14.127513885498047
2023-08-05,2023-08-05 01:00:00,1,lags_meteo,xgboost_direct,15.0,11.261798858642578
2023-08-05,2023-08-05 02:00:00,2,lags_meteo,xgboost_direct,15.0,9.681879997253418
2023-08-05,2023-08-05 03:00:00,3,lags_meteo,xgboost_direct,10.0,9.980157852172852
2023-08-05,2023-08-05 04:00:00,4,lags_meteo,xgboost_direct,12.0,9.889201164245605
2023-08-05,2023-08-05 05:00:00,5,lags_meteo,xgboost_direct,11.0,10.41368579864502
2023-08-05,2023-08-05 06:00:00,6,lags_meteo,xgboost_direct,10.0,10.060003280639648
2023-08-05,2023-08-05 07:00:00,7,lags_meteo,xgboost_direct,9.0,10.724514961242676
2023-08-05,2023-08-05 08:00:00,8,lags_meteo,xgboost_direct,14.0,11.658832550048828
2023-08-05,2023-08-05 09:00:00,9,lags_meteo,xgboost_direct,9.0,13.194305419921875
2023-08-05,2023-08-05 10:00:00,10,lags_meteo,xgboost_direct,6.0,14.146773338317871
2023-08-05,2023-08-05 11:00:00,11,lags_meteo,xgboost_direct,12.0,14.109305381774902
2023-08-05,2023-08-05 12:00:00,12,lags_meteo,xgboost_direct,10.0,13.021371841430664
2023-08-05,2023-08-05 13:00:00,13,lags_meteo,xgboost_direct,11.0,13.120002746582031
2023-08-05,2023-08-05 14:00:00,14,lags_meteo,xgboost_direct,18.0,13.290542602539062
2023-08-05,2023-08-05 15:00:00,15,lags_meteo,xgboost_direct,27.0,12.40273380279541
2023-08-05,2023-08-05 16:00:00,16,lags_meteo,xgboost_direct,12.0,12.084566116333008
2023-08-05,2023-08-05 17:00:00,17,lags_meteo,xgboost_direct,14.0,12.006494522094727
2023-08-05,2023-08-05 18:00:00,18,lags_meteo,xgboost_direct,18.0,12.386405944824219
2023-08-05,2023-08-05 19:00:00,19,lags_meteo,xgboost_direct,14.0,13.4269437789917
2023-08-05,2023-08-05 20:00:00,20,lags_meteo,xgboost_direct,15.0,14.182995796203613
2023-08-05,2023-08-05 21:00:00,21,lags_meteo,xgboost_direct,18.0,15.598695755004883
2023-08-05,2023-08-05 22:00:00,22,lags_meteo,xgboost_direct,21.0,14.574514389038086
2023-08-05,2023-08-05 23:00:00,23,lags_meteo,xgboost_direct,19.0,14.847768783569336
2023-08-05,2023-08-06 00:00:00,24,lags_meteo,xgboost_direct,29.0,15.093195915222168
2023-08-06,2023-08-06 01:00:00,1,lags_meteo,xgboost_direct,32.0,17.23444938659668
2023-08-06,2023-08-06 02:00:00,2,lags_meteo,xgboost_direct,31.0,16.983509063720703
2023-08-06,2023-08-06 03:00:00,3,lags_meteo,xgboost_direct,32.0,16.240373611450195
2023-08-06,2023-08-06 04:00:00,4,lags_meteo,xgboost_direct,26.0,16.844926834106445
2023-08-06,2023-08-06 05:00:00,5,lags_meteo,xgboost_direct,12.0,17.1710147857666
2023-08-06,2023-08-06 06:00:00,6,lags_meteo,xgboost_direct,13.0,17.212718963623047
2023-08-06,2023-08-06 07:00:00,7,lags_meteo,xgboost_direct,18.0,18.0628604888916
2023-08-06,2023-08-06 08:00:00,8,lags_meteo,xgboost_direct,9.0,18.83415412902832
2023-08-06,2023-08-06 09:00:00,9,lags_meteo,xgboost_direct,6.0,20.959745407104492
2023-08-06,2023-08-06 10:00:00,10,lags_meteo,xgboost_direct,10.0,21.49295997619629
2023-08-06,2023-08-06 11:00:00,11,lags_meteo,xgboost_direct,12.0,20.856903076171875
2023-08-06,2023-08-06 12:00:00,12,lags_meteo,xgboost_direct,14.0,20.25208282470703
2023-08-06,2023-08-06 13:00:00,13,lags_meteo,xgboost_direct,25.0,20.04716682434082
2023-08-06,2023-08-06 14:00:00,14,lags_meteo,xgboost_direct,12.0,20.83650016784668
2023-08-06,2023-08-06 15:00:00,15,lags_meteo,xgboost_direct,15.0,19.933517456054688
2023-08-06,2023-08-06 16:00:00,16,lags_meteo,xgboost_direct,20.0,20.457794189453125
2023-08-06,2023-08-06 17:00:00,17,lags_meteo,xgboost_direct,25.0,21.350906372070312
2023-08-06,2023-08-06 18:00:00,18,lags_meteo,xgboost_direct,17.0,20.404680252075195
2023-08-06,2023-08-06 19:00:00,19,lags_meteo,xgboost_direct,10.0,19.399906158447266
2023-08-06,2023-08-06 20:00:00,20,lags_meteo,xgboost_direct,10.0,19.761474609375
2023-08-06,2023-08-06 21:00:00,21,lags_meteo,xgboost_direct,12.0,19.3408260345459
2023-08-06,2023-08-06 22:00:00,22,lags_meteo,xgboost_direct,10.0,19.685691833496094
2023-08-06,2023-08-06 23:00:00,23,lags_meteo,xgboost_direct,8.0,18.714941024780273
2023-08-06,2023-08-07 00:00:00,24,lags_meteo,xgboost_direct,17.0,18.231908798217773
2023-08-07,2023-08-07 01:00:00,1,lags_meteo,xgboost_direct,24.0,9.834012985229492
2023-08-07,2023-08-07 02:00:00,2,lags_meteo,xgboost_direct,18.0,10.116525650024414
2023-08-07,2023-08-07 03:00:00,3,lags_meteo,xgboost_direct,15.0,10.02398681640625
2023-08-07,2023-08-07 04:00:00,4,lags_meteo,xgboost_direct,12.0,9.973077774047852
2023-08-07,2023-08-07 05:00:00,5,lags_meteo,xgboost_direct,13.0,10.410802841186523
2023-08-07,2023-08-07 06:00:00,6,lags_meteo,xgboost_direct,14.0,10.34643268585205
2023-08-07,2023-08-07 07:00:00,7,lags_meteo,xgboost_direct,4.0,11.067500114440918
2023-08-07,2023-08-07 08:00:00,8,lags_meteo,xgboost_direct,11.0,13.600817680358887
2023-08-07,2023-08-07 09:00:00,9,lags_meteo,xgboost_direct,18.0,14.884199142456055
2023-08-07,2023-08-07 10:00:00,10,lags_meteo,xgboost_direct,16.0,14.880524635314941
2023-08-07,2023-08-07 11:00:00,11,lags_meteo,xgboost_direct,7.0,14.738622665405273
2023-08-07,2023-08-07 12:00:00,12,lags_meteo,xgboost_direct,5.0,16.542774200439453
2023-08-07,2023-08-07 13:00:00,13,lags_meteo,xgboost_direct,11.0,16.236770629882812
2023-08-07,2023-08-07 14:00:00,14,lags_meteo,xgboost_direct,21.0,16.65298843383789
2023-08-07,2023-08-07 15:00:00,15,lags_meteo,xgboost_direct,25.0,16.77704429626465
2023-08-07,2023-08-07 16:00:00,16,lags_meteo,xgboost_direct,18.0,16.058826446533203
2023-08-07,2023-08-07 17:00:00,17,lags_meteo,xgboost_direct,16.0,16.361513137817383
2023-08-07,2023-08-07 18:00:00,18,lags_meteo,xgboost_direct,19.0,16.126914978027344
2023-08-07,2023-08-07 19:00:00,19,lags_meteo,xgboost_direct,21.0,16.32733726501465
2023-08-07,2023-08-07 20:00:00,20,lags_meteo,xgboost_direct,20.0,15.207083702087402
2023-08-07,2023-08-07 21:00:00,21,lags_meteo,xgboost_direct,20.0,15.330331802368164
2023-08-07,2023-08-07 22:00:00,22,lags_meteo,xgboost_direct,26.0,14.479738235473633
2023-08-07,2023-08-07 23:00:00,23,lags_meteo,xgboost_direct,28.0,13.272860527038574
2023-08-07,2023-08-08 00:00:00,24,lags_meteo,xgboost_direct,27.0,14.078985214233398
2023-08-08,2023-08-08 01:00:00,1,lags_meteo,xgboost_direct,26.0,23.317543029785156
2023-08-08,2023-08-08 02:00:00,2,lags_meteo,xgboost_direct,42.0,22.287857055664062
2023-08-08,2023-08-08 03:00:00,3,lags_meteo,xgboost_direct,41.0,22.03712272644043
2023-08-08,2023-08-08 04:00:00,4,lags_meteo,xgboost_direct,32.0,21.24357795715332
2023-08-08,2023-08-08 05:00:00,5,lags_meteo,xgboost_direct,31.0,20.66168975830078
2023-08-08,2023-08-08 06:00:00,6,lags_meteo,xgboost_direct,27.0,20.520431518554688
2023-08-08,2023-08-08 07:00:00,7,lags_meteo,xgboost_direct,18.0,22.192283630371094
2023-08-08,2023-08-08 08:00:00,8,lags_meteo,xgboost_direct,20.0,22.47769546508789
2023-08-08,2023-08-08 09:00:00,9,lags_meteo,xgboost_direct,30.0,24.760194778442383
2023-08-08,2023-08-08 10:00:00,10,lags_meteo,xgboost_direct,38.0,27.08942413330078
2023-08-08,2023-08-08 11:00:00,11,lags_meteo,xgboost_direct,24.0,26.829204559326172
2023-08-08,2023-08-08 12:00:00,12,lags_meteo,xgboost_direct,34.0,26.5731143951416
2023-08-08,2023-08-08 13:00:00,13,lags_meteo,xgboost_direct,40.0,24.969484329223633
2023-08-08,2023-08-08 14:00:00,14,lags_meteo,xgboost_direct,45.0,23.931310653686523
2023-08-08,2023-08-08 15:00:00,15,lags_meteo,xgboost_direct,56.0,23.59162139892578
2023-08-08,2023-08-08 16:00:00,16,lags_meteo,xgboost_direct,42.0,25.172636032104492
2023-08-08,2023-08-08 17:00:00,17,lags_meteo,xgboost_direct,33.0,28.10491943359375
2023-08-08,2023-08-08 18:00:00,18,lags_meteo,xgboost_direct,29.0,27.30129051208496
2023-08-08,2023-08-08 19:00:00,19,lags_meteo,xgboost_direct,26.0,24.038240432739258
2023-08-08,2023-08-08 20:00:00,20,lags_meteo,xgboost_direct,38.0,24.514385223388672
2023-08-08,2023-08-08 21:00:00,21,lags_meteo,xgboost_direct,42.0,24.623231887817383
2023-08-08,2023-08-08 22:00:00,22,lags_meteo,xgboost_direct,38.0,25.481346130371094
2023-08-08,2023-08-08 23:00:00,23,lags_meteo,xgboost_direct,38.0,26.195646286010742
2023-08-08,2023-08-09 00:00:00,24,lags_meteo,xgboost_direct,35.0,24.34282684326172
2023-08-09,2023-08-09 01:00:00,1,lags_meteo,xgboost_direct,41.0,35.71287536621094
2023-08-09,2023-08-09 02:00:00,2,lags_meteo,xgboost_direct,35.0,34.39888000488281
2023-08-09,2023-08-09 03:00:00,3,lags_meteo,xgboost_direct,50.0,34.95201110839844
2023-08-09,2023-08-09 04:00:00,4,lags_meteo,xgboost_direct,53.0,34.97292709350586
2023-08-09,2023-08-09 05:00:00,5,lags_meteo,xgboost_direct,45.0,34.587562561035156
2023-08-09,2023-08-09 06:00:00,6,lags_meteo,xgboost_direct,35.0,33.72097396850586
2023-08-09,2023-08-09 07:00:00,7,lags_meteo,xgboost_direct,44.0,35.51028823852539
2023-08-09,2023-08-09 08:00:00,8,lags_meteo,xgboost_direct,43.0,35.86937713623047
2023-08-09,2023-08-09 09:00:00,9,lags_meteo,xgboost_direct,59.0,38.23516082763672
2023-08-09,2023-08-09 10:00:00,10,lags_meteo,xgboost_direct,49.0,41.7400016784668
2023-08-09,2023-08-09 11:00:00,11,lags_meteo,xgboost_direct,43.0,43.58892822265625
2023-08-09,2023-08-09 12:00:00,12,lags_meteo,xgboost_direct,50.0,43.069801330566406
2023-08-09,2023-08-09 13:00:00,13,lags_meteo,xgboost_direct,55.0,42.03408432006836
2023-08-09,2023-08-09 14:00:00,14,lags_meteo,xgboost_direct,59.0,42.43792724609375
2023-08-09,2023-08-09 15:00:00,15,lags_meteo,xgboost_direct,62.0,44.24444580078125
2023-08-09,2023-08-09 16:00:00,16,lags_meteo,xgboost_direct,73.0,46.11751174926758
2023-08-09,2023-08-09 17:00:00,17,lags_meteo,xgboost_direct,82.0,47.95625686645508
2023-08-09,2023-08-09 18:00:00,18,lags_meteo,xgboost_direct,93.0,47.90940856933594
2023-08-09,2023-08-09 19:00:00,19,lags_meteo,xgboost_direct,106.0,47.620975494384766
2023-08-09,2023-08-09 20:00:00,20,lags_meteo,xgboost_direct,91.0,50.260169982910156
2023-08-09,2023-08-09 21:00:00,21,lags_meteo,xgboost_direct,93.0,47.55023193359375
2023-08-09,2023-08-09 22:00:00,22,lags_meteo,xgboost_direct,87.0,47.31058120727539
2023-08-09,2023-08-09 23:00:00,23,lags_meteo,xgboost_direct,83.0,45.3735466003418
2023-08-09,2023-08-10 00:00:00,24,lags_meteo,xgboost_direct,75.0,45.648765563964844
2023-08-10,2023-08-10 01:00:00,1,lags_meteo,xgboost_direct,70.0,75.60563659667969
2023-08-10,2023-08-10 02:00:00,2,lags_meteo,xgboost_direct,66.0,72.99324035644531
2023-08-10,2023-08-10 03:00:00,3,lags_meteo,xgboost_direct,60.0,71.7057113647461
2023-08-10,2023-08-10 04:00:00,4,lags_meteo,xgboost_direct,54.0,66.41414642333984
2023-08-10,2023-08-10 05:00:00,5,lags_meteo,xgboost_direct,52.0,62.85123825073242
2023-08-10,2023-08-10 06:00:00,6,lags_meteo,xgboost_direct,47.0,65.78990173339844
2023-08-10,2023-08-10 07:00:00,7,lags_meteo,xgboost_direct,40.0,60.373443603515625
2023-08-10,2023-08-10 08:00:00,8,lags_meteo,xgboost_direct,34.0,64.15037536621094
2023-08-10,2023-08-10 09:00:00,9,lags_meteo,xgboost_direct,35.0,65.47576141357422
2023-08-10,2023-08-10 10:00:00,10,lags_meteo,xgboost_direct,37.0,67.05225372314453
2023-08-10,2023-08-10 11:00:00,11,lags_meteo,xgboost_direct,32.0,66.99695587158203
2023-08-10,2023-08-10 12:00:00,12,lags_meteo,xgboost_direct,15.0,63.75217056274414
2023-08-10,2023-08-10 13:00:00,13,lags_meteo,xgboost_direct,15.0,61.3181037902832
2023-08-10,2023-08-10 14:00:00,14,lags_meteo,xgboost_direct,22.0,64.29335021972656
2023-08-10,2023-08-10 15:00:00,15,lags_meteo,xgboost_direct,24.0,63.03840255737305
2023-08-10,2023-08-10 16:00:00,16,lags_meteo,xgboost_direct,22.0,65.35987091064453
2023-08-10,2023-08-10 17:00:00,17,lags_meteo,xgboost_direct,19.0,63.424503326416016
2023-08-10,2023-08-10 18:00:00,18,lags_meteo,xgboost_direct,6.0,53.75210189819336
2023-08-10,2023-08-10 19:00:00,19,lags_meteo,xgboost_direct,13.0,56.667388916015625
2023-08-10,2023-08-10 20:00:00,20,lags_meteo,xgboost_direct,14.0,50.60825729370117
2023-08-10,2023-08-10 21:00:00,21,lags_meteo,xgboost_direct,11.0,45.4382209777832
2023-08-10,2023-08-10 22:00:00,22,lags_meteo,xgboost_direct,12.0,46.47426223754883
2023-08-10,2023-08-10 23:00:00,23,lags_meteo,xgboost_direct,11.0,38.42532730102539
2023-08-10,2023-08-11 00:00:00,24,lags_meteo,xgboost_direct,12.0,42.27284240722656
2023-08-11,2023-08-11 01:00:00,1,lags_meteo,xgboost_direct,24.0,11.655731201171875
2023-08-11,2023-08-11 02:00:00,2,lags_meteo,xgboost_direct,33.0,12.510876655578613
2023-08-11,2023-08-11 03:00:00,3,lags_meteo,xgboost_direct,15.0,13.001124382019043
2023-08-11,2023-08-11 04:00:00,4,lags_meteo,xgboost_direct,11.0,12.256208419799805
2023-08-11,2023-08-11 05:00:00,5,lags_meteo,xgboost_direct,16.0,13.061939239501953
2023-08-11,2023-08-11 06:00:00,6,lags_meteo,xgboost_direct,18.0,13.643113136291504
2023-08-11,2023-08-11 07:00:00,7,lags_meteo,xgboost_direct,3.0,14.743767738342285
2023-08-11,2023-08-11 08:00:00,8,lags_meteo,xgboost_direct,9.0,16.704870223999023
2023-08-11,2023-08-11 09:00:00,9,lags_meteo,xgboost_direct,32.0,20.989126205444336
2023-08-11,2023-08-11 10:00:00,10,lags_meteo,xgboost_direct,30.0,22.24323844909668
2023-08-11,2023-08-11 11:00:00,11,lags_meteo,xgboost_direct,49.0,24.651315689086914
2023-08-11,2023-08-11 12:00:00,12,lags_meteo,xgboost_direct,66.0,22.645530700683594
2023-08-11,2023-08-11 13:00:00,13,lags_meteo,xgboost_direct,55.0,23.12842559814453
2023-08-11,2023-08-11 14:00:00,14,lags_meteo,xgboost_direct,15.0,17.958751678466797
2023-08-11,2023-08-11 15:00:00,15,lags_meteo,xgboost_direct,29.0,16.584228515625
2023-08-11,2023-08-11 16:00:00,16,lags_meteo,xgboost_direct,29.0,17.206863403320312
2023-08-11,2023-08-11 17:00:00,17,lags_meteo,xgboost_direct,28.0,17.338672637939453
2023-08-11,2023-08-11 18:00:00,18,lags_meteo,xgboost_direct,24.0,17.77791404724121
2023-08-11,2023-08-11 19:00:00,19,lags_meteo,xgboost_direct,24.0,17.838083267211914
2023-08-11,2023-08-11 20:00:00,20,lags_meteo,xgboost_direct,18.0,22.651548385620117
2023-08-11,2023-08-11 21:00:00,21,lags_meteo,xgboost_direct,21.0,20.696931838989258
2023-08-11,2023-08-11 22:00:00,22,lags_meteo,xgboost_direct,25.0,19.11643409729004
2023-08-11,2023-08-11 23:00:00,23,lags_meteo,xgboost_direct,19.0,22.167417526245117
2023-08-11,2023-08-12 00:00:00,24,lags_meteo,xgboost_direct,20.0,23.688087463378906
2023-08-12,2023-08-12 01:00:00,1,lags_meteo,xgboost_direct,21.0,18.833932876586914
2023-08-12,2023-08-12 02:00:00,2,lags_meteo,xgboost_direct,22.0,19.190536499023438
2023-08-12,2023-08-12 03:00:00,3,lags_meteo,xgboost_direct,16.0,19.586711883544922
2023-08-12,2023-08-12 04:00:00,4,lags_meteo,xgboost_direct,6.0,21.2734432220459
2023-08-12,2023-08-12 05:00:00,5,lags_meteo,xgboost_direct,8.0,21.42112159729004
2023-08-12,2023-08-12 06:00:00,6,lags_meteo,xgboost_direct,31.0,22.55691146850586
2023-08-12,2023-08-12 07:00:00,7,lags_meteo,xgboost_direct,21.0,26.168169021606445
2023-08-12,2023-08-12 08:00:00,8,lags_meteo,xgboost_direct,13.0,32.020835876464844
2023-08-12,2023-08-12 09:00:00,9,lags_meteo,xgboost_direct,27.0,39.18815612792969
2023-08-12,2023-08-12 10:00:00,10,lags_meteo,xgboost_direct,37.0,36.73143768310547
2023-08-12,2023-08-12 11:00:00,11,lags_meteo,xgboost_direct,32.0,38.9723014831543
2023-08-12,2023-08-12 12:00:00,12,lags_meteo,xgboost_direct,36.0,37.9747200012207
2023-08-12,2023-08-12 13:00:00,13,lags_meteo,xgboost_direct,33.0,41.511756896972656
2023-08-12,2023-08-12 14:00:00,14,lags_meteo,xgboost_direct,31.0,44.89451599121094
2023-08-12,2023-08-12 15:00:00,15,lags_meteo,xgboost_direct,44.0,45.75990295410156
2023-08-12,2023-08-12 16:00:00,16,lags_meteo,xgboost_direct,21.0,45.4276123046875
2023-08-12,2023-08-12 17:00:00,17,lags_meteo,xgboost_direct,23.0,43.780418395996094
2023-08-12,2023-08-12 18:00:00,18,lags_meteo,xgboost_direct,22.0,38.6372184753418
2023-08-12,2023-08-12 19:00:00,19,lags_meteo,xgboost_direct,14.0,40.188594818115234
2023-08-12,2023-08-12 20:00:00,20,lags_meteo,xgboost_direct,18.0,33.25773620605469
2023-08-12,2023-08-12 21:00:00,21,lags_meteo,xgboost_direct,20.0,29.375038146972656
2023-08-12,2023-08-12 22:00:00,22,lags_meteo,xgboost_direct,24.0,31.093252182006836
2023-08-12,2023-08-12 23:00:00,23,lags_meteo,xgboost_direct,23.0,32.920257568359375
2023-08-12,2023-08-13 00:00:00,24,lags_meteo,xgboost_direct,18.0,31.33699607849121
2023-08-13,2023-08-13 01:00:00,1,lags_meteo,xgboost_direct,19.0,22.608245849609375
2023-08-13,2023-08-13 02:00:00,2,lags_meteo,xgboost_direct,23.0,22.07990074157715
2023-08-13,2023-08-13 03:00:00,3,lags_meteo,xgboost_direct,14.0,21.78900146484375
2023-08-13,2023-08-13 04:00:00,4,lags_meteo,xgboost_direct,20.0,20.714235305786133
2023-08-13,2023-08-13 05:00:00,5,lags_meteo,xgboost_direct,18.0,21.214847564697266
2023-08-13,2023-08-13 06:00:00,6,lags_meteo,xgboost_direct,23.0,21.941804885864258
2023-08-13,2023-08-13 07:00:00,7,lags_meteo,xgboost_direct,18.0,21.9484806060791
2023-08-13,2023-08-13 08:00:00,8,lags_meteo,xgboost_direct,24.0,25.293975830078125
2023-08-13,2023-08-13 09:00:00,9,lags_meteo,xgboost_direct,30.0,26.515127182006836
2023-08-13,2023-08-13 10:00:00,10,lags_meteo,xgboost_direct,27.0,34.0948600769043
2023-08-13,2023-08-13 11:00:00,11,lags_meteo,xgboost_direct,27.0,35.20597839355469
2023-08-13,2023-08-13 12:00:00,12,lags_meteo,xgboost_direct,26.0,33.71730422973633
2023-08-13,2023-08-13 13:00:00,13,lags_meteo,xgboost_direct,29.0,31.17841339111328
2023-08-13,2023-08-13 14:00:00,14,lags_meteo,xgboost_direct,19.0,30.120044708251953
2023-08-13,2023-08-13 15:00:00,15,lags_meteo,xgboost_direct,19.0,32.2183837890625
2023-08-13,2023-08-13 16:00:00,16,lags_meteo,xgboost_direct,26.0,31.976482391357422
2023-08-13,2023-08-13 17:00:00,17,lags_meteo,xgboost_direct,16.0,34.19460678100586
2023-08-13,2023-08-13 18:00:00,18,lags_meteo,xgboost_direct,9.0,32.73683166503906
2023-08-13,2023-08-13 19:00:00,19,lags_meteo,xgboost_direct,13.0,29.845539093017578
2023-08-13,2023-08-13 20:00:00,20,lags_meteo,xgboost_direct,16.0,27.130369186401367
2023-08-13,2023-08-13 21:00:00,21,lags_meteo,xgboost_direct,15.0,25.91785430908203
2023-08-13,2023-08-13 22:00:00,22,lags_meteo,xgboost_direct,16.0,26.78487777709961
2023-08-13,2023-08-13 23:00:00,23,lags_meteo,xgboost_direct,16.0,25.81354331970215
2023-08-13,2023-08-14 00:00:00,24,lags_meteo,xgboost_direct,26.0,25.845354080200195
2023-08-14,2023-08-14 01:00:00,1,lags_meteo,xgboost_direct,14.0,15.951702117919922
2023-08-14,2023-08-14 02:00:00,2,lags_meteo,xgboost_direct,17.0,16.371156692504883
2023-08-14,2023-08-14 03:00:00,3,lags_meteo,xgboost_direct,30.0,15.978706359863281
2023-08-14,2023-08-14 04:00:00,4,lags_meteo,xgboost_direct,26.0,15.551553726196289
2023-08-14,2023-08-14 05:00:00,5,lags_meteo,xgboost_direct,20.0,15.821781158447266
2023-08-14,2023-08-14 06:00:00,6,lags_meteo,xgboost_direct,20.0,16.30500602722168
2023-08-14,2023-08-14 07:00:00,7,lags_meteo,xgboost_direct,5.0,17.47000503540039
2023-08-14,2023-08-14 08:00:00,8,lags_meteo,xgboost_direct,16.0,20.426549911499023
2023-08-14,2023-08-14 09:00:00,9,lags_meteo,xgboost_direct,32.0,25.61420249938965
2023-08-14,2023-08-14 10:00:00,10,lags_meteo,xgboost_direct,29.0,26.675161361694336
2023-08-14,2023-08-14 11:00:00,11,lags_meteo,xgboost_direct,25.0,29.177125930786133
2023-08-14,2023-08-14 12:00:00,12,lags_meteo,xgboost_direct,24.0,28.126197814941406
2023-08-14,2023-08-14 13:00:00,13,lags_meteo,xgboost_direct,19.0,25.432119369506836
2023-08-14,2023-08-14 14:00:00,14,lags_meteo,xgboost_direct,28.0,23.15399742126465
2023-08-14,2023-08-14 15:00:00,15,lags_meteo,xgboost_direct,20.0,22.398317337036133
2023-08-14,2023-08-14 16:00:00,16,lags_meteo,xgboost_direct,14.0,21.191980361938477
2023-08-14,2023-08-14 17:00:00,17,lags_meteo,xgboost_direct,13.0,19.16992950439453
2023-08-14,2023-08-14 18:00:00,18,lags_meteo,xgboost_direct,7.0,20.71896743774414
2023-08-14,2023-08-14 19:00:00,19,lags_meteo,xgboost_direct,19.0,19.525463104248047
2023-08-14,2023-08-14 20:00:00,20,lags_meteo,xgboost_direct,6.0,22.75901222229004
2023-08-14,2023-08-14 21:00:00,21,lags_meteo,xgboost_direct,7.0,23.22147560119629
2023-08-14,2023-08-14 22:00:00,22,lags_meteo,xgboost_direct,12.0,21.791126251220703
2023-08-14,2023-08-14 23:00:00,23,lags_meteo,xgboost_direct,19.0,21.773832321166992
2023-08-14,2023-08-15 00:00:00,24,lags_meteo,xgboost_direct,27.0,22.85990333557129
2023-08-15,2023-08-15 01:00:00,1,lags_meteo,xgboost_direct,24.0,17.012828826904297
2023-08-15,2023-08-15 02:00:00,2,lags_meteo,xgboost_direct,24.0,16.20368766784668
2023-08-15,2023-08-15 03:00:00,3,lags_meteo,xgboost_direct,20.0,14.758257865905762
2023-08-15,2023-08-15 04:00:00,4,lags_meteo,xgboost_direct,22.0,14.276595115661621
2023-08-15,2023-08-15 05:00:00,5,lags_meteo,xgboost_direct,13.0,13.948338508605957
2023-08-15,2023-08-15 06:00:00,6,lags_meteo,xgboost_direct,22.0,14.227356910705566
2023-08-15,2023-08-15 07:00:00,7,lags_meteo,xgboost_direct,15.0,14.789628982543945
2023-08-15,2023-08-15 08:00:00,8,lags_meteo,xgboost_direct,12.0,17.417922973632812
2023-08-15,2023-08-15 09:00:00,9,lags_meteo,xgboost_direct,29.0,21.454811096191406
2023-08-15,2023-08-15 10:00:00,10,lags_meteo,xgboost_direct,19.0,21.03490447998047
2023-08-15,2023-08-15 11:00:00,11,lags_meteo,xgboost_direct,23.0,21.084007263183594
2023-08-15,2023-08-15 12:00:00,12,lags_meteo,xgboost_direct,25.0,21.544328689575195
2023-08-15,2023-08-15 13:00:00,13,lags_meteo,xgboost_direct,14.0,22.555219650268555
2023-08-15,2023-08-15 14:00:00,14,lags_meteo,xgboost_direct,3.0,21.332395553588867
2023-08-15,2023-08-15 15:00:00,15,lags_meteo,xgboost_direct,15.0,19.822914123535156
2023-08-15,2023-08-15 16:00:00,16,lags_meteo,xgboost_direct,27.0,18.539997100830078
2023-08-15,2023-08-15 17:00:00,17,lags_meteo,xgboost_direct,19.0,16.29412078857422
2023-08-15,2023-08-15 18:00:00,18,lags_meteo,xgboost_direct,16.0,16.73186683654785
2023-08-15,2023-08-15 19:00:00,19,lags_meteo,xgboost_direct,19.0,15.479971885681152
2023-08-15,2023-08-15 20:00:00,20,lags_meteo,xgboost_direct,14.0,17.484434127807617
2023-08-15,2023-08-15 21:00:00,21,lags_meteo,xgboost_direct,14.0,17.259307861328125
2023-08-15,2023-08-15 22:00:00,22,lags_meteo,xgboost_direct,16.0,17.180644989013672
2023-08-15,2023-08-15 23:00:00,23,lags_meteo,xgboost_direct,17.0,18.29236602783203
2023-08-15,2023-08-16 00:00:00,24,lags_meteo,xgboost_direct,23.0,19.529945373535156
2023-08-16,2023-08-16 01:00:00,1,lags_meteo,xgboost_direct,24.0,20.46226692199707
2023-08-16,2023-08-16 02:00:00,2,lags_meteo,xgboost_direct,25.0,19.533531188964844
2023-08-16,2023-08-16 03:00:00,3,lags_meteo,xgboost_direct,27.0,17.995027542114258
2023-08-16,2023-08-16 04:00:00,4,lags_meteo,xgboost_direct,27.0,17.516538619995117
2023-08-16,2023-08-16 05:00:00,5,lags_meteo,xgboost_direct,31.0,17.342639923095703
2023-08-16,2023-08-16 06:00:00,6,lags_meteo,xgboost_direct,43.0,17.45600128173828
2023-08-16,2023-08-16 07:00:00,7,lags_meteo,xgboost_direct,17.0,17.52631378173828
2023-08-16,2023-08-16 08:00:00,8,lags_meteo,xgboost_direct,14.0,20.453937530517578
2023-08-16,2023-08-16 09:00:00,9,lags_meteo,xgboost_direct,37.0,25.72422981262207
2023-08-16,2023-08-16 10:00:00,10,lags_meteo,xgboost_direct,53.0,27.03734016418457
2023-08-16,2023-08-16 11:00:00,11,lags_meteo,xgboost_direct,29.0,25.89541244506836
2023-08-16,2023-08-16 12:00:00,12,lags_meteo,xgboost_direct,30.0,25.770727157592773
2023-08-16,2023-08-16 13:00:00,13,lags_meteo,xgboost_direct,31.0,25.747615814208984
2023-08-16,2023-08-16 14:00:00,14,lags_meteo,xgboost_direct,29.0,25.50918197631836
2023-08-16,2023-08-16 15:00:00,15,lags_meteo,xgboost_direct,15.0,26.649263381958008
2023-08-16,2023-08-16 16:00:00,16,lags_meteo,xgboost_direct,15.0,23.925722122192383
2023-08-16,2023-08-16 17:00:00,17,lags_meteo,xgboost_direct,13.0,24.69375991821289
2023-08-16,2023-08-16 18:00:00,18,lags_meteo,xgboost_direct,16.0,24.614152908325195
2023-08-16,2023-08-16 19:00:00,19,lags_meteo,xgboost_direct,12.0,23.297754287719727
2023-08-16,2023-08-16 20:00:00,20,lags_meteo,xgboost_direct,11.0,20.668027877807617
2023-08-16,2023-08-16 21:00:00,21,lags_meteo,xgboost_direct,16.0,21.326824188232422
2023-08-16,2023-08-16 22:00:00,22,lags_meteo,xgboost_direct,14.0,21.503578186035156
2023-08-16,2023-08-16 23:00:00,23,lags_meteo,xgboost_direct,12.0,21.852832794189453
2023-08-16,2023-08-17 00:00:00,24,lags_meteo,xgboost_direct,19.0,21.88474464416504
2023-08-17,2023-08-17 01:00:00,1,lags_meteo,xgboost_direct,25.0,13.646343231201172
2023-08-17,2023-08-17 02:00:00,2,lags_meteo,xgboost_direct,31.0,14.25366497039795
2023-08-17,2023-08-17 03:00:00,3,lags_meteo,xgboost_direct,25.0,14.01475715637207
2023-08-17,2023-08-17 04:00:00,4,lags_meteo,xgboost_direct,12.0,14.864017486572266
2023-08-17,2023-08-17 05:00:00,5,lags_meteo,xgboost_direct,19.0,14.816879272460938
2023-08-17,2023-08-17 06:00:00,6,lags_meteo,xgboost_direct,19.0,14.83696174621582
2023-08-17,2023-08-17 07:00:00,7,lags_meteo,xgboost_direct,23.0,15.349440574645996
2023-08-17,2023-08-17 08:00:00,8,lags_meteo,xgboost_direct,19.0,16.673559188842773
2023-08-17,2023-08-17 09:00:00,9,lags_meteo,xgboost_direct,30.0,19.392349243164062
2023-08-17,2023-08-17 10:00:00,10,lags_meteo,xgboost_direct,43.0,22.460235595703125
2023-08-17,2023-08-17 11:00:00,11,lags_meteo,xgboost_direct,41.0,21.526763916015625
2023-08-17,2023-08-17 12:00:00,12,lags_meteo,xgboost_direct,,20.948320388793945
2023-08-17,2023-08-17 13:00:00,13,lags_meteo,xgboost_direct,,21.431245803833008
2023-08-17,2023-08-17 14:00:00,14,lags_meteo,xgboost_direct,,20.922883987426758
2023-08-17,2023-08-17 15:00:00,15,lags_meteo,xgboost_direct,20.0,19.68833351135254
2023-08-17,2023-08-17 16:00:00,16,lags_meteo,xgboost_direct,22.0,18.74317169189453
2023-08-17,2023-08-17 17:00:00,17,lags_meteo,xgboost_direct,23.0,17.929967880249023
2023-08-17,2023-08-17 18:00:00,18,lags_meteo,xgboost_direct,9.0,16.793750762939453
2023-08-17,2023-08-17 19:00:00,19,lags_meteo,xgboost_direct,5.0,17.17966079711914
2023-08-17,2023-08-17 20:00:00,20,lags_meteo,xgboost_direct,12.0,17.780744552612305
2023-08-17,2023-08-17 21:00:00,21,lags_meteo,xgboost_direct,14.0,17.521093368530273
2023-08-17,2023-08-17 22:00:00,22,lags_meteo,xgboost_direct,17.0,19.009654998779297
2023-08-17,2023-08-17 23:00:00,23,lags_meteo,xgboost_direct,22.0,18.682527542114258
2023-08-17,2023-08-18 00:00:00,24,lags_meteo,xgboost_direct,28.0,18.198171615600586
2023-08-18,2023-08-18 01:00:00,1,lags_meteo,xgboost_direct,15.0,19.955249786376953
2023-08-18,2023-08-18 02:00:00,2,lags_meteo,xgboost_direct,17.0,19.239023208618164
2023-08-18,2023-08-18 03:00:00,3,lags_meteo,xgboost_direct,19.0,18.674829483032227
2023-08-18,2023-08-18 04:00:00,4,lags_meteo,xgboost_direct,22.0,18.335485458374023
2023-08-18,2023-08-18 05:00:00,5,lags_meteo,xgboost_direct,21.0,16.994962692260742
2023-08-18,2023-08-18 06:00:00,6,lags_meteo,xgboost_direct,13.0,17.83852767944336
2023-08-18,2023-08-18 07:00:00,7,lags_meteo,xgboost_direct,22.0,18.956850051879883
2023-08-18,2023-08-18 08:00:00,8,lags_meteo,xgboost_direct,13.0,21.65435028076172
2023-08-18,2023-08-18 09:00:00,9,lags_meteo,xgboost_direct,24.0,26.63863754272461
2023-08-18,2023-08-18 10:00:00,10,lags_meteo,xgboost_direct,42.0,25.678667068481445
2023-08-18,2023-08-18 11:00:00,11,lags_meteo,xgboost_direct,26.0,24.891542434692383
2023-08-18,2023-08-18 12:00:00,12,lags_meteo,xgboost_direct,26.0,25.896669387817383
2023-08-18,2023-08-18 13:00:00,13,lags_meteo,xgboost_direct,15.0,23.14545440673828
2023-08-18,2023-08-18 14:00:00,14,lags_meteo,xgboost_direct,9.0,22.52106475830078
2023-08-18,2023-08-18 15:00:00,15,lags_meteo,xgboost_direct,12.0,19.115427017211914
2023-08-18,2023-08-18 16:00:00,16,lags_meteo,xgboost_direct,19.0,17.89231300354004
2023-08-18,2023-08-18 17:00:00,17,lags_meteo,xgboost_direct,9.0,17.88446617126465
2023-08-18,2023-08-18 18:00:00,18,lags_meteo,xgboost_direct,18.0,16.302202224731445
2023-08-18,2023-08-18 19:00:00,19,lags_meteo,xgboost_direct,13.0,15.78358268737793
2023-08-18,2023-08-18 20:00:00,20,lags_meteo,xgboost_direct,10.0,16.573528289794922
2023-08-18,2023-08-18 21:00:00,21,lags_meteo,xgboost_direct,8.0,18.074403762817383
2023-08-18,2023-08-18 22:00:00,22,lags_meteo,xgboost_direct,7.0,18.538930892944336
2023-08-18,2023-08-18 23:00:00,23,lags_meteo,xgboost_direct,13.0,19.65816879272461
2023-08-18,2023-08-19 00:00:00,24,lags_meteo,xgboost_direct,20.0,20.250207901000977
2023-08-19,2023-08-19 01:00:00,1,lags_meteo,xgboost_direct,21.0,13.444836616516113
2023-08-19,2023-08-19 02:00:00,2,lags_meteo,xgboost_direct,16.0,13.961957931518555
2023-08-19,2023-08-19 03:00:00,3,lags_meteo,xgboost_direct,12.0,14.104528427124023
2023-08-19,2023-08-19 04:00:00,4,lags_meteo,xgboost_direct,17.0,13.416592597961426
2023-08-19,2023-08-19 05:00:00,5,lags_meteo,xgboost_direct,14.0,13.017251968383789
2023-08-19,2023-08-19 06:00:00,6,lags_meteo,xgboost_direct,24.0,13.039732933044434
2023-08-19,2023-08-19 07:00:00,7,lags_meteo,xgboost_direct,28.0,13.902329444885254
2023-08-19,2023-08-19 08:00:00,8,lags_meteo,xgboost_direct,21.0,14.81936264038086
2023-08-19,2023-08-19 09:00:00,9,lags_meteo,xgboost_direct,27.0,17.038206100463867
2023-08-19,2023-08-19 10:00:00,10,lags_meteo,xgboost_direct,22.0,17.68217658996582
2023-08-19,2023-08-19 11:00:00,11,lags_meteo,xgboost_direct,31.0,17.938671112060547
2023-08-19,2023-08-19 12:00:00,12,lags_meteo,xgboost_direct,27.0,18.430137634277344
2023-08-19,2023-08-19 13:00:00,13,lags_meteo,xgboost_direct,19.0,18.9105167388916
2023-08-19,2023-08-19 14:00:00,14,lags_meteo,xgboost_direct,20.0,18.771133422851562
2023-08-19,2023-08-19 15:00:00,15,lags_meteo,xgboost_direct,3.0,18.34855842590332
2023-08-19,2023-08-19 16:00:00,16,lags_meteo,xgboost_direct,14.0,17.94402313232422
2023-08-19,2023-08-19 17:00:00,17,lags_meteo,xgboost_direct,26.0,16.314767837524414
2023-08-19,2023-08-19 18:00:00,18,lags_meteo,xgboost_direct,24.0,15.382487297058105
2023-08-19,2023-08-19 19:00:00,19,lags_meteo,xgboost_direct,13.0,15.179734230041504
2023-08-19,2023-08-19 20:00:00,20,lags_meteo,xgboost_direct,18.0,15.124319076538086
2023-08-19,2023-08-19 21:00:00,21,lags_meteo,xgboost_direct,19.0,15.018242835998535
2023-08-19,2023-08-19 22:00:00,22,lags_meteo,xgboost_direct,17.0,15.110025405883789
2023-08-19,2023-08-19 23:00:00,23,lags_meteo,xgboost_direct,18.0,16.0162353515625
2023-08-19,2023-08-20 00:00:00,24,lags_meteo,xgboost_direct,18.0,16.47694969177246
2023-08-20,2023-08-20 01:00:00,1,lags_meteo,xgboost_direct,17.0,20.639480590820312
2023-08-20,2023-08-20 02:00:00,2,lags_meteo,xgboost_direct,14.0,19.80567741394043
2023-08-20,2023-08-20 03:00:00,3,lags_meteo,xgboost_direct,20.0,18.034318923950195
2023-08-20,2023-08-20 04:00:00,4,lags_meteo,xgboost_direct,24.0,18.96271324157715
2023-08-20,2023-08-20 05:00:00,5,lags_meteo,xgboost_direct,26.0,18.466327667236328
2023-08-20,2023-08-20 06:00:00,6,lags_meteo,xgboost_direct,34.0,18.916393280029297
2023-08-20,2023-08-20 07:00:00,7,lags_meteo,xgboost_direct,22.0,18.438447952270508
2023-08-20,2023-08-20 08:00:00,8,lags_meteo,xgboost_direct,22.0,19.709333419799805
2023-08-20,2023-08-20 09:00:00,9,lags_meteo,xgboost_direct,15.0,23.768888473510742
2023-08-20,2023-08-20 10:00:00,10,lags_meteo,xgboost_direct,26.0,25.24484634399414
2023-08-20,2023-08-20 11:00:00,11,lags_meteo,xgboost_direct,26.0,24.549175262451172
2023-08-20,2023-08-20 12:00:00,12,lags_meteo,xgboost_direct,22.0,25.839773178100586
2023-08-20,2023-08-20 13:00:00,13,lags_meteo,xgboost_direct,17.0,24.228654861450195
2023-08-20,2023-08-20 14:00:00,14,lags_meteo,xgboost_direct,16.0,23.449630737304688
2023-08-20,2023-08-20 15:00:00,15,lags_meteo,xgboost_direct,4.0,25.436254501342773
2023-08-20,2023-08-20 16:00:00,16,lags_meteo,xgboost_direct,2.0,25.070276260375977
2023-08-20,2023-08-20 17:00:00,17,lags_meteo,xgboost_direct,9.0,25.18712615966797
2023-08-20,2023-08-20 18:00:00,18,lags_meteo,xgboost_direct,10.0,24.15166473388672
2023-08-20,2023-08-20 19:00:00,19,lags_meteo,xgboost_direct,8.0,25.490449905395508
2023-08-20,2023-08-20 20:00:00,20,lags_meteo,xgboost_direct,6.0,23.61627197265625
2023-08-20,2023-08-20 21:00:00,21,lags_meteo,xgboost_direct,12.0,23.135723114013672
2023-08-20,2023-08-20 22:00:00,22,lags_meteo,xgboost_direct,7.0,23.838659286499023
2023-08-20,2023-08-20 23:00:00,23,lags_meteo,xgboost_direct,10.0,22.35866355895996
2023-08-20,2023-08-21 00:00:00,24,lags_meteo,xgboost_direct,14.0,20.75020408630371
2023-08-21,2023-08-21 01:00:00,1,lags_meteo,xgboost_direct,21.0,12.848341941833496
2023-08-21,2023-08-21 02:00:00,2,lags_meteo,xgboost_direct,23.0,12.875239372253418
2023-08-21,2023-08-21 03:00:00,3,lags_meteo,xgboost_direct,29.0,12.639076232910156
2023-08-21,2023-08-21 04:00:00,4,lags_meteo,xgboost_direct,31.0,13.261459350585938
2023-08-21,2023-08-21 05:00:00,5,lags_meteo,xgboost_direct,17.0,12.812638282775879
2023-08-21,2023-08-21 06:00:00,6,lags_meteo,xgboost_direct,17.0,13.744206428527832
2023-08-21,2023-08-21 07:00:00,7,lags_meteo,xgboost_direct,28.0,14.2218017578125
2023-08-21,2023-08-21 08:00:00,8,lags_meteo,xgboost_direct,20.0,16.992048263549805
2023-08-21,2023-08-21 09:00:00,9,lags_meteo,xgboost_direct,34.0,20.95707893371582
2023-08-21,2023-08-21 10:00:00,10,lags_meteo,xgboost_direct,34.0,22.2844295501709
2023-08-21,2023-08-21 11:00:00,11,lags_meteo,xgboost_direct,33.0,20.574207305908203
2023-08-21,2023-08-21 12:00:00,12,lags_meteo,xgboost_direct,29.0,21.348676681518555
2023-08-21,2023-08-21 13:00:00,13,lags_meteo,xgboost_direct,33.0,19.442365646362305
2023-08-21,2023-08-21 14:00:00,14,lags_meteo,xgboost_direct,33.0,18.861766815185547
2023-08-21,2023-08-21 15:00:00,15,lags_meteo,xgboost_direct,41.0,17.76652717590332
2023-08-21,2023-08-21 16:00:00,16,lags_meteo,xgboost_direct,32.0,17.75901985168457
2023-08-21,2023-08-21 17:00:00,17,lags_meteo,xgboost_direct,29.0,18.533246994018555
2023-08-21,2023-08-21 18:00:00,18,lags_meteo,xgboost_direct,30.0,18.53857421875
2023-08-21,2023-08-21 19:00:00,19,lags_meteo,xgboost_direct,25.0,17.956958770751953
2023-08-21,2023-08-21 20:00:00,20,lags_meteo,xgboost_direct,26.0,18.29839324951172
2023-08-21,2023-08-21 21:00:00,21,lags_meteo,xgboost_direct,25.0,18.792926788330078
2023-08-21,2023-08-21 22:00:00,22,lags_meteo,xgboost_direct,27.0,17.36891746520996
2023-08-21,2023-08-21 23:00:00,23,lags_meteo,xgboost_direct,34.0,17.38060188293457
2023-08-21,2023-08-22 00:00:00,24,lags_meteo,xgboost_direct,40.0,17.77233123779297
2023-08-22,2023-08-22 01:00:00,1,lags_meteo,xgboost_direct,33.0,29.646211624145508
2023-08-22,2023-08-22 02:00:00,2,lags_meteo,xgboost_direct,36.0,27.459848403930664
2023-08-22,2023-08-22 03:00:00,3,lags_meteo,xgboost_direct,37.0,28.53724479675293
2023-08-22,2023-08-22 04:00:00,4,lags_meteo,xgboost_direct,37.0,27.36813735961914
2023-08-22,2023-08-22 05:00:00,5,lags_meteo,xgboost_direct,41.0,26.7687931060791
2023-08-22,2023-08-22 06:00:00,6,lags_meteo,xgboost_direct,32.0,29.5157470703125
2023-08-22,2023-08-22 07:00:00,7,lags_meteo,xgboost_direct,34.0,29.8321475982666
2023-08-22,2023-08-22 08:00:00,8,lags_meteo,xgboost_direct,37.0,32.19060134887695
2023-08-22,2023-08-22 09:00:00,9,lags_meteo,xgboost_direct,33.0,33.8798828125
2023-08-22,2023-08-22 10:00:00,10,lags_meteo,xgboost_direct,43.0,34.11613464355469
2023-08-22,2023-08-22 11:00:00,11,lags_meteo,xgboost_direct,43.0,34.487640380859375
2023-08-22,2023-08-22 12:00:00,12,lags_meteo,xgboost_direct,33.0,35.60765838623047
2023-08-22,2023-08-22 13:00:00,13,lags_meteo,xgboost_direct,47.0,35.031105041503906
2023-08-22,2023-08-22 14:00:00,14,lags_meteo,xgboost_direct,42.0,36.378257751464844
2023-08-22,2023-08-22 15:00:00,15,lags_meteo,xgboost_direct,36.0,36.840118408203125
2023-08-22,2023-08-22 16:00:00,16,lags_meteo,xgboost_direct,31.0,37.552818298339844
2023-08-22,2023-08-22 17:00:00,17,lags_meteo,xgboost_direct,32.0,38.31352996826172
2023-08-22,2023-08-22 18:00:00,18,lags_meteo,xgboost_direct,23.0,36.46040344238281
2023-08-22,2023-08-22 19:00:00,19,lags_meteo,xgboost_direct,20.0,36.503318786621094
2023-08-22,2023-08-22 20:00:00,20,lags_meteo,xgboost_direct,22.0,35.85186004638672
2023-08-22,2023-08-22 21:00:00,21,lags_meteo,xgboost_direct,28.0,36.92088317871094
2023-08-22,2023-08-22 22:00:00,22,lags_meteo,xgboost_direct,30.0,33.78639602661133
2023-08-22,2023-08-22 23:00:00,23,lags_meteo,xgboost_direct,33.0,32.27908706665039
2023-08-22,2023-08-23 00:00:00,24,lags_meteo,xgboost_direct,26.0,32.24082565307617
2023-08-23,2023-08-23 01:00:00,1,lags_meteo,xgboost_direct,25.0,30.310983657836914
2023-08-23,2023-08-23 02:00:00,2,lags_meteo,xgboost_direct,31.0,28.025264739990234
2023-08-23,2023-08-23 03:00:00,3,lags_meteo,xgboost_direct,29.0,26.996109008789062
2023-08-23,2023-08-23 04:00:00,4,lags_meteo,xgboost_direct,25.0,26.983360290527344
2023-08-23,2023-08-23 05:00:00,5,lags_meteo,xgboost_direct,22.0,28.76349639892578
2023-08-23,2023-08-23 06:00:00,6,lags_meteo,xgboost_direct,17.0,29.860679626464844
2023-08-23,2023-08-23 07:00:00,7,lags_meteo,xgboost_direct,18.0,30.215829849243164
2023-08-23,2023-08-23 08:00:00,8,lags_meteo,xgboost_direct,23.0,32.198455810546875
2023-08-23,2023-08-23 09:00:00,9,lags_meteo,xgboost_direct,31.0,36.178802490234375
2023-08-23,2023-08-23 10:00:00,10,lags_meteo,xgboost_direct,31.0,35.54960250854492
2023-08-23,2023-08-23 11:00:00,11,lags_meteo,xgboost_direct,17.0,34.336544036865234
2023-08-23,2023-08-23 12:00:00,12,lags_meteo,xgboost_direct,17.0,37.051822662353516
2023-08-23,2023-08-23 13:00:00,13,lags_meteo,xgboost_direct,31.0,34.60188674926758
2023-08-23,2023-08-23 14:00:00,14,lags_meteo,xgboost_direct,29.0,34.300106048583984
2023-08-23,2023-08-23 15:00:00,15,lags_meteo,xgboost_direct,26.0,32.36577606201172
2023-08-23,2023-08-23 16:00:00,16,lags_meteo,xgboost_direct,23.0,33.361106872558594
2023-08-23,2023-08-23 17:00:00,17,lags_meteo,xgboost_direct,25.0,32.80119705200195
2023-08-23,2023-08-23 18:00:00,18,lags_meteo,xgboost_direct,25.0,33.88277816772461
2023-08-23,2023-08-23 19:00:00,19,lags_meteo,xgboost_direct,25.0,33.1191520690918
2023-08-23,2023-08-23 20:00:00,20,lags_meteo,xgboost_direct,24.0,36.671905517578125
2023-08-23,2023-08-23 21:00:00,21,lags_meteo,xgboost_direct,28.0,34.94960021972656
2023-08-23,2023-08-23 22:00:00,22,lags_meteo,xgboost_direct,31.0,34.740447998046875
2023-08-23,2023-08-23 23:00:00,23,lags_meteo,xgboost_direct,36.0,32.12471008300781
2023-08-23,2023-08-24 00:00:00,24,lags_meteo,xgboost_direct,36.0,30.542076110839844
2023-08-24,2023-08-24 01:00:00,1,lags_meteo,xgboost_direct,38.0,31.12731170654297
2023-08-24,2023-08-24 02:00:00,2,lags_meteo,xgboost_direct,34.0,27.787689208984375
2023-08-24,2023-08-24 03:00:00,3,lags_meteo,xgboost_direct,33.0,27.304227828979492
2023-08-24,2023-08-24 04:00:00,4,lags_meteo,xgboost_direct,41.0,25.609773635864258
2023-08-24,2023-08-24 05:00:00,5,lags_meteo,xgboost_direct,47.0,24.723102569580078
2023-08-24,2023-08-24 06:00:00,6,lags_meteo,xgboost_direct,40.0,25.13150978088379
2023-08-24,2023-08-24 07:00:00,7,lags_meteo,xgboost_direct,31.0,25.247419357299805
2023-08-24,2023-08-24 08:00:00,8,lags_meteo,xgboost_direct,27.0,26.653533935546875
2023-08-24,2023-08-24 09:00:00,9,lags_meteo,xgboost_direct,30.0,27.896451950073242
2023-08-24,2023-08-24 10:00:00,10,lags_meteo,xgboost_direct,30.0,27.930517196655273
2023-08-24,2023-08-24 11:00:00,11,lags_meteo,xgboost_direct,30.0,27.418987274169922
2023-08-24,2023-08-24 12:00:00,12,lags_meteo,xgboost_direct,33.0,28.2517032623291
2023-08-24,2023-08-24 13:00:00,13,lags_meteo,xgboost_direct,48.0,26.590871810913086
2023-08-24,2023-08-24 14:00:00,14,lags_meteo,xgboost_direct,36.0,27.269750595092773
2023-08-24,2023-08-24 15:00:00,15,lags_meteo,xgboost_direct,32.0,27.782026290893555
2023-08-24,2023-08-24 16:00:00,16,lags_meteo,xgboost_direct,26.0,29.911724090576172
2023-08-24,2023-08-24 17:00:00,17,lags_meteo,xgboost_direct,15.0,30.04964256286621
2023-08-24,2023-08-24 18:00:00,18,lags_meteo,xgboost_direct,16.0,31.571475982666016
2023-08-24,2023-08-24 19:00:00,19,lags_meteo,xgboost_direct,16.0,31.257566452026367
2023-08-24,2023-08-24 20:00:00,20,lags_meteo,xgboost_direct,23.0,31.147659301757812
2023-08-24,2023-08-24 21:00:00,21,lags_meteo,xgboost_direct,29.0,28.81699562072754
2023-08-24,2023-08-24 22:00:00,22,lags_meteo,xgboost_direct,31.0,27.93468475341797
2023-08-24,2023-08-24 23:00:00,23,lags_meteo,xgboost_direct,33.0,26.281373977661133
2023-08-24,2023-08-25 00:00:00,24,lags_meteo,xgboost_direct,34.0,25.148221969604492
2023-08-25,2023-08-25 01:00:00,1,lags_meteo,xgboost_direct,54.0,28.339008331298828
2023-08-25,2023-08-25 02:00:00,2,lags_meteo,xgboost_direct,65.0,27.3813419342041
2023-08-25,2023-08-25 03:00:00,3,lags_meteo,xgboost_direct,54.0,25.531269073486328
2023-08-25,2023-08-25 04:00:00,4,lags_meteo,xgboost_direct,60.0,24.913190841674805
2023-08-25,2023-08-25 05:00:00,5,lags_meteo,xgboost_direct,58.0,26.026817321777344
2023-08-25,2023-08-25 06:00:00,6,lags_meteo,xgboost_direct,52.0,27.495662689208984
2023-08-25,2023-08-25 07:00:00,7,lags_meteo,xgboost_direct,68.0,29.985828399658203
2023-08-25,2023-08-25 08:00:00,8,lags_meteo,xgboost_direct,58.0,31.207372665405273
2023-08-25,2023-08-25 09:00:00,9,lags_meteo,xgboost_direct,54.0,36.433528900146484
2023-08-25,2023-08-25 10:00:00,10,lags_meteo,xgboost_direct,65.0,33.88922119140625
2023-08-25,2023-08-25 11:00:00,11,lags_meteo,xgboost_direct,73.0,33.659690856933594
2023-08-25,2023-08-25 12:00:00,12,lags_meteo,xgboost_direct,50.0,34.32407760620117
2023-08-25,2023-08-25 13:00:00,13,lags_meteo,xgboost_direct,47.0,30.547765731811523
2023-08-25,2023-08-25 14:00:00,14,lags_meteo,xgboost_direct,44.0,29.405248641967773
2023-08-25,2023-08-25 15:00:00,15,lags_meteo,xgboost_direct,49.0,27.195560455322266
2023-08-25,2023-08-25 16:00:00,16,lags_meteo,xgboost_direct,50.0,26.830408096313477
2023-08-25,2023-08-25 17:00:00,17,lags_meteo,xgboost_direct,53.0,26.66888999938965
2023-08-25,2023-08-25 18:00:00,18,lags_meteo,xgboost_direct,61.0,28.5997257232666
2023-08-25,2023-08-25 19:00:00,19,lags_meteo,xgboost_direct,55.0,27.555391311645508
2023-08-25,2023-08-25 20:00:00,20,lags_meteo,xgboost_direct,51.0,29.27842903137207
2023-08-25,2023-08-25 21:00:00,21,lags_meteo,xgboost_direct,49.0,28.44359016418457
2023-08-25,2023-08-25 22:00:00,22,lags_meteo,xgboost_direct,46.0,31.331512451171875
2023-08-25,2023-08-25 23:00:00,23,lags_meteo,xgboost_direct,45.0,27.490310668945312
2023-08-25,2023-08-26 00:00:00,24,lags_meteo,xgboost_direct,53.0,25.570953369140625
2023-08-26,2023-08-26 01:00:00,1,lags_meteo,xgboost_direct,45.0,42.75279235839844
2023-08-26,2023-08-26 02:00:00,2,lags_meteo,xgboost_direct,52.0,40.73690414428711
2023-08-26,2023-08-26 03:00:00,3,lags_meteo,xgboost_direct,41.0,41.54628372192383
2023-08-26,2023-08-26 04:00:00,4,lags_meteo,xgboost_direct,36.0,38.347198486328125
2023-08-26,2023-08-26 05:00:00,5,lags_meteo,xgboost_direct,27.0,39.361915588378906
2023-08-26,2023-08-26 06:00:00,6,lags_meteo,xgboost_direct,34.0,37.35441970825195
2023-08-26,2023-08-26 07:00:00,7,lags_meteo,xgboost_direct,34.0,38.940006256103516
2023-08-26,2023-08-26 08:00:00,8,lags_meteo,xgboost_direct,40.0,40.28739547729492
2023-08-26,2023-08-26 09:00:00,9,lags_meteo,xgboost_direct,49.0,45.047306060791016
2023-08-26,2023-08-26 10:00:00,10,lags_meteo,xgboost_direct,48.0,46.851722717285156
2023-08-26,2023-08-26 11:00:00,11,lags_meteo,xgboost_direct,41.0,45.033966064453125
2023-08-26,2023-08-26 12:00:00,12,lags_meteo,xgboost_direct,30.0,45.59377670288086
2023-08-26,2023-08-26 13:00:00,13,lags_meteo,xgboost_direct,31.0,44.91288757324219
2023-08-26,2023-08-26 14:00:00,14,lags_meteo,xgboost_direct,28.0,40.7200927734375
2023-08-26,2023-08-26 15:00:00,15,lags_meteo,xgboost_direct,42.0,43.116512298583984
2023-08-26,2023-08-26 16:00:00,16,lags_meteo,xgboost_direct,66.0,44.987571716308594
2023-08-26,2023-08-26 17:00:00,17,lags_meteo,xgboost_direct,51.0,45.3438720703125
2023-08-26,2023-08-26 18:00:00,18,lags_meteo,xgboost_direct,38.0,47.03234100341797
2023-08-26,2023-08-26 19:00:00,19,lags_meteo,xgboost_direct,29.0,46.0847282409668
2023-08-26,2023-08-26 20:00:00,20,lags_meteo,xgboost_direct,20.0,38.897884368896484
2023-08-26,2023-08-26 21:00:00,21,lags_meteo,xgboost_direct,18.0,50.43935012817383
2023-08-26,2023-08-26 22:00:00,22,lags_meteo,xgboost_direct,21.0,35.159873962402344
2023-08-26,2023-08-26 23:00:00,23,lags_meteo,xgboost_direct,18.0,35.3429069519043
2023-08-26,2023-08-27 00:00:00,24,lags_meteo,xgboost_direct,16.0,31.216596603393555
2023-08-27,2023-08-27 01:00:00,1,lags_meteo,xgboost_direct,21.0,16.448091506958008
2023-08-27,2023-08-27 02:00:00,2,lags_meteo,xgboost_direct,28.0,15.087218284606934
2023-08-27,2023-08-27 03:00:00,3,lags_meteo,xgboost_direct,14.0,15.290242195129395
2023-08-27,2023-08-27 04:00:00,4,lags_meteo,xgboost_direct,9.0,14.547530174255371
2023-08-27,2023-08-27 05:00:00,5,lags_meteo,xgboost_direct,11.0,13.824930191040039
2023-08-27,2023-08-27 06:00:00,6,lags_meteo,xgboost_direct,11.0,13.684197425842285
2023-08-27,2023-08-27 07:00:00,7,lags_meteo,xgboost_direct,12.0,16.1052188873291
2023-08-27,2023-08-27 08:00:00,8,lags_meteo,xgboost_direct,10.0,17.859939575195312
2023-08-27,2023-08-27 09:00:00,9,lags_meteo,xgboost_direct,19.0,17.709571838378906
2023-08-27,2023-08-27 10:00:00,10,lags_meteo,xgboost_direct,26.0,19.152507781982422
2023-08-27,2023-08-27 11:00:00,11,lags_meteo,xgboost_direct,29.0,18.291746139526367
2023-08-27,2023-08-27 12:00:00,12,lags_meteo,xgboost_direct,8.0,18.61324691772461
2023-08-27,2023-08-27 13:00:00,13,lags_meteo,xgboost_direct,6.0,19.09087371826172
2023-08-27,2023-08-27 14:00:00,14,lags_meteo,xgboost_direct,8.0,17.761878967285156
2023-08-27,2023-08-27 15:00:00,15,lags_meteo,xgboost_direct,10.0,17.28264808654785
2023-08-27,2023-08-27 16:00:00,16,lags_meteo,xgboost_direct,14.0,16.38824462890625
2023-08-27,2023-08-27 17:00:00,17,lags_meteo,xgboost_direct,9.0,17.348526000976562
2023-08-27,2023-08-27 18:00:00,18,lags_meteo,xgboost_direct,6.0,18.22794532775879
2023-08-27,2023-08-27 19:00:00,19,lags_meteo,xgboost_direct,6.0,18.484241485595703
2023-08-27,2023-08-27 20:00:00,20,lags_meteo,xgboost_direct,8.0,17.629405975341797
2023-08-27,2023-08-27 21:00:00,21,lags_meteo,xgboost_direct,11.0,17.60984230041504
2023-08-27,2023-08-27 22:00:00,22,lags_meteo,xgboost_direct,7.0,17.73392677307129
2023-08-27,2023-08-27 23:00:00,23,lags_meteo,xgboost_direct,1.0,17.465328216552734
2023-08-27,2023-08-28 00:00:00,24,lags_meteo,xgboost_direct,6.0,16.038618087768555
2023-08-28,2023-08-28 01:00:00,1,lags_meteo,xgboost_direct,4.0,6.868647575378418
2023-08-28,2023-08-28 02:00:00,2,lags_meteo,xgboost_direct,6.0,7.5950164794921875
2023-08-28,2023-08-28 03:00:00,3,lags_meteo,xgboost_direct,6.0,7.693027973175049
2023-08-28,2023-08-28 04:00:00,4,lags_meteo,xgboost_direct,8.0,9.192168235778809
2023-08-28,2023-08-28 05:00:00,5,lags_meteo,xgboost_direct,3.0,9.21012020111084
2023-08-28,2023-08-28 06:00:00,6,lags_meteo,xgboost_direct,8.0,10.118199348449707
2023-08-28,2023-08-28 07:00:00,7,lags_meteo,xgboost_direct,12.0,9.1575288772583
2023-08-28,2023-08-28 08:00:00,8,lags_meteo,xgboost_direct,11.0,11.399679183959961
2023-08-28,2023-08-28 09:00:00,9,lags_meteo,xgboost_direct,13.0,16.04237937927246
2023-08-28,2023-08-28 10:00:00,10,lags_meteo,xgboost_direct,16.0,14.934829711914062
2023-08-28,2023-08-28 11:00:00,11,lags_meteo,xgboost_direct,11.0,15.333762168884277
2023-08-28,2023-08-28 12:00:00,12,lags_meteo,xgboost_direct,12.0,14.415628433227539
2023-08-28,2023-08-28 13:00:00,13,lags_meteo,xgboost_direct,10.0,13.223661422729492
2023-08-28,2023-08-28 14:00:00,14,lags_meteo,xgboost_direct,14.0,12.580894470214844
2023-08-28,2023-08-28 15:00:00,15,lags_meteo,xgboost_direct,7.0,13.640424728393555
2023-08-28,2023-08-28 16:00:00,16,lags_meteo,xgboost_direct,8.0,12.909981727600098
2023-08-28,2023-08-28 17:00:00,17,lags_meteo,xgboost_direct,2.0,12.224701881408691
2023-08-28,2023-08-28 18:00:00,18,lags_meteo,xgboost_direct,10.0,12.201007843017578
2023-08-28,2023-08-28 19:00:00,19,lags_meteo,xgboost_direct,15.0,13.901139259338379
2023-08-28,2023-08-28 20:00:00,20,lags_meteo,xgboost_direct,10.0,13.704394340515137
2023-08-28,2023-08-28 21:00:00,21,lags_meteo,xgboost_direct,6.0,13.957396507263184
2023-08-28,2023-08-28 22:00:00,22,lags_meteo,xgboost_direct,6.0,13.837960243225098
2023-08-28,2023-08-28 23:00:00,23,lags_meteo,xgboost_direct,6.0,14.557147979736328
2023-08-28,2023-08-29 00:00:00,24,lags_meteo,xgboost_direct,10.0,15.059462547302246
2023-08-29,2023-08-29 01:00:00,1,lags_meteo,xgboost_direct,19.0,8.160330772399902
2023-08-29,2023-08-29 02:00:00,2,lags_meteo,xgboost_direct,14.0,8.562731742858887
2023-08-29,2023-08-29 03:00:00,3,lags_meteo,xgboost_direct,10.0,8.827516555786133
2023-08-29,2023-08-29 04:00:00,4,lags_meteo,xgboost_direct,7.0,10.413278579711914
2023-08-29,2023-08-29 05:00:00,5,lags_meteo,xgboost_direct,8.0,9.959939956665039
2023-08-29,2023-08-29 06:00:00,6,lags_meteo,xgboost_direct,10.0,11.046687126159668
2023-08-29,2023-08-29 07:00:00,7,lags_meteo,xgboost_direct,14.0,10.339984893798828
2023-08-29,2023-08-29 08:00:00,8,lags_meteo,xgboost_direct,8.0,10.730814933776855
2023-08-29,2023-08-29 09:00:00,9,lags_meteo,xgboost_direct,12.0,12.733925819396973
2023-08-29,2023-08-29 10:00:00,10,lags_meteo,xgboost_direct,11.0,14.83681583404541
2023-08-29,2023-08-29 11:00:00,11,lags_meteo,xgboost_direct,10.0,15.457989692687988
2023-08-29,2023-08-29 12:00:00,12,lags_meteo,xgboost_direct,17.0,15.574542999267578
2023-08-29,2023-08-29 13:00:00,13,lags_meteo,xgboost_direct,14.0,15.049187660217285
2023-08-29,2023-08-29 14:00:00,14,lags_meteo,xgboost_direct,13.0,13.840868949890137
2023-08-29,2023-08-29 15:00:00,15,lags_meteo,xgboost_direct,9.0,14.326379776000977
2023-08-29,2023-08-29 16:00:00,16,lags_meteo,xgboost_direct,9.0,13.496587753295898
2023-08-29,2023-08-29 17:00:00,17,lags_meteo,xgboost_direct,13.0,14.090306282043457
2023-08-29,2023-08-29 18:00:00,18,lags_meteo,xgboost_direct,16.0,14.757573127746582
2023-08-29,2023-08-29 19:00:00,19,lags_meteo,xgboost_direct,11.0,14.396427154541016
2023-08-29,2023-08-29 20:00:00,20,lags_meteo,xgboost_direct,16.0,14.333465576171875
2023-08-29,2023-08-29 21:00:00,21,lags_meteo,xgboost_direct,9.0,14.432223320007324
2023-08-29,2023-08-29 22:00:00,22,lags_meteo,xgboost_direct,7.0,13.635261535644531
2023-08-29,2023-08-29 23:00:00,23,lags_meteo,xgboost_direct,5.0,13.444609642028809
2023-08-29,2023-08-30 00:00:00,24,lags_meteo,xgboost_direct,11.0,12.660444259643555
2023-08-30,2023-08-30 01:00:00,1,lags_meteo,xgboost_direct,9.0,7.765901565551758
2023-08-30,2023-08-30 02:00:00,2,lags_meteo,xgboost_direct,6.0,7.82381010055542
2023-08-30,2023-08-30 03:00:00,3,lags_meteo,xgboost_direct,6.0,8.744291305541992
2023-08-30,2023-08-30 04:00:00,4,lags_meteo,xgboost_direct,12.0,9.13044261932373
2023-08-30,2023-08-30 05:00:00,5,lags_meteo,xgboost_direct,7.0,9.185665130615234
2023-08-30,2023-08-30 06:00:00,6,lags_meteo,xgboost_direct,14.0,9.108980178833008
2023-08-30,2023-08-30 07:00:00,7,lags_meteo,xgboost_direct,14.0,10.586061477661133
2023-08-30,2023-08-30 08:00:00,8,lags_meteo,xgboost_direct,17.0,11.663705825805664
2023-08-30,2023-08-30 09:00:00,9,lags_meteo,xgboost_direct,14.0,14.369946479797363
2023-08-30,2023-08-30 10:00:00,10,lags_meteo,xgboost_direct,13.0,15.75755500793457
2023-08-30,2023-08-30 11:00:00,11,lags_meteo,xgboost_direct,8.0,15.729843139648438
2023-08-30,2023-08-30 12:00:00,12,lags_meteo,xgboost_direct,12.0,16.066911697387695
2023-08-30,2023-08-30 13:00:00,13,lags_meteo,xgboost_direct,11.0,15.566229820251465
2023-08-30,2023-08-30 14:00:00,14,lags_meteo,xgboost_direct,10.0,15.817998886108398
2023-08-30,2023-08-30 15:00:00,15,lags_meteo,xgboost_direct,19.0,14.241455078125
2023-08-30,2023-08-30 16:00:00,16,lags_meteo,xgboost_direct,7.0,14.16909122467041
2023-08-30,2023-08-30 17:00:00,17,lags_meteo,xgboost_direct,4.0,14.514266014099121
2023-08-30,2023-08-30 18:00:00,18,lags_meteo,xgboost_direct,8.0,14.665837287902832
2023-08-30,2023-08-30 19:00:00,19,lags_meteo,xgboost_direct,12.0,15.247076034545898
2023-08-30,2023-08-30 20:00:00,20,lags_meteo,xgboost_direct,19.0,14.051397323608398
2023-08-30,2023-08-30 21:00:00,21,lags_meteo,xgboost_direct,14.0,13.415574073791504
2023-08-30,2023-08-30 22:00:00,22,lags_meteo,xgboost_direct,13.0,12.968424797058105
2023-08-30,2023-08-30 23:00:00,23,lags_meteo,xgboost_direct,11.0,13.152406692504883
2023-08-30,2023-08-31 00:00:00,24,lags_meteo,xgboost_direct,12.0,12.290482521057129
2023-08-31,2023-08-31 01:00:00,1,lags_meteo,xgboost_direct,5.0,12.37083911895752
2023-08-31,2023-08-31 02:00:00,2,lags_meteo,xgboost_direct,14.0,12.172987937927246
2023-08-31,2023-08-31 03:00:00,3,lags_meteo,xgboost_direct,12.0,12.381401062011719
2023-08-31,2023-08-31 04:00:00,4,lags_meteo,xgboost_direct,24.0,12.955952644348145
2023-08-31,2023-08-31 05:00:00,5,lags_meteo,xgboost_direct,17.0,12.829645156860352
2023-08-31,2023-08-31 06:00:00,6,lags_meteo,xgboost_direct,12.0,12.21790599822998
2023-08-31,2023-08-31 07:00:00,7,lags_meteo,xgboost_direct,14.0,12.934082984924316
2023-08-31,2023-08-31 08:00:00,8,lags_meteo,xgboost_direct,16.0,13.709108352661133
2023-08-31,2023-08-31 09:00:00,9,lags_meteo,xgboost_direct,19.0,15.901426315307617
2023-08-31,2023-08-31 10:00:00,10,lags_meteo,xgboost_direct,15.0,17.390241622924805
2023-08-31,2023-08-31 11:00:00,11,lags_meteo,xgboost_direct,17.0,17.6782169342041
2023-08-31,2023-08-31 12:00:00,12,lags_meteo,xgboost_direct,32.0,18.29399871826172
2023-08-31,2023-08-31 13:00:00,13,lags_meteo,xgboost_direct,30.0,17.199007034301758
2023-08-31,2023-08-31 14:00:00,14,lags_meteo,xgboost_direct,21.0,15.942408561706543
2023-08-31,2023-08-31 15:00:00,15,lags_meteo,xgboost_direct,23.0,14.303425788879395
2023-08-31,2023-08-31 16:00:00,16,lags_meteo,xgboost_direct,20.0,14.045075416564941
2023-08-31,2023-08-31 17:00:00,17,lags_meteo,xgboost_direct,17.0,14.82309627532959
2023-08-31,2023-08-31 18:00:00,18,lags_meteo,xgboost_direct,14.0,16.053157806396484
2023-08-31,2023-08-31 19:00:00,19,lags_meteo,xgboost_direct,17.0,16.567485809326172
2023-08-31,2023-08-31 20:00:00,20,lags_meteo,xgboost_direct,18.0,16.496007919311523
2023-08-31,2023-08-31 21:00:00,21,lags_meteo,xgboost_direct,20.0,16.25226593017578
2023-08-31,2023-08-31 22:00:00,22,lags_meteo,xgboost_direct,25.0,16.240631103515625
2023-08-31,2023-08-31 23:00:00,23,lags_meteo,xgboost_direct,24.0,14.553132057189941
2023-08-31,2023-09-01 00:00:00,24,lags_meteo,xgboost_direct,22.0,14.058350563049316
2023-09-01,2023-09-01 01:00:00,1,lags_meteo,xgboost_direct,19.0,22.149566650390625
2023-09-01,2023-09-01 02:00:00,2,lags_meteo,xgboost_direct,21.0,22.23309326171875
2023-09-01,2023-09-01 03:00:00,3,lags_meteo,xgboost_direct,30.0,21.27692413330078
2023-09-01,2023-09-01 04:00:00,4,lags_meteo,xgboost_direct,26.0,20.538196563720703
2023-09-01,2023-09-01 05:00:00,5,lags_meteo,xgboost_direct,30.0,19.13028907775879
2023-09-01,2023-09-01 06:00:00,6,lags_meteo,xgboost_direct,16.0,21.186349868774414
2023-09-01,2023-09-01 07:00:00,7,lags_meteo,xgboost_direct,15.0,21.663679122924805
2023-09-01,2023-09-01 08:00:00,8,lags_meteo,xgboost_direct,20.0,24.14337158203125
2023-09-01,2023-09-01 09:00:00,9,lags_meteo,xgboost_direct,25.0,28.749217987060547
2023-09-01,2023-09-01 10:00:00,10,lags_meteo,xgboost_direct,38.0,31.578800201416016
2023-09-01,2023-09-01 11:00:00,11,lags_meteo,xgboost_direct,42.0,29.779930114746094
2023-09-01,2023-09-01 12:00:00,12,lags_meteo,xgboost_direct,47.0,28.740053176879883
2023-09-01,2023-09-01 13:00:00,13,lags_meteo,xgboost_direct,43.0,27.45743751525879
2023-09-01,2023-09-01 14:00:00,14,lags_meteo,xgboost_direct,27.0,25.422143936157227
2023-09-01,2023-09-01 15:00:00,15,lags_meteo,xgboost_direct,24.0,22.517385482788086
2023-09-01,2023-09-01 16:00:00,16,lags_meteo,xgboost_direct,20.0,21.37851333618164
2023-09-01,2023-09-01 17:00:00,17,lags_meteo,xgboost_direct,18.0,19.115264892578125
2023-09-01,2023-09-01 18:00:00,18,lags_meteo,xgboost_direct,19.0,18.766897201538086
2023-09-01,2023-09-01 19:00:00,19,lags_meteo,xgboost_direct,22.0,19.192337036132812
2023-09-01,2023-09-01 20:00:00,20,lags_meteo,xgboost_direct,23.0,19.808135986328125
2023-09-01,2023-09-01 21:00:00,21,lags_meteo,xgboost_direct,25.0,20.342288970947266
2023-09-01,2023-09-01 22:00:00,22,lags_meteo,xgboost_direct,24.0,21.692630767822266
2023-09-01,2023-09-01 23:00:00,23,lags_meteo,xgboost_direct,28.0,21.614439010620117
2023-09-01,2023-09-02 00:00:00,24,lags_meteo,xgboost_direct,22.0,20.942529678344727
2023-09-02,2023-09-02 01:00:00,1,lags_meteo,xgboost_direct,25.0,26.5487117767334
2023-09-02,2023-09-02 02:00:00,2,lags_meteo,xgboost_direct,46.0,26.04929542541504
2023-09-02,2023-09-02 03:00:00,3,lags_meteo,xgboost_direct,24.0,25.79427146911621
2023-09-02,2023-09-02 04:00:00,4,lags_meteo,xgboost_direct,33.0,23.752365112304688
2023-09-02,2023-09-02 05:00:00,5,lags_meteo,xgboost_direct,29.0,23.86075782775879
2023-09-02,2023-09-02 06:00:00,6,lags_meteo,xgboost_direct,22.0,23.246402740478516
2023-09-02,2023-09-02 07:00:00,7,lags_meteo,xgboost_direct,31.0,23.589570999145508
2023-09-02,2023-09-02 08:00:00,8,lags_meteo,xgboost_direct,22.0,24.67894172668457
2023-09-02,2023-09-02 09:00:00,9,lags_meteo,xgboost_direct,22.0,26.401260375976562
2023-09-02,2023-09-02 10:00:00,10,lags_meteo,xgboost_direct,16.0,30.564468383789062
2023-09-02,2023-09-02 11:00:00,11,lags_meteo,xgboost_direct,20.0,29.73326873779297
2023-09-02,2023-09-02 12:00:00,12,lags_meteo,xgboost_direct,20.0,30.217100143432617
2023-09-02,2023-09-02 13:00:00,13,lags_meteo,xgboost_direct,18.0,28.984956741333008
2023-09-02,2023-09-02 14:00:00,14,lags_meteo,xgboost_direct,12.0,25.27967071533203
2023-09-02,2023-09-02 15:00:00,15,lags_meteo,xgboost_direct,13.0,22.77724838256836
2023-09-02,2023-09-02 16:00:00,16,lags_meteo,xgboost_direct,8.0,21.886449813842773
2023-09-02,2023-09-02 17:00:00,17,lags_meteo,xgboost_direct,5.0,21.049604415893555
2023-09-02,2023-09-02 18:00:00,18,lags_meteo,xgboost_direct,8.0,19.86533546447754
2023-09-02,2023-09-02 19:00:00,19,lags_meteo,xgboost_direct,,21.55013084411621
2023-09-02,2023-09-02 20:00:00,20,lags_meteo,xgboost_direct,,21.649948120117188
2023-09-02,2023-09-02 21:00:00,21,lags_meteo,xgboost_direct,,21.89821434020996
2023-09-02,2023-09-02 22:00:00,22,lags_meteo,xgboost_direct,,23.543270111083984
2023-09-02,2023-09-02 23:00:00,23,lags_meteo,xgboost_direct,,21.61760139465332
2023-09-02,2023-09-03 00:00:00,24,lags_meteo,xgboost_direct,,20.23790740966797
2023-09-03,2023-09-03 01:00:00,1,lags_meteo,xgboost_direct,,6.775078773498535
2023-09-03,2023-09-03 02:00:00,2,lags_meteo,xgboost_direct,,6.076130390167236
2023-09-03,2023-09-03 03:00:00,3,lags_meteo,xgboost_direct,,5.640205383300781
2023-09-03,2023-09-03 04:00:00,4,lags_meteo,xgboost_direct,,5.975010395050049
2023-09-03,2023-09-03 05:00:00,5,lags_meteo,xgboost_direct,,5.94202184677124
2023-09-03,2023-09-03 06:00:00,6,lags_meteo,xgboost_direct,,6.113996505737305
2023-09-03,2023-09-03 07:00:00,7,lags_meteo,xgboost_direct,,5.836736679077148
2023-09-03,2023-09-03 08:00:00,8,lags_meteo,xgboost_direct,,6.204610824584961
2023-09-03,2023-09-03 09:00:00,9,lags_meteo,xgboost_direct,,7.6418375968933105
2023-09-03,2023-09-03 10:00:00,10,lags_meteo,xgboost_direct,,9.399750709533691
2023-09-03,2023-09-03 11:00:00,11,lags_meteo,xgboost_direct,,10.6922607421875
2023-09-03,2023-09-03 12:00:00,12,lags_meteo,xgboost_direct,,10.763457298278809
2023-09-03,2023-09-03 13:00:00,13,lags_meteo,xgboost_direct,,10.730517387390137
2023-09-03,2023-09-03 14:00:00,14,lags_meteo,xgboost_direct,5.0,12.802407264709473
2023-09-03,2023-09-03 15:00:00,15,lags_meteo,xgboost_direct,2.0,13.24215316772461
2023-09-03,2023-09-03 16:00:00,16,lags_meteo,xgboost_direct,13.0,14.564895629882812
2023-09-03,2023-09-03 17:00:00,17,lags_meteo,xgboost_direct,8.0,10.199294090270996
2023-09-03,2023-09-03 18:00:00,18,lags_meteo,xgboost_direct,12.0,5.541937351226807
2023-09-03,2023-09-03 19:00:00,19,lags_meteo,xgboost_direct,12.0,11.472092628479004
2023-09-03,2023-09-03 20:00:00,20,lags_meteo,xgboost_direct,22.0,7.7259087562561035
2023-09-03,2023-09-03 21:00:00,21,lags_meteo,xgboost_direct,22.0,7.505365371704102
2023-09-03,2023-09-03 22:00:00,22,lags_meteo,xgboost_direct,29.0,7.049229621887207
2023-09-03,2023-09-03 23:00:00,23,lags_meteo,xgboost_direct,47.0,6.677349090576172
2023-09-03,2023-09-04 00:00:00,24,lags_meteo,xgboost_direct,17.0,5.216060638427734
2023-09-04,2023-09-04 01:00:00,1,lags_meteo,xgboost_direct,17.0,30.372575759887695
2023-09-04,2023-09-04 02:00:00,2,lags_meteo,xgboost_direct,14.0,24.721946716308594
2023-09-04,2023-09-04 03:00:00,3,lags_meteo,xgboost_direct,15.0,20.399497985839844
2023-09-04,2023-09-04 04:00:00,4,lags_meteo,xgboost_direct,15.0,20.523725509643555
2023-09-04,2023-09-04 05:00:00,5,lags_meteo,xgboost_direct,11.0,23.763751983642578
2023-09-04,2023-09-04 06:00:00,6,lags_meteo,xgboost_direct,16.0,22.086761474609375
2023-09-04,2023-09-04 07:00:00,7,lags_meteo,xgboost_direct,19.0,22.180370330810547
2023-09-04,2023-09-04 08:00:00,8,lags_meteo,xgboost_direct,28.0,22.01886558532715
2023-09-04,2023-09-04 09:00:00,9,lags_meteo,xgboost_direct,24.0,23.233978271484375
2023-09-04,2023-09-04 10:00:00,10,lags_meteo,xgboost_direct,26.0,27.76386070251465
2023-09-04,2023-09-04 11:00:00,11,lags_meteo,xgboost_direct,19.0,30.204683303833008
2023-09-04,2023-09-04 12:00:00,12,lags_meteo,xgboost_direct,10.0,30.691814422607422
2023-09-04,2023-09-04 13:00:00,13,lags_meteo,xgboost_direct,17.0,21.32274055480957
2023-09-04,2023-09-04 14:00:00,14,lags_meteo,xgboost_direct,15.0,23.095821380615234
2023-09-04,2023-09-04 15:00:00,15,lags_meteo,xgboost_direct,18.0,17.45806121826172
2023-09-04,2023-09-04 16:00:00,16,lags_meteo,xgboost_direct,20.0,20.514421463012695
2023-09-04,2023-09-04 17:00:00,17,lags_meteo,xgboost_direct,24.0,38.35021209716797
2023-09-04,2023-09-04 18:00:00,18,lags_meteo,xgboost_direct,20.0,13.335258483886719
2023-09-04,2023-09-04 19:00:00,19,lags_meteo,xgboost_direct,17.0,6.228322982788086
2023-09-04,2023-09-04 20:00:00,20,lags_meteo,xgboost_direct,14.0,3.272043228149414
2023-09-04,2023-09-04 21:00:00,21,lags_meteo,xgboost_direct,16.0,-0.7828763127326965
2023-09-04,2023-09-04 22:00:00,22,lags_meteo,xgboost_direct,31.0,23.306596755981445
2023-09-04,2023-09-04 23:00:00,23,lags_meteo,xgboost_direct,40.0,11.720184326171875
2023-09-04,2023-09-05 00:00:00,24,lags_meteo,xgboost_direct,49.0,21.119544982910156
2023-09-05,2023-09-05 01:00:00,1,lags_meteo,xgboost_direct,57.0,30.796083450317383
2023-09-05,2023-09-05 02:00:00,2,lags_meteo,xgboost_direct,58.0,27.887659072875977
2023-09-05,2023-09-05 03:00:00,3,lags_meteo,xgboost_direct,51.0,25.37804412841797
2023-09-05,2023-09-05 04:00:00,4,lags_meteo,xgboost_direct,37.0,25.186073303222656
2023-09-05,2023-09-05 05:00:00,5,lags_meteo,xgboost_direct,40.0,22.217830657958984
2023-09-05,2023-09-05 06:00:00,6,lags_meteo,xgboost_direct,40.0,22.140148162841797
2023-09-05,2023-09-05 07:00:00,7,lags_meteo,xgboost_direct,44.0,21.34952735900879
2023-09-05,2023-09-05 08:00:00,8,lags_meteo,xgboost_direct,32.0,19.76873207092285
2023-09-05,2023-09-05 09:00:00,9,lags_meteo,xgboost_direct,35.0,20.68757438659668
2023-09-05,2023-09-05 10:00:00,10,lags_meteo,xgboost_direct,64.0,23.01657485961914
2023-09-05,2023-09-05 11:00:00,11,lags_meteo,xgboost_direct,54.0,23.407697677612305
2023-09-05,2023-09-05 12:00:00,12,lags_meteo,xgboost_direct,49.0,22.087982177734375
2023-09-05,2023-09-05 13:00:00,13,lags_meteo,xgboost_direct,39.0,20.664714813232422
2023-09-05,2023-09-05 14:00:00,14,lags_meteo,xgboost_direct,27.0,20.60142707824707
2023-09-05,2023-09-05 15:00:00,15,lags_meteo,xgboost_direct,39.0,20.1708927154541
2023-09-05,2023-09-05 16:00:00,16,lags_meteo,xgboost_direct,51.0,19.29483413696289
2023-09-05,2023-09-05 17:00:00,17,lags_meteo,xgboost_direct,47.0,19.957651138305664
2023-09-05,2023-09-05 18:00:00,18,lags_meteo,xgboost_direct,48.0,19.670398712158203
2023-09-05,2023-09-05 19:00:00,19,lags_meteo,xgboost_direct,49.0,21.07917022705078
2023-09-05,2023-09-05 20:00:00,20,lags_meteo,xgboost_direct,44.0,19.95891571044922
2023-09-05,2023-09-05 21:00:00,21,lags_meteo,xgboost_direct,40.0,20.729991912841797
2023-09-05,2023-09-05 22:00:00,22,lags_meteo,xgboost_direct,42.0,20.466663360595703
2023-09-05,2023-09-05 23:00:00,23,lags_meteo,xgboost_direct,41.0,20.39785385131836
2023-09-05,2023-09-06 00:00:00,24,lags_meteo,xgboost_direct,39.0,21.0794677734375
2023-09-06,2023-09-06 01:00:00,1,lags_meteo,xgboost_direct,36.0,36.41404342651367
2023-09-06,2023-09-06 02:00:00,2,lags_meteo,xgboost_direct,35.0,35.745460510253906
2023-09-06,2023-09-06 03:00:00,3,lags_meteo,xgboost_direct,36.0,35.31156539916992
2023-09-06,2023-09-06 04:00:00,4,lags_meteo,xgboost_direct,36.0,33.908790588378906
2023-09-06,2023-09-06 05:00:00,5,lags_meteo,xgboost_direct,31.0,33.53864288330078
2023-09-06,2023-09-06 06:00:00,6,lags_meteo,xgboost_direct,24.0,33.67021942138672
2023-09-06,2023-09-06 07:00:00,7,lags_meteo,xgboost_direct,24.0,33.81464767456055
2023-09-06,2023-09-06 08:00:00,8,lags_meteo,xgboost_direct,19.0,32.07459259033203
2023-09-06,2023-09-06 09:00:00,9,lags_meteo,xgboost_direct,16.0,34.135379791259766
2023-09-06,2023-09-06 10:00:00,10,lags_meteo,xgboost_direct,18.0,36.60397720336914
2023-09-06,2023-09-06 11:00:00,11,lags_meteo,xgboost_direct,23.0,37.500572204589844
2023-09-06,2023-09-06 12:00:00,12,lags_meteo,xgboost_direct,30.0,38.934200286865234
2023-09-06,2023-09-06 13:00:00,13,lags_meteo,xgboost_direct,32.0,38.27827453613281
2023-09-06,2023-09-06 14:00:00,14,lags_meteo,xgboost_direct,37.0,36.04960632324219
2023-09-06,2023-09-06 15:00:00,15,lags_meteo,xgboost_direct,45.0,32.64492416381836
2023-09-06,2023-09-06 16:00:00,16,lags_meteo,xgboost_direct,53.0,32.15951919555664
2023-09-06,2023-09-06 17:00:00,17,lags_meteo,xgboost_direct,51.0,32.67762756347656
2023-09-06,2023-09-06 18:00:00,18,lags_meteo,xgboost_direct,43.0,33.58102035522461
2023-09-06,2023-09-06 19:00:00,19,lags_meteo,xgboost_direct,34.0,33.061187744140625
2023-09-06,2023-09-06 20:00:00,20,lags_meteo,xgboost_direct,35.0,31.465314865112305
2023-09-06,2023-09-06 21:00:00,21,lags_meteo,xgboost_direct,34.0,31.653844833374023
2023-09-06,2023-09-06 22:00:00,22,lags_meteo,xgboost_direct,29.0,31.271873474121094
2023-09-06,2023-09-06 23:00:00,23,lags_meteo,xgboost_direct,33.0,29.94234848022461
2023-09-06,2023-09-07 00:00:00,24,lags_meteo,xgboost_direct,36.0,28.28162956237793
2023-09-07,2023-09-07 01:00:00,1,lags_meteo,xgboost_direct,35.0,33.07746887207031
2023-09-07,2023-09-07 02:00:00,2,lags_meteo,xgboost_direct,38.0,31.866628646850586
2023-09-07,2023-09-07 03:00:00,3,lags_meteo,xgboost_direct,41.0,30.58855628967285
2023-09-07,2023-09-07 04:00:00,4,lags_meteo,xgboost_direct,36.0,30.760337829589844
2023-09-07,2023-09-07 05:00:00,5,lags_meteo,xgboost_direct,28.0,28.86083984375
2023-09-07,2023-09-07 06:00:00,6,lags_meteo,xgboost_direct,23.0,28.089828491210938
2023-09-07,2023-09-07 07:00:00,7,lags_meteo,xgboost_direct,25.0,27.16017723083496
2023-09-07,2023-09-07 08:00:00,8,lags_meteo,xgboost_direct,31.0,26.936731338500977
2023-09-07,2023-09-07 09:00:00,9,lags_meteo,xgboost_direct,37.0,32.366180419921875
2023-09-07,2023-09-07 10:00:00,10,lags_meteo,xgboost_direct,34.0,35.82444381713867
2023-09-07,2023-09-07 11:00:00,11,lags_meteo,xgboost_direct,29.0,37.68743133544922
2023-09-07,2023-09-07 12:00:00,12,lags_meteo,xgboost_direct,33.0,37.397216796875
2023-09-07,2023-09-07 13:00:00,13,lags_meteo,xgboost_direct,39.0,35.540069580078125
2023-09-07,2023-09-07 14:00:00,14,lags_meteo,xgboost_direct,40.0,35.88585662841797
2023-09-07,2023-09-07 15:00:00,15,lags_meteo,xgboost_direct,37.0,34.40105056762695
2023-09-07,2023-09-07 16:00:00,16,lags_meteo,xgboost_direct,35.0,34.749847412109375
2023-09-07,2023-09-07 17:00:00,17,lags_meteo,xgboost_direct,38.0,34.55276870727539
2023-09-07,2023-09-07 18:00:00,18,lags_meteo,xgboost_direct,40.0,35.345115661621094
2023-09-07,2023-09-07 19:00:00,19,lags_meteo,xgboost_direct,37.0,34.852413177490234
2023-09-07,2023-09-07 20:00:00,20,lags_meteo,xgboost_direct,31.0,35.25485610961914
2023-09-07,2023-09-07 21:00:00,21,lags_meteo,xgboost_direct,31.0,32.39285659790039
2023-09-07,2023-09-07 22:00:00,22,lags_meteo,xgboost_direct,32.0,31.38855743408203
2023-09-07,2023-09-07 23:00:00,23,lags_meteo,xgboost_direct,32.0,30.85171127319336
2023-09-07,2023-09-08 00:00:00,24,lags_meteo,xgboost_direct,32.0,28.77787208557129
2023-09-08,2023-09-08 01:00:00,1,lags_meteo,xgboost_direct,27.0,32.82268142700195
2023-09-08,2023-09-08 02:00:00,2,lags_meteo,xgboost_direct,37.0,32.358402252197266
2023-09-08,2023-09-08 03:00:00,3,lags_meteo,xgboost_direct,37.0,30.10762596130371
2023-09-08,2023-09-08 04:00:00,4,lags_meteo,xgboost_direct,32.0,29.90795135498047
2023-09-08,2023-09-08 05:00:00,5,lags_meteo,xgboost_direct,28.0,28.933992385864258
2023-09-08,2023-09-08 06:00:00,6,lags_meteo,xgboost_direct,27.0,28.224361419677734
2023-09-08,2023-09-08 07:00:00,7,lags_meteo,xgboost_direct,21.0,28.417430877685547
2023-09-08,2023-09-08 08:00:00,8,lags_meteo,xgboost_direct,22.0,29.081729888916016
2023-09-08,2023-09-08 09:00:00,9,lags_meteo,xgboost_direct,29.0,31.044933319091797
2023-09-08,2023-09-08 10:00:00,10,lags_meteo,xgboost_direct,26.0,35.664947509765625
2023-09-08,2023-09-08 11:00:00,11,lags_meteo,xgboost_direct,29.0,37.61595153808594
2023-09-08,2023-09-08 12:00:00,12,lags_meteo,xgboost_direct,33.0,38.98674392700195
2023-09-08,2023-09-08 13:00:00,13,lags_meteo,xgboost_direct,36.0,37.048133850097656
2023-09-08,2023-09-08 14:00:00,14,lags_meteo,xgboost_direct,38.0,36.63967514038086
2023-09-08,2023-09-08 15:00:00,15,lags_meteo,xgboost_direct,32.0,35.44502639770508
2023-09-08,2023-09-08 16:00:00,16,lags_meteo,xgboost_direct,27.0,34.473876953125
2023-09-08,2023-09-08 17:00:00,17,lags_meteo,xgboost_direct,21.0,33.72867965698242
2023-09-08,2023-09-08 18:00:00,18,lags_meteo,xgboost_direct,26.0,35.039058685302734
2023-09-08,2023-09-08 19:00:00,19,lags_meteo,xgboost_direct,27.0,34.38938903808594
2023-09-08,2023-09-08 20:00:00,20,lags_meteo,xgboost_direct,30.0,33.59382247924805
2023-09-08,2023-09-08 21:00:00,21,lags_meteo,xgboost_direct,30.0,33.09006118774414
2023-09-08,2023-09-08 22:00:00,22,lags_meteo,xgboost_direct,31.0,31.61078643798828
2023-09-08,2023-09-08 23:00:00,23,lags_meteo,xgboost_direct,30.0,29.85727310180664
2023-09-08,2023-09-09 00:00:00,24,lags_meteo,xgboost_direct,28.0,29.620615005493164
2023-09-09,2023-09-09 01:00:00,1,lags_meteo,xgboost_direct,25.0,28.940902709960938
2023-09-09,2023-09-09 02:00:00,2,lags_meteo,xgboost_direct,27.0,26.86079978942871
2023-09-09,2023-09-09 03:00:00,3,lags_meteo,xgboost_direct,27.0,25.97592544555664
2023-09-09,2023-09-09 04:00:00,4,lags_meteo,xgboost_direct,25.0,25.381074905395508
2023-09-09,2023-09-09 05:00:00,5,lags_meteo,xgboost_direct,19.0,24.426969528198242
2023-09-09,2023-09-09 06:00:00,6,lags_meteo,xgboost_direct,22.0,24.45448112487793
2023-09-09,2023-09-09 07:00:00,7,lags_meteo,xgboost_direct,21.0,25.2235050201416
2023-09-09,2023-09-09 08:00:00,8,lags_meteo,xgboost_direct,20.0,24.37195587158203
2023-09-09,2023-09-09 09:00:00,9,lags_meteo,xgboost_direct,19.0,24.70199203491211
2023-09-09,2023-09-09 10:00:00,10,lags_meteo,xgboost_direct,21.0,28.445484161376953
2023-09-09,2023-09-09 11:00:00,11,lags_meteo,xgboost_direct,23.0,29.173555374145508
2023-09-09,2023-09-09 12:00:00,12,lags_meteo,xgboost_direct,22.0,28.192007064819336
2023-09-09,2023-09-09 13:00:00,13,lags_meteo,xgboost_direct,22.0,26.60315704345703
2023-09-09,2023-09-09 14:00:00,14,lags_meteo,xgboost_direct,25.0,25.98609161376953
2023-09-09,2023-09-09 15:00:00,15,lags_meteo,xgboost_direct,23.0,26.487403869628906
2023-09-09,2023-09-09 16:00:00,16,lags_meteo,xgboost_direct,19.0,27.008380889892578
2023-09-09,2023-09-09 17:00:00,17,lags_meteo,xgboost_direct,17.0,26.22068977355957
2023-09-09,2023-09-09 18:00:00,18,lags_meteo,xgboost_direct,17.0,26.78250503540039
2023-09-09,2023-09-09 19:00:00,19,lags_meteo,xgboost_direct,16.0,26.240070343017578
2023-09-09,2023-09-09 20:00:00,20,lags_meteo,xgboost_direct,16.0,27.727191925048828
2023-09-09,2023-09-09 21:00:00,21,lags_meteo,xgboost_direct,17.0,25.34249496459961
2023-09-09,2023-09-09 22:00:00,22,lags_meteo,xgboost_direct,20.0,24.57399559020996
2023-09-09,2023-09-09 23:00:00,23,lags_meteo,xgboost_direct,18.0,24.35371208190918
2023-09-09,2023-09-10 00:00:00,24,lags_meteo,xgboost_direct,19.0,23.670940399169922
2023-09-10,2023-09-10 01:00:00,1,lags_meteo,xgboost_direct,18.0,15.239969253540039
2023-09-10,2023-09-10 02:00:00,2,lags_meteo,xgboost_direct,15.0,14.056305885314941
2023-09-10,2023-09-10 03:00:00,3,lags_meteo,xgboost_direct,18.0,11.842730522155762
2023-09-10,2023-09-10 04:00:00,4,lags_meteo,xgboost_direct,20.0,11.789861679077148
2023-09-10,2023-09-10 05:00:00,5,lags_meteo,xgboost_direct,17.0,12.731101989746094
2023-09-10,2023-09-10 06:00:00,6,lags_meteo,xgboost_direct,15.0,13.609379768371582
2023-09-10,2023-09-10 07:00:00,7,lags_meteo,xgboost_direct,12.0,13.258707046508789
2023-09-10,2023-09-10 08:00:00,8,lags_meteo,xgboost_direct,18.0,13.86214542388916
2023-09-10,2023-09-10 09:00:00,9,lags_meteo,xgboost_direct,13.0,14.719171524047852
2023-09-10,2023-09-10 10:00:00,10,lags_meteo,xgboost_direct,17.0,19.30862808227539
2023-09-10,2023-09-10 11:00:00,11,lags_meteo,xgboost_direct,18.0,21.28108024597168
2023-09-10,2023-09-10 12:00:00,12,lags_meteo,xgboost_direct,20.0,20.882282257080078
2023-09-10,2023-09-10 13:00:00,13,lags_meteo,xgboost_direct,19.0,16.294633865356445
2023-09-10,2023-09-10 14:00:00,14,lags_meteo,xgboost_direct,19.0,13.31481647491455
2023-09-10,2023-09-10 15:00:00,15,lags_meteo,xgboost_direct,14.0,11.957619667053223
2023-09-10,2023-09-10 16:00:00,16,lags_meteo,xgboost_direct,12.0,13.778127670288086
2023-09-10,2023-09-10 17:00:00,17,lags_meteo,xgboost_direct,15.0,12.72238540649414
2023-09-10,2023-09-10 18:00:00,18,lags_meteo,xgboost_direct,14.0,19.384937286376953
2023-09-10,2023-09-10 19:00:00,19,lags_meteo,xgboost_direct,14.0,11.837691307067871
2023-09-10,2023-09-10 20:00:00,20,lags_meteo,xgboost_direct,15.0,21.90523338317871
2023-09-10,2023-09-10 21:00:00,21,lags_meteo,xgboost_direct,19.0,21.990629196166992
2023-09-10,2023-09-10 22:00:00,22,lags_meteo,xgboost_direct,16.0,25.918216705322266
2023-09-10,2023-09-10 23:00:00,23,lags_meteo,xgboost_direct,11.0,14.614920616149902
2023-09-10,2023-09-11 00:00:00,24,lags_meteo,xgboost_direct,14.0,13.735392570495605
2023-09-11,2023-09-11 01:00:00,1,lags_meteo,xgboost_direct,19.0,12.408954620361328
2023-09-11,2023-09-11 02:00:00,2,lags_meteo,xgboost_direct,15.0,12.881585121154785
2023-09-11,2023-09-11 03:00:00,3,lags_meteo,xgboost_direct,8.0,13.291924476623535
2023-09-11,2023-09-11 04:00:00,4,lags_meteo,xgboost_direct,12.0,14.566915512084961
2023-09-11,2023-09-11 05:00:00,5,lags_meteo,xgboost_direct,12.0,13.692368507385254
2023-09-11,2023-09-11 06:00:00,6,lags_meteo,xgboost_direct,10.0,13.743892669677734
2023-09-11,2023-09-11 07:00:00,7,lags_meteo,xgboost_direct,6.0,13.461411476135254
2023-09-11,2023-09-11 08:00:00,8,lags_meteo,xgboost_direct,12.0,14.026305198669434
2023-09-11,2023-09-11 09:00:00,9,lags_meteo,xgboost_direct,7.0,17.911209106445312
2023-09-11,2023-09-11 10:00:00,10,lags_meteo,xgboost_direct,17.0,20.12420082092285
2023-09-11,2023-09-11 11:00:00,11,lags_meteo,xgboost_direct,15.0,20.131519317626953
2023-09-11,2023-09-11 12:00:00,12,lags_meteo,xgboost_direct,12.0,19.54228973388672
2023-09-11,2023-09-11 13:00:00,13,lags_meteo,xgboost_direct,10.0,17.111604690551758
2023-09-11,2023-09-11 14:00:00,14,lags_meteo,xgboost_direct,6.0,16.767271041870117
2023-09-11,2023-09-11 15:00:00,15,lags_meteo,xgboost_direct,7.0,15.689684867858887
2023-09-11,2023-09-11 16:00:00,16,lags_meteo,xgboost_direct,6.0,15.350105285644531
2023-09-11,2023-09-11 17:00:00,17,lags_meteo,xgboost_direct,5.0,15.32305908203125
2023-09-11,2023-09-11 18:00:00,18,lags_meteo,xgboost_direct,4.0,15.194169998168945
2023-09-11,2023-09-11 19:00:00,19,lags_meteo,xgboost_direct,8.0,15.958937644958496
2023-09-11,2023-09-11 20:00:00,20,lags_meteo,xgboost_direct,8.0,15.721921920776367
2023-09-11,2023-09-11 21:00:00,21,lags_meteo,xgboost_direct,8.0,14.874444007873535
2023-09-11,2023-09-11 22:00:00,22,lags_meteo,xgboost_direct,9.0,15.261609077453613
2023-09-11,2023-09-11 23:00:00,23,lags_meteo,xgboost_direct,10.0,14.543000221252441
2023-09-11,2023-09-12 00:00:00,24,lags_meteo,xgboost_direct,10.0,14.00306224822998
2023-09-12,2023-09-12 01:00:00,1,lags_meteo,xgboost_direct,5.0,10.379193305969238
2023-09-12,2023-09-12 02:00:00,2,lags_meteo,xgboost_direct,12.0,10.973716735839844
2023-09-12,2023-09-12 03:00:00,3,lags_meteo,xgboost_direct,2.0,10.998157501220703
2023-09-12,2023-09-12 04:00:00,4,lags_meteo,xgboost_direct,11.0,10.807561874389648
2023-09-12,2023-09-12 05:00:00,5,lags_meteo,xgboost_direct,5.0,9.617465019226074
2023-09-12,2023-09-12 06:00:00,6,lags_meteo,xgboost_direct,11.0,10.118383407592773
2023-09-12,2023-09-12 07:00:00,7,lags_meteo,xgboost_direct,16.0,11.126100540161133
2023-09-12,2023-09-12 08:00:00,8,lags_meteo,xgboost_direct,9.0,10.704585075378418
2023-09-12,2023-09-12 09:00:00,9,lags_meteo,xgboost_direct,16.0,12.840860366821289
2023-09-12,2023-09-12 10:00:00,10,lags_meteo,xgboost_direct,12.0,14.6762056350708
2023-09-12,2023-09-12 11:00:00,11,lags_meteo,xgboost_direct,22.0,14.804037094116211
2023-09-12,2023-09-12 12:00:00,12,lags_meteo,xgboost_direct,30.0,15.00361156463623
2023-09-12,2023-09-12 13:00:00,13,lags_meteo,xgboost_direct,20.0,13.88262939453125
2023-09-12,2023-09-12 14:00:00,14,lags_meteo,xgboost_direct,21.0,12.5086669921875
2023-09-12,2023-09-12 15:00:00,15,lags_meteo,xgboost_direct,21.0,11.995241165161133
2023-09-12,2023-09-12 16:00:00,16,lags_meteo,xgboost_direct,10.0,11.296561241149902
2023-09-12,2023-09-12 17:00:00,17,lags_meteo,xgboost_direct,10.0,11.407065391540527
2023-09-12,2023-09-12 18:00:00,18,lags_meteo,xgboost_direct,9.0,12.20795726776123
2023-09-12,2023-09-12 19:00:00,19,lags_meteo,xgboost_direct,9.0,12.017218589782715
2023-09-12,2023-09-12 20:00:00,20,lags_meteo,xgboost_direct,7.0,12.318503379821777
2023-09-12,2023-09-12 21:00:00,21,lags_meteo,xgboost_direct,9.0,11.777864456176758
2023-09-12,2023-09-12 22:00:00,22,lags_meteo,xgboost_direct,13.0,12.007497787475586
2023-09-12,2023-09-12 23:00:00,23,lags_meteo,xgboost_direct,13.0,12.873642921447754
2023-09-12,2023-09-13 00:00:00,24,lags_meteo,xgboost_direct,9.0,13.568680763244629
2023-09-13,2023-09-13 01:00:00,1,lags_meteo,xgboost_direct,10.0,11.835785865783691
2023-09-13,2023-09-13 02:00:00,2,lags_meteo,xgboost_direct,6.0,11.516691207885742
2023-09-13,2023-09-13 03:00:00,3,lags_meteo,xgboost_direct,5.0,11.720497131347656
2023-09-13,2023-09-13 04:00:00,4,lags_meteo,xgboost_direct,4.0,11.56615161895752
2023-09-13,2023-09-13 05:00:00,5,lags_meteo,xgboost_direct,10.0,11.849270820617676
2023-09-13,2023-09-13 06:00:00,6,lags_meteo,xgboost_direct,1.0,10.731486320495605
2023-09-13,2023-09-13 07:00:00,7,lags_meteo,xgboost_direct,8.0,10.765960693359375
2023-09-13,2023-09-13 08:00:00,8,lags_meteo,xgboost_direct,11.0,12.779630661010742
2023-09-13,2023-09-13 09:00:00,9,lags_meteo,xgboost_direct,8.0,15.883829116821289
2023-09-13,2023-09-13 10:00:00,10,lags_meteo,xgboost_direct,10.0,18.99578094482422
2023-09-13,2023-09-13 11:00:00,11,lags_meteo,xgboost_direct,9.0,20.524492263793945
2023-09-13,2023-09-13 12:00:00,12,lags_meteo,xgboost_direct,9.0,19.844083786010742
2023-09-13,2023-09-13 13:00:00,13,lags_meteo,xgboost_direct,11.0,19.13661003112793
2023-09-13,2023-09-13 14:00:00,14,lags_meteo,xgboost_direct,7.0,17.866470336914062
2023-09-13,2023-09-13 15:00:00,15,lags_meteo,xgboost_direct,5.0,14.953657150268555
2023-09-13,2023-09-13 16:00:00,16,lags_meteo,xgboost_direct,11.0,14.0443696975708
2023-09-13,2023-09-13 17:00:00,17,lags_meteo,xgboost_direct,10.0,13.147734642028809
2023-09-13,2023-09-13 18:00:00,18,lags_meteo,xgboost_direct,7.0,12.28316879272461
2023-09-13,2023-09-13 19:00:00,19,lags_meteo,xgboost_direct,7.0,12.43590259552002
2023-09-13,2023-09-13 20:00:00,20,lags_meteo,xgboost_direct,9.0,12.47218132019043
2023-09-13,2023-09-13 21:00:00,21,lags_meteo,xgboost_direct,8.0,12.721664428710938
2023-09-13,2023-09-13 22:00:00,22,lags_meteo,xgboost_direct,11.0,12.807429313659668
2023-09-13,2023-09-13 23:00:00,23,lags_meteo,xgboost_direct,11.0,13.343976974487305
2023-09-13,2023-09-14 00:00:00,24,lags_meteo,xgboost_direct,10.0,14.17384147644043
2023-09-14,2023-09-14 01:00:00,1,lags_meteo,xgboost_direct,9.0,9.630273818969727
2023-09-14,2023-09-14 02:00:00,2,lags_meteo,xgboost_direct,5.0,8.80791187286377
2023-09-14,2023-09-14 03:00:00,3,lags_meteo,xgboost_direct,8.0,9.27723503112793
2023-09-14,2023-09-14 04:00:00,4,lags_meteo,xgboost_direct,6.0,9.01928424835205
2023-09-14,2023-09-14 05:00:00,5,lags_meteo,xgboost_direct,5.0,9.291902542114258
2023-09-14,2023-09-14 06:00:00,6,lags_meteo,xgboost_direct,5.0,9.067695617675781
2023-09-14,2023-09-14 07:00:00,7,lags_meteo,xgboost_direct,8.0,10.190571784973145
2023-09-14,2023-09-14 08:00:00,8,lags_meteo,xgboost_direct,11.0,10.102615356445312
2023-09-14,2023-09-14 09:00:00,9,lags_meteo,xgboost_direct,15.0,12.032111167907715
2023-09-14,2023-09-14 10:00:00,10,lags_meteo,xgboost_direct,18.0,13.520476341247559
2023-09-14,2023-09-14 11:00:00,11,lags_meteo,xgboost_direct,17.0,14.299072265625
2023-09-14,2023-09-14 12:00:00,12,lags_meteo,xgboost_direct,18.0,15.138888359069824
2023-09-14,2023-09-14 13:00:00,13,lags_meteo,xgboost_direct,21.0,14.048735618591309
2023-09-14,2023-09-14 14:00:00,14,lags_meteo,xgboost_direct,22.0,14.49387264251709
2023-09-14,2023-09-14 15:00:00,15,lags_meteo,xgboost_direct,22.0,12.808846473693848
2023-09-14,2023-09-14 16:00:00,16,lags_meteo,xgboost_direct,24.0,12.387490272521973
2023-09-14,2023-09-14 17:00:00,17,lags_meteo,xgboost_direct,23.0,12.840916633605957
2023-09-14,2023-09-14 18:00:00,18,lags_meteo,xgboost_direct,25.0,13.220842361450195
2023-09-14,2023-09-14 19:00:00,19,lags_meteo,xgboost_direct,21.0,12.860477447509766
2023-09-14,2023-09-14 20:00:00,20,lags_meteo,xgboost_direct,20.0,13.197275161743164
2023-09-14,2023-09-14 21:00:00,21,lags_meteo,xgboost_direct,22.0,13.25761604309082
2023-09-14,2023-09-14 22:00:00,22,lags_meteo,xgboost_direct,24.0,13.167022705078125
2023-09-14,2023-09-14 23:00:00,23,lags_meteo,xgboost_direct,24.0,13.419054985046387
2023-09-14,2023-09-15 00:00:00,24,lags_meteo,xgboost_direct,24.0,13.4520263671875
2023-09-15,2023-09-15 01:00:00,1,lags_meteo,xgboost_direct,22.0,20.13857650756836
2023-09-15,2023-09-15 02:00:00,2,lags_meteo,xgboost_direct,20.0,20.219219207763672
2023-09-15,2023-09-15 03:00:00,3,lags_meteo,xgboost_direct,16.0,19.98740005493164
2023-09-15,2023-09-15 04:00:00,4,lags_meteo,xgboost_direct,15.0,18.98284339904785
2023-09-15,2023-09-15 05:00:00,5,lags_meteo,xgboost_direct,18.0,17.502395629882812
2023-09-15,2023-09-15 06:00:00,6,lags_meteo,xgboost_direct,8.0,17.438230514526367
2023-09-15,2023-09-15 07:00:00,7,lags_meteo,xgboost_direct,5.0,17.35609245300293
2023-09-15,2023-09-15 08:00:00,8,lags_meteo,xgboost_direct,13.0,18.104923248291016
2023-09-15,2023-09-15 09:00:00,9,lags_meteo,xgboost_direct,13.0,19.83696937561035
2023-09-15,2023-09-15 10:00:00,10,lags_meteo,xgboost_direct,5.0,20.70927619934082
2023-09-15,2023-09-15 11:00:00,11,lags_meteo,xgboost_direct,8.0,22.38734245300293
2023-09-15,2023-09-15 12:00:00,12,lags_meteo,xgboost_direct,11.0,21.227079391479492
2023-09-15,2023-09-15 13:00:00,13,lags_meteo,xgboost_direct,12.0,20.13050079345703
2023-09-15,2023-09-15 14:00:00,14,lags_meteo,xgboost_direct,10.0,18.171539306640625
2023-09-15,2023-09-15 15:00:00,15,lags_meteo,xgboost_direct,15.0,17.68610191345215
2023-09-15,2023-09-15 16:00:00,16,lags_meteo,xgboost_direct,14.0,18.085214614868164
2023-09-15,2023-09-15 17:00:00,17,lags_meteo,xgboost_direct,15.0,18.754085540771484
2023-09-15,2023-09-15 18:00:00,18,lags_meteo,xgboost_direct,9.0,18.527040481567383
2023-09-15,2023-09-15 19:00:00,19,lags_meteo,xgboost_direct,12.0,19.483121871948242
2023-09-15,2023-09-15 20:00:00,20,lags_meteo,xgboost_direct,13.0,19.042701721191406
2023-09-15,2023-09-15 21:00:00,21,lags_meteo,xgboost_direct,11.0,19.74359703063965
2023-09-15,2023-09-15 22:00:00,22,lags_meteo,xgboost_direct,11.0,18.89429473876953
2023-09-15,2023-09-15 23:00:00,23,lags_meteo,xgboost_direct,6.0,18.774442672729492
2023-09-15,2023-09-16 00:00:00,24,lags_meteo,xgboost_direct,,17.841703414916992
2023-09-16,2023-09-16 01:00:00,1,lags_meteo,xgboost_direct,1.0,8.68012809753418
2023-09-16,2023-09-16 02:00:00,2,lags_meteo,xgboost_direct,1.0,9.119755744934082
2023-09-16,2023-09-16 03:00:00,3,lags_meteo,xgboost_direct,2.0,9.067188262939453
2023-09-16,2023-09-16 04:00:00,4,lags_meteo,xgboost_direct,10.0,9.21114444732666
2023-09-16,2023-09-16 05:00:00,5,lags_meteo,xgboost_direct,8.0,8.797067642211914
2023-09-16,2023-09-16 06:00:00,6,lags_meteo,xgboost_direct,7.0,8.369894981384277
2023-09-16,2023-09-16 07:00:00,7,lags_meteo,xgboost_direct,5.0,8.871280670166016
2023-09-16,2023-09-16 08:00:00,8,lags_meteo,xgboost_direct,2.0,9.051170349121094
2023-09-16,2023-09-16 09:00:00,9,lags_meteo,xgboost_direct,1.0,9.745088577270508
2023-09-16,2023-09-16 10:00:00,10,lags_meteo,xgboost_direct,1.0,11.46221923828125
2023-09-16,2023-09-16 11:00:00,11,lags_meteo,xgboost_direct,4.0,12.528458595275879
2023-09-16,2023-09-16 12:00:00,12,lags_meteo,xgboost_direct,1.0,12.307212829589844
2023-09-16,2023-09-16 13:00:00,13,lags_meteo,xgboost_direct,1.0,10.934123039245605
2023-09-16,2023-09-16 14:00:00,14,lags_meteo,xgboost_direct,1.0,10.627570152282715
2023-09-16,2023-09-16 15:00:00,15,lags_meteo,xgboost_direct,1.0,10.61417293548584
2023-09-16,2023-09-16 16:00:00,16,lags_meteo,xgboost_direct,1.0,10.896867752075195
2023-09-16,2023-09-16 17:00:00,17,lags_meteo,xgboost_direct,1.0,10.404181480407715
2023-09-16,2023-09-16 18:00:00,18,lags_meteo,xgboost_direct,0.0,10.36240291595459
2023-09-16,2023-09-16 19:00:00,19,lags_meteo,xgboost_direct,1.0,11.235007286071777
2023-09-16,2023-09-16 20:00:00,20,lags_meteo,xgboost_direct,1.0,11.220494270324707
2023-09-16,2023-09-16 21:00:00,21,lags_meteo,xgboost_direct,1.0,11.53847599029541
2023-09-16,2023-09-16 22:00:00,22,lags_meteo,xgboost_direct,1.0,11.33966064453125
2023-09-16,2023-09-16 23:00:00,23,lags_meteo,xgboost_direct,1.0,11.172870635986328
2023-09-16,2023-09-17 00:00:00,24,lags_meteo,xgboost_direct,1.0,10.815896034240723
2023-09-17,2023-09-17 01:00:00,1,lags_meteo,xgboost_direct,1.0,4.07130241394043
2023-09-17,2023-09-17 02:00:00,2,lags_meteo,xgboost_direct,3.0,4.218964099884033
2023-09-17,2023-09-17 03:00:00,3,lags_meteo,xgboost_direct,4.0,4.861995220184326
2023-09-17,2023-09-17 04:00:00,4,lags_meteo,xgboost_direct,8.0,5.383859634399414
2023-09-17,2023-09-17 05:00:00,5,lags_meteo,xgboost_direct,8.0,4.205470085144043
2023-09-17,2023-09-17 06:00:00,6,lags_meteo,xgboost_direct,1.0,5.2117085456848145
2023-09-17,2023-09-17 07:00:00,7,lags_meteo,xgboost_direct,1.0,5.507123947143555
2023-09-17,2023-09-17 08:00:00,8,lags_meteo,xgboost_direct,1.0,4.841264247894287
2023-09-17,2023-09-17 09:00:00,9,lags_meteo,xgboost_direct,1.0,5.998015403747559
2023-09-17,2023-09-17 10:00:00,10,lags_meteo,xgboost_direct,2.0,7.625831604003906
2023-09-17,2023-09-17 11:00:00,11,lags_meteo,xgboost_direct,1.0,8.444214820861816
2023-09-17,2023-09-17 12:00:00,12,lags_meteo,xgboost_direct,1.0,8.243850708007812
2023-09-17,2023-09-17 13:00:00,13,lags_meteo,xgboost_direct,5.0,7.338602066040039
2023-09-17,2023-09-17 14:00:00,14,lags_meteo,xgboost_direct,3.0,7.8565473556518555
2023-09-17,2023-09-17 15:00:00,15,lags_meteo,xgboost_direct,2.0,7.443431854248047
2023-09-17,2023-09-17 16:00:00,16,lags_meteo,xgboost_direct,1.0,8.143302917480469
2023-09-17,2023-09-17 17:00:00,17,lags_meteo,xgboost_direct,1.0,8.157669067382812
2023-09-17,2023-09-17 18:00:00,18,lags_meteo,xgboost_direct,1.0,8.236673355102539
2023-09-17,2023-09-17 19:00:00,19,lags_meteo,xgboost_direct,2.0,8.893085479736328
2023-09-17,2023-09-17 20:00:00,20,lags_meteo,xgboost_direct,1.0,9.300962448120117
2023-09-17,2023-09-17 21:00:00,21,lags_meteo,xgboost_direct,1.0,9.809720039367676
2023-09-17,2023-09-17 22:00:00,22,lags_meteo,xgboost_direct,1.0,10.059765815734863
2023-09-17,2023-09-17 23:00:00,23,lags_meteo,xgboost_direct,1.0,10.056662559509277
2023-09-17,2023-09-18 00:00:00,24,lags_meteo,xgboost_direct,1.0,10.302977561950684
2023-09-18,2023-09-18 01:00:00,1,lags_meteo,xgboost_direct,1.0,3.653785467147827
2023-09-18,2023-09-18 02:00:00,2,lags_meteo,xgboost_direct,1.0,3.628385305404663
2023-09-18,2023-09-18 03:00:00,3,lags_meteo,xgboost_direct,1.0,3.8468549251556396
2023-09-18,2023-09-18 04:00:00,4,lags_meteo,xgboost_direct,1.0,3.8973093032836914
2023-09-18,2023-09-18 05:00:00,5,lags_meteo,xgboost_direct,3.0,4.413002967834473
2023-09-18,2023-09-18 06:00:00,6,lags_meteo,xgboost_direct,5.0,5.296195983886719
2023-09-18,2023-09-18 07:00:00,7,lags_meteo,xgboost_direct,1.0,6.0019025802612305
2023-09-18,2023-09-18 08:00:00,8,lags_meteo,xgboost_direct,1.0,6.660211563110352
2023-09-18,2023-09-18 09:00:00,9,lags_meteo,xgboost_direct,3.0,9.382180213928223
2023-09-18,2023-09-18 10:00:00,10,lags_meteo,xgboost_direct,1.0,10.272167205810547
2023-09-18,2023-09-18 11:00:00,11,lags_meteo,xgboost_direct,1.0,10.447539329528809
2023-09-18,2023-09-18 12:00:00,12,lags_meteo,xgboost_direct,1.0,9.503287315368652
2023-09-18,2023-09-18 13:00:00,13,lags_meteo,xgboost_direct,1.0,8.084595680236816
2023-09-18,2023-09-18 14:00:00,14,lags_meteo,xgboost_direct,,8.875940322875977
2023-09-18,2023-09-18 15:00:00,15,lags_meteo,xgboost_direct,,8.423175811767578
2023-09-18,2023-09-18 16:00:00,16,lags_meteo,xgboost_direct,,7.647521495819092
2023-09-18,2023-09-18 17:00:00,17,lags_meteo,xgboost_direct,,8.490274429321289
2023-09-18,2023-09-18 18:00:00,18,lags_meteo,xgboost_direct,,7.620739459991455
2023-09-18,2023-09-18 19:00:00,19,lags_meteo,xgboost_direct,,8.578761100769043
2023-09-18,2023-09-18 20:00:00,20,lags_meteo,xgboost_direct,,9.500219345092773
2023-09-18,2023-09-18 21:00:00,21,lags_meteo,xgboost_direct,,9.839365005493164
2023-09-18,2023-09-18 22:00:00,22,lags_meteo,xgboost_direct,,9.921984672546387
2023-09-18,2023-09-18 23:00:00,23,lags_meteo,xgboost_direct,1.0,9.993708610534668
2023-09-18,2023-09-19 00:00:00,24,lags_meteo,xgboost_direct,1.0,10.951409339904785
2023-09-19,2023-09-19 01:00:00,1,lags_meteo,xgboost_direct,,2.865713596343994
2023-09-19,2023-09-19 02:00:00,2,lags_meteo,xgboost_direct,,3.121306896209717
2023-09-19,2023-09-19 03:00:00,3,lags_meteo,xgboost_direct,,4.806396961212158
2023-09-19,2023-09-19 04:00:00,4,lags_meteo,xgboost_direct,1.0,5.187897205352783
2023-09-19,2023-09-19 05:00:00,5,lags_meteo,xgboost_direct,1.0,5.278684616088867
2023-09-19,2023-09-19 06:00:00,6,lags_meteo,xgboost_direct,,6.052420616149902
2023-09-19,2023-09-19 07:00:00,7,lags_meteo,xgboost_direct,,6.726989269256592
2023-09-19,2023-09-19 08:00:00,8,lags_meteo,xgboost_direct,,7.884137153625488
2023-09-19,2023-09-19 09:00:00,9,lags_meteo,xgboost_direct,,9.462611198425293
2023-09-19,2023-09-19 10:00:00,10,lags_meteo,xgboost_direct,,10.972825050354004
2023-09-19,2023-09-19 11:00:00,11,lags_meteo,xgboost_direct,,11.11303997039795
2023-09-19,2023-09-19 12:00:00,12,lags_meteo,xgboost_direct,,10.023756980895996
2023-09-19,2023-09-19 13:00:00,13,lags_meteo,xgboost_direct,,9.703405380249023
2023-09-19,2023-09-19 14:00:00,14,lags_meteo,xgboost_direct,,9.49124813079834
2023-09-19,2023-09-19 15:00:00,15,lags_meteo,xgboost_direct,,8.952964782714844
2023-09-19,2023-09-19 16:00:00,16,lags_meteo,xgboost_direct,,9.412922859191895
2023-09-19,2023-09-19 17:00:00,17,lags_meteo,xgboost_direct,4.0,9.69884204864502
2023-09-19,2023-09-19 18:00:00,18,lags_meteo,xgboost_direct,7.0,10.437707901000977
2023-09-19,2023-09-19 19:00:00,19,lags_meteo,xgboost_direct,9.0,10.35577392578125
2023-09-19,2023-09-19 20:00:00,20,lags_meteo,xgboost_direct,8.0,10.588473320007324
2023-09-19,2023-09-19 21:00:00,21,lags_meteo,xgboost_direct,11.0,10.062422752380371
2023-09-19,2023-09-19 22:00:00,22,lags_meteo,xgboost_direct,9.0,8.937095642089844
2023-09-19,2023-09-19 23:00:00,23,lags_meteo,xgboost_direct,14.0,8.775128364562988
2023-09-19,2023-09-20 00:00:00,24,lags_meteo,xgboost_direct,19.0,8.514315605163574
2023-09-20,2023-09-20 01:00:00,1,lags_meteo,xgboost_direct,14.0,11.539006233215332
2023-09-20,2023-09-20 02:00:00,2,lags_meteo,xgboost_direct,2.0,11.172698020935059
2023-09-20,2023-09-20 03:00:00,3,lags_meteo,xgboost_direct,4.0,10.9599609375
2023-09-20,2023-09-20 04:00:00,4,lags_meteo,xgboost_direct,5.0,10.94555950164795
2023-09-20,2023-09-20 05:00:00,5,lags_meteo,xgboost_direct,6.0,10.960769653320312
2023-09-20,2023-09-20 06:00:00,6,lags_meteo,xgboost_direct,9.0,10.291420936584473
2023-09-20,2023-09-20 07:00:00,7,lags_meteo,xgboost_direct,5.0,11.174139976501465
2023-09-20,2023-09-20 08:00:00,8,lags_meteo,xgboost_direct,,11.64908504486084
2023-09-20,2023-09-20 09:00:00,9,lags_meteo,xgboost_direct,7.0,13.655537605285645
2023-09-20,2023-09-20 10:00:00,10,lags_meteo,xgboost_direct,14.0,15.017916679382324
2023-09-20,2023-09-20 11:00:00,11,lags_meteo,xgboost_direct,28.0,14.496171951293945
2023-09-20,2023-09-20 12:00:00,12,lags_meteo,xgboost_direct,23.0,12.789190292358398
2023-09-20,2023-09-20 13:00:00,13,lags_meteo,xgboost_direct,17.0,12.317203521728516
2023-09-20,2023-09-20 14:00:00,14,lags_meteo,xgboost_direct,13.0,11.056574821472168
2023-09-20,2023-09-20 15:00:00,15,lags_meteo,xgboost_direct,11.0,10.922788619995117
2023-09-20,2023-09-20 16:00:00,16,lags_meteo,xgboost_direct,8.0,10.541810989379883
2023-09-20,2023-09-20 17:00:00,17,lags_meteo,xgboost_direct,9.0,10.299337387084961
2023-09-20,2023-09-20 18:00:00,18,lags_meteo,xgboost_direct,11.0,10.64139461517334
2023-09-20,2023-09-20 19:00:00,19,lags_meteo,xgboost_direct,11.0,10.945561408996582
2023-09-20,2023-09-20 20:00:00,20,lags_meteo,xgboost_direct,14.0,11.474355697631836
2023-09-20,2023-09-20 21:00:00,21,lags_meteo,xgboost_direct,9.0,11.469864845275879
2023-09-20,2023-09-20 22:00:00,22,lags_meteo,xgboost_direct,9.0,11.029144287109375
2023-09-20,2023-09-20 23:00:00,23,lags_meteo,xgboost_direct,9.0,10.423778533935547
2023-09-20,2023-09-21 00:00:00,24,lags_meteo,xgboost_direct,8.0,11.028343200683594
2023-09-21,2023-09-21 01:00:00,1,lags_meteo,xgboost_direct,6.0,8.829700469970703
2023-09-21,2023-09-21 02:00:00,2,lags_meteo,xgboost_direct,6.0,8.202884674072266
2023-09-21,2023-09-21 03:00:00,3,lags_meteo,xgboost_direct,7.0,7.741779327392578
2023-09-21,2023-09-21 04:00:00,4,lags_meteo,xgboost_direct,5.0,7.934183597564697
2023-09-21,2023-09-21 05:00:00,5,lags_meteo,xgboost_direct,3.0,7.074493885040283
2023-09-21,2023-09-21 06:00:00,6,lags_meteo,xgboost_direct,5.0,7.579422950744629
2023-09-21,2023-09-21 07:00:00,7,lags_meteo,xgboost_direct,7.0,8.03123950958252
2023-09-21,2023-09-21 08:00:00,8,lags_meteo,xgboost_direct,3.0,9.312736511230469
2023-09-21,2023-09-21 09:00:00,9,lags_meteo,xgboost_direct,7.0,10.302101135253906
2023-09-21,2023-09-21 10:00:00,10,lags_meteo,xgboost_direct,7.0,11.221871376037598
2023-09-21,2023-09-21 11:00:00,11,lags_meteo,xgboost_direct,5.0,11.48271656036377
2023-09-21,2023-09-21 12:00:00,12,lags_meteo,xgboost_direct,4.0,11.408554077148438
2023-09-21,2023-09-21 13:00:00,13,lags_meteo,xgboost_direct,3.0,11.401458740234375
2023-09-21,2023-09-21 14:00:00,14,lags_meteo,xgboost_direct,2.0,10.494741439819336
2023-09-21,2023-09-21 15:00:00,15,lags_meteo,xgboost_direct,4.0,9.475685119628906
2023-09-21,2023-09-21 16:00:00,16,lags_meteo,xgboost_direct,,9.199858665466309
2023-09-21,2023-09-21 17:00:00,17,lags_meteo,xgboost_direct,,8.558080673217773
2023-09-21,2023-09-21 18:00:00,18,lags_meteo,xgboost_direct,4.0,8.411643981933594
2023-09-21,2023-09-21 19:00:00,19,lags_meteo,xgboost_direct,2.0,8.677066802978516
2023-09-21,2023-09-21 20:00:00,20,lags_meteo,xgboost_direct,2.0,8.522741317749023
2023-09-21,2023-09-21 21:00:00,21,lags_meteo,xgboost_direct,7.0,8.541813850402832
2023-09-21,2023-09-21 22:00:00,22,lags_meteo,xgboost_direct,3.0,8.872234344482422
2023-09-21,2023-09-21 23:00:00,23,lags_meteo,xgboost_direct,7.0,8.654720306396484
2023-09-21,2023-09-22 00:00:00,24,lags_meteo,xgboost_direct,,7.5080647468566895
2023-09-22,2023-09-22 01:00:00,1,lags_meteo,xgboost_direct,6.0,7.062516689300537
2023-09-22,2023-09-22 02:00:00,2,lags_meteo,xgboost_direct,7.0,6.593880653381348
2023-09-22,2023-09-22 03:00:00,3,lags_meteo,xgboost_direct,5.0,6.052916049957275
2023-09-22,2023-09-22 04:00:00,4,lags_meteo,xgboost_direct,4.0,5.997829914093018
2023-09-22,2023-09-22 05:00:00,5,lags_meteo,xgboost_direct,2.0,6.626711368560791
2023-09-22,2023-09-22 06:00:00,6,lags_meteo,xgboost_direct,4.0,5.819773197174072
2023-09-22,2023-09-22 07:00:00,7,lags_meteo,xgboost_direct,6.0,6.332309722900391
2023-09-22,2023-09-22 08:00:00,8,lags_meteo,xgboost_direct,3.0,7.268340587615967
2023-09-22,2023-09-22 09:00:00,9,lags_meteo,xgboost_direct,4.0,8.52523422241211
2023-09-22,2023-09-22 10:00:00,10,lags_meteo,xgboost_direct,3.0,9.20368766784668
2023-09-22,2023-09-22 11:00:00,11,lags_meteo,xgboost_direct,3.0,9.080873489379883
2023-09-22,2023-09-22 12:00:00,12,lags_meteo,xgboost_direct,1.0,9.150179862976074
2023-09-22,2023-09-22 13:00:00,13,lags_meteo,xgboost_direct,5.0,7.9651007652282715
2023-09-22,2023-09-22 14:00:00,14,lags_meteo,xgboost_direct,4.0,7.641270160675049
2023-09-22,2023-09-22 15:00:00,15,lags_meteo,xgboost_direct,2.0,7.1369218826293945
2023-09-22,2023-09-22 16:00:00,16,lags_meteo,xgboost_direct,1.0,7.196628570556641
2023-09-22,2023-09-22 17:00:00,17,lags_meteo,xgboost_direct,1.0,7.200052261352539
2023-09-22,2023-09-22 18:00:00,18,lags_meteo,xgboost_direct,2.0,7.526005268096924
2023-09-22,2023-09-22 19:00:00,19,lags_meteo,xgboost_direct,3.0,7.496323585510254
2023-09-22,2023-09-22 20:00:00,20,lags_meteo,xgboost_direct,5.0,8.114166259765625
2023-09-22,2023-09-22 21:00:00,21,lags_meteo,xgboost_direct,4.0,8.629181861877441
2023-09-22,2023-09-22 22:00:00,22,lags_meteo,xgboost_direct,9.0,8.689062118530273
2023-09-22,2023-09-22 23:00:00,23,lags_meteo,xgboost_direct,6.0,8.25914192199707
2023-09-22,2023-09-23 00:00:00,24,lags_meteo,xgboost_direct,9.0,8.449933052062988
2023-09-23,2023-09-23 01:00:00,1,lags_meteo,xgboost_direct,6.0,6.296777725219727
2023-09-23,2023-09-23 02:00:00,2,lags_meteo,xgboost_direct,7.0,6.538869380950928
2023-09-23,2023-09-23 03:00:00,3,lags_meteo,xgboost_direct,8.0,6.729330062866211
2023-09-23,2023-09-23 04:00:00,4,lags_meteo,xgboost_direct,3.0,6.779437065124512
2023-09-23,2023-09-23 05:00:00,5,lags_meteo,xgboost_direct,3.0,6.55176305770874
2023-09-23,2023-09-23 06:00:00,6,lags_meteo,xgboost_direct,4.0,6.04367733001709
2023-09-23,2023-09-23 07:00:00,7,lags_meteo,xgboost_direct,4.0,6.5229949951171875
2023-09-23,2023-09-23 08:00:00,8,lags_meteo,xgboost_direct,2.0,6.6311516761779785
2023-09-23,2023-09-23 09:00:00,9,lags_meteo,xgboost_direct,3.0,7.752151966094971
2023-09-23,2023-09-23 10:00:00,10,lags_meteo,xgboost_direct,5.0,9.426101684570312
2023-09-23,2023-09-23 11:00:00,11,lags_meteo,xgboost_direct,12.0,9.956039428710938
2023-09-23,2023-09-23 12:00:00,12,lags_meteo,xgboost_direct,13.0,9.645125389099121
2023-09-23,2023-09-23 13:00:00,13,lags_meteo,xgboost_direct,7.0,9.662928581237793
2023-09-23,2023-09-23 14:00:00,14,lags_meteo,xgboost_direct,11.0,8.935400009155273
2023-09-23,2023-09-23 15:00:00,15,lags_meteo,xgboost_direct,16.0,8.930420875549316
2023-09-23,2023-09-23 16:00:00,16,lags_meteo,xgboost_direct,10.0,9.24767780303955
2023-09-23,2023-09-23 17:00:00,17,lags_meteo,xgboost_direct,6.0,9.522461891174316
2023-09-23,2023-09-23 18:00:00,18,lags_meteo,xgboost_direct,3.0,9.369064331054688
2023-09-23,2023-09-23 19:00:00,19,lags_meteo,xgboost_direct,5.0,9.308093070983887
2023-09-23,2023-09-23 20:00:00,20,lags_meteo,xgboost_direct,5.0,10.021724700927734
2023-09-23,2023-09-23 21:00:00,21,lags_meteo,xgboost_direct,8.0,9.983975410461426
2023-09-23,2023-09-23 22:00:00,22,lags_meteo,xgboost_direct,12.0,10.086864471435547
2023-09-23,2023-09-23 23:00:00,23,lags_meteo,xgboost_direct,14.0,9.97201919555664
2023-09-23,2023-09-24 00:00:00,24,lags_meteo,xgboost_direct,14.0,9.258944511413574
2023-09-24,2023-09-24 01:00:00,1,lags_meteo,xgboost_direct,11.0,11.764893531799316
2023-09-24,2023-09-24 02:00:00,2,lags_meteo,xgboost_direct,14.0,11.0496826171875
2023-09-24,2023-09-24 03:00:00,3,lags_meteo,xgboost_direct,13.0,10.521570205688477
2023-09-24,2023-09-24 04:00:00,4,lags_meteo,xgboost_direct,12.0,9.538331031799316
2023-09-24,2023-09-24 05:00:00,5,lags_meteo,xgboost_direct,9.0,9.890511512756348
2023-09-24,2023-09-24 06:00:00,6,lags_meteo,xgboost_direct,9.0,9.830815315246582
2023-09-24,2023-09-24 07:00:00,7,lags_meteo,xgboost_direct,10.0,9.146440505981445
2023-09-24,2023-09-24 08:00:00,8,lags_meteo,xgboost_direct,9.0,10.17408275604248
2023-09-24,2023-09-24 09:00:00,9,lags_meteo,xgboost_direct,8.0,11.600772857666016
2023-09-24,2023-09-24 10:00:00,10,lags_meteo,xgboost_direct,5.0,14.288689613342285
2023-09-24,2023-09-24 11:00:00,11,lags_meteo,xgboost_direct,6.0,15.001984596252441
2023-09-24,2023-09-24 12:00:00,12,lags_meteo,xgboost_direct,9.0,14.707870483398438
2023-09-24,2023-09-24 13:00:00,13,lags_meteo,xgboost_direct,9.0,15.244978904724121
2023-09-24,2023-09-24 14:00:00,14,lags_meteo,xgboost_direct,7.0,14.778136253356934
2023-09-24,2023-09-24 15:00:00,15,lags_meteo,xgboost_direct,4.0,14.202003479003906
2023-09-24,2023-09-24 16:00:00,16,lags_meteo,xgboost_direct,4.0,13.503582000732422
2023-09-24,2023-09-24 17:00:00,17,lags_meteo,xgboost_direct,7.0,13.242708206176758
2023-09-24,2023-09-24 18:00:00,18,lags_meteo,xgboost_direct,7.0,13.605913162231445
2023-09-24,2023-09-24 19:00:00,19,lags_meteo,xgboost_direct,10.0,13.5812349319458
2023-09-24,2023-09-24 20:00:00,20,lags_meteo,xgboost_direct,7.0,14.126155853271484
2023-09-24,2023-09-24 21:00:00,21,lags_meteo,xgboost_direct,8.0,13.929952621459961
2023-09-24,2023-09-24 22:00:00,22,lags_meteo,xgboost_direct,10.0,13.829119682312012
2023-09-24,2023-09-24 23:00:00,23,lags_meteo,xgboost_direct,12.0,13.615659713745117
2023-09-24,2023-09-25 00:00:00,24,lags_meteo,xgboost_direct,14.0,13.640301704406738
2023-09-25,2023-09-25 01:00:00,1,lags_meteo,xgboost_direct,13.0,11.620076179504395
2023-09-25,2023-09-25 02:00:00,2,lags_meteo,xgboost_direct,15.0,11.657164573669434
2023-09-25,2023-09-25 03:00:00,3,lags_meteo,xgboost_direct,11.0,11.362669944763184
2023-09-25,2023-09-25 04:00:00,4,lags_meteo,xgboost_direct,13.0,10.822253227233887
2023-09-25,2023-09-25 05:00:00,5,lags_meteo,xgboost_direct,7.0,10.040961265563965
2023-09-25,2023-09-25 06:00:00,6,lags_meteo,xgboost_direct,10.0,10.547406196594238
2023-09-25,2023-09-25 07:00:00,7,lags_meteo,xgboost_direct,10.0,11.050247192382812
2023-09-25,2023-09-25 08:00:00,8,lags_meteo,xgboost_direct,10.0,11.67536449432373
2023-09-25,2023-09-25 09:00:00,9,lags_meteo,xgboost_direct,10.0,12.906222343444824
2023-09-25,2023-09-25 10:00:00,10,lags_meteo,xgboost_direct,19.0,15.17209243774414
2023-09-25,2023-09-25 11:00:00,11,lags_meteo,xgboost_direct,24.0,15.393112182617188
2023-09-25,2023-09-25 12:00:00,12,lags_meteo,xgboost_direct,22.0,15.897409439086914
2023-09-25,2023-09-25 13:00:00,13,lags_meteo,xgboost_direct,20.0,15.60069465637207
2023-09-25,2023-09-25 14:00:00,14,lags_meteo,xgboost_direct,20.0,14.910514831542969
2023-09-25,2023-09-25 15:00:00,15,lags_meteo,xgboost_direct,24.0,14.185063362121582
2023-09-25,2023-09-25 16:00:00,16,lags_meteo,xgboost_direct,8.0,13.656131744384766
2023-09-25,2023-09-25 17:00:00,17,lags_meteo,xgboost_direct,11.0,14.403440475463867
2023-09-25,2023-09-25 18:00:00,18,lags_meteo,xgboost_direct,10.0,13.503947257995605
2023-09-25,2023-09-25 19:00:00,19,lags_meteo,xgboost_direct,11.0,14.093478202819824
2023-09-25,2023-09-25 20:00:00,20,lags_meteo,xgboost_direct,9.0,13.841595649719238
2023-09-25,2023-09-25 21:00:00,21,lags_meteo,xgboost_direct,9.0,14.516069412231445
2023-09-25,2023-09-25 22:00:00,22,lags_meteo,xgboost_direct,19.0,14.061236381530762
2023-09-25,2023-09-25 23:00:00,23,lags_meteo,xgboost_direct,18.0,15.43981647491455
2023-09-25,2023-09-26 00:00:00,24,lags_meteo,xgboost_direct,17.0,14.41081714630127
2023-09-26,2023-09-26 01:00:00,1,lags_meteo,xgboost_direct,16.0,16.022497177124023
2023-09-26,2023-09-26 02:00:00,2,lags_meteo,xgboost_direct,18.0,15.414786338806152
2023-09-26,2023-09-26 03:00:00,3,lags_meteo,xgboost_direct,15.0,14.184462547302246
2023-09-26,2023-09-26 04:00:00,4,lags_meteo,xgboost_direct,14.0,13.236397743225098
2023-09-26,2023-09-26 05:00:00,5,lags_meteo,xgboost_direct,10.0,12.91954231262207
2023-09-26,2023-09-26 06:00:00,6,lags_meteo,xgboost_direct,10.0,12.009200096130371
2023-09-26,2023-09-26 07:00:00,7,lags_meteo,xgboost_direct,8.0,11.855313301086426
2023-09-26,2023-09-26 08:00:00,8,lags_meteo,xgboost_direct,12.0,13.969435691833496
2023-09-26,2023-09-26 09:00:00,9,lags_meteo,xgboost_direct,12.0,18.256162643432617
2023-09-26,2023-09-26 10:00:00,10,lags_meteo,xgboost_direct,17.0,22.482194900512695
2023-09-26,2023-09-26 11:00:00,11,lags_meteo,xgboost_direct,22.0,24.22983741760254
2023-09-26,2023-09-26 12:00:00,12,lags_meteo,xgboost_direct,23.0,24.608989715576172
2023-09-26,2023-09-26 13:00:00,13,lags_meteo,xgboost_direct,19.0,23.567975997924805
2023-09-26,2023-09-26 14:00:00,14,lags_meteo,xgboost_direct,22.0,21.219623565673828
2023-09-26,2023-09-26 15:00:00,15,lags_meteo,xgboost_direct,21.0,18.951906204223633
2023-09-26,2023-09-26 16:00:00,16,lags_meteo,xgboost_direct,15.0,16.44710922241211
2023-09-26,2023-09-26 17:00:00,17,lags_meteo,xgboost_direct,15.0,15.672394752502441
2023-09-26,2023-09-26 18:00:00,18,lags_meteo,xgboost_direct,17.0,14.783614158630371
2023-09-26,2023-09-26 19:00:00,19,lags_meteo,xgboost_direct,15.0,15.341428756713867
2023-09-26,2023-09-26 20:00:00,20,lags_meteo,xgboost_direct,13.0,15.845012664794922
2023-09-26,2023-09-26 21:00:00,21,lags_meteo,xgboost_direct,13.0,16.310649871826172
2023-09-26,2023-09-26 22:00:00,22,lags_meteo,xgboost_direct,19.0,17.14581298828125
2023-09-26,2023-09-26 23:00:00,23,lags_meteo,xgboost_direct,21.0,18.18124771118164
2023-09-26,2023-09-27 00:00:00,24,lags_meteo,xgboost_direct,23.0,16.60057830810547
2023-09-27,2023-09-27 01:00:00,1,lags_meteo,xgboost_direct,18.0,19.802143096923828
2023-09-27,2023-09-27 02:00:00,2,lags_meteo,xgboost_direct,15.0,18.792152404785156
2023-09-27,2023-09-27 03:00:00,3,lags_meteo,xgboost_direct,17.0,17.8172550201416
2023-09-27,2023-09-27 04:00:00,4,lags_meteo,xgboost_direct,17.0,16.955949783325195
2023-09-27,2023-09-27 05:00:00,5,lags_meteo,xgboost_direct,21.0,16.547048568725586
2023-09-27,2023-09-27 06:00:00,6,lags_meteo,xgboost_direct,18.0,15.996598243713379
2023-09-27,2023-09-27 07:00:00,7,lags_meteo,xgboost_direct,12.0,15.276323318481445
2023-09-27,2023-09-27 08:00:00,8,lags_meteo,xgboost_direct,12.0,16.759403228759766
2023-09-27,2023-09-27 09:00:00,9,lags_meteo,xgboost_direct,10.0,20.461702346801758
2023-09-27,2023-09-27 10:00:00,10,lags_meteo,xgboost_direct,17.0,23.683530807495117
2023-09-27,2023-09-27 11:00:00,11,lags_meteo,xgboost_direct,21.0,24.883865356445312
2023-09-27,2023-09-27 12:00:00,12,lags_meteo,xgboost_direct,20.0,26.176897048950195
2023-09-27,2023-09-27 13:00:00,13,lags_meteo,xgboost_direct,20.0,25.528779983520508
2023-09-27,2023-09-27 14:00:00,14,lags_meteo,xgboost_direct,24.0,23.968761444091797
2023-09-27,2023-09-27 15:00:00,15,lags_meteo,xgboost_direct,22.0,22.110515594482422
2023-09-27,2023-09-27 16:00:00,16,lags_meteo,xgboost_direct,22.0,20.988378524780273
2023-09-27,2023-09-27 17:00:00,17,lags_meteo,xgboost_direct,16.0,20.50864601135254
2023-09-27,2023-09-27 18:00:00,18,lags_meteo,xgboost_direct,15.0,20.047548294067383
2023-09-27,2023-09-27 19:00:00,19,lags_meteo,xgboost_direct,13.0,19.449472427368164
2023-09-27,2023-09-27 20:00:00,20,lags_meteo,xgboost_direct,15.0,18.63776206970215
2023-09-27,2023-09-27 21:00:00,21,lags_meteo,xgboost_direct,15.0,18.764999389648438
2023-09-27,2023-09-27 22:00:00,22,lags_meteo,xgboost_direct,16.0,19.002546310424805
2023-09-27,2023-09-27 23:00:00,23,lags_meteo,xgboost_direct,21.0,19.349531173706055
2023-09-27,2023-09-28 00:00:00,24,lags_meteo,xgboost_direct,17.0,19.825376510620117
2023-09-28,2023-09-28 01:00:00,1,lags_meteo,xgboost_direct,22.0,19.585613250732422
2023-09-28,2023-09-28 02:00:00,2,lags_meteo,xgboost_direct,20.0,18.592330932617188
2023-09-28,2023-09-28 03:00:00,3,lags_meteo,xgboost_direct,13.0,17.860546112060547
2023-09-28,2023-09-28 04:00:00,4,lags_meteo,xgboost_direct,10.0,17.098508834838867
2023-09-28,2023-09-28 05:00:00,5,lags_meteo,xgboost_direct,12.0,16.03915023803711
2023-09-28,2023-09-28 06:00:00,6,lags_meteo,xgboost_direct,14.0,15.150409698486328
2023-09-28,2023-09-28 07:00:00,7,lags_meteo,xgboost_direct,11.0,14.75103759765625
2023-09-28,2023-09-28 08:00:00,8,lags_meteo,xgboost_direct,13.0,16.318403244018555
2023-09-28,2023-09-28 09:00:00,9,lags_meteo,xgboost_direct,18.0,20.15212631225586
2023-09-28,2023-09-28 10:00:00,10,lags_meteo,xgboost_direct,24.0,23.099748611450195
2023-09-28,2023-09-28 11:00:00,11,lags_meteo,xgboost_direct,33.0,22.792421340942383
2023-09-28,2023-09-28 12:00:00,12,lags_meteo,xgboost_direct,41.0,22.754728317260742
2023-09-28,2023-09-28 13:00:00,13,lags_meteo,xgboost_direct,36.0,21.269901275634766
2023-09-28,2023-09-28 14:00:00,14,lags_meteo,xgboost_direct,32.0,19.179054260253906
2023-09-28,2023-09-28 15:00:00,15,lags_meteo,xgboost_direct,25.0,18.2706241607666
2023-09-28,2023-09-28 16:00:00,16,lags_meteo,xgboost_direct,22.0,17.743457794189453
2023-09-28,2023-09-28 17:00:00,17,lags_meteo,xgboost_direct,18.0,17.816329956054688
2023-09-28,2023-09-28 18:00:00,18,lags_meteo,xgboost_direct,14.0,17.22578239440918
2023-09-28,2023-09-28 19:00:00,19,lags_meteo,xgboost_direct,17.0,17.681093215942383
2023-09-28,2023-09-28 20:00:00,20,lags_meteo,xgboost_direct,19.0,18.230403900146484
2023-09-28,2023-09-28 21:00:00,21,lags_meteo,xgboost_direct,23.0,18.027538299560547
2023-09-28,2023-09-28 22:00:00,22,lags_meteo,xgboost_direct,21.0,18.41926383972168
2023-09-28,2023-09-28 23:00:00,23,lags_meteo,xgboost_direct,20.0,18.088436126708984
2023-09-28,2023-09-29 00:00:00,24,lags_meteo,xgboost_direct,23.0,18.42430305480957
2023-09-29,2023-09-29 01:00:00,1,lags_meteo,xgboost_direct,20.0,19.213836669921875
2023-09-29,2023-09-29 02:00:00,2,lags_meteo,xgboost_direct,17.0,18.45503044128418
2023-09-29,2023-09-29 03:00:00,3,lags_meteo,xgboost_direct,23.0,17.77391815185547
2023-09-29,2023-09-29 04:00:00,4,lags_meteo,xgboost_direct,25.0,16.683109283447266
2023-09-29,2023-09-29 05:00:00,5,lags_meteo,xgboost_direct,24.0,15.782270431518555
2023-09-29,2023-09-29 06:00:00,6,lags_meteo,xgboost_direct,21.0,15.799555778503418
2023-09-29,2023-09-29 07:00:00,7,lags_meteo,xgboost_direct,16.0,16.136144638061523
2023-09-29,2023-09-29 08:00:00,8,lags_meteo,xgboost_direct,16.0,17.960651397705078
2023-09-29,2023-09-29 09:00:00,9,lags_meteo,xgboost_direct,18.0,21.466121673583984
2023-09-29,2023-09-29 10:00:00,10,lags_meteo,xgboost_direct,24.0,26.014022827148438
2023-09-29,2023-09-29 11:00:00,11,lags_meteo,xgboost_direct,31.0,28.415403366088867
2023-09-29,2023-09-29 12:00:00,12,lags_meteo,xgboost_direct,29.0,28.841156005859375
2023-09-29,2023-09-29 13:00:00,13,lags_meteo,xgboost_direct,23.0,27.349620819091797
2023-09-29,2023-09-29 14:00:00,14,lags_meteo,xgboost_direct,18.0,24.23743438720703
2023-09-29,2023-09-29 15:00:00,15,lags_meteo,xgboost_direct,16.0,22.206186294555664
2023-09-29,2023-09-29 16:00:00,16,lags_meteo,xgboost_direct,9.0,20.13737678527832
2023-09-29,2023-09-29 17:00:00,17,lags_meteo,xgboost_direct,10.0,18.776016235351562
2023-09-29,2023-09-29 18:00:00,18,lags_meteo,xgboost_direct,10.0,18.611268997192383
2023-09-29,2023-09-29 19:00:00,19,lags_meteo,xgboost_direct,10.0,19.049060821533203
2023-09-29,2023-09-29 20:00:00,20,lags_meteo,xgboost_direct,8.0,20.620927810668945
2023-09-29,2023-09-29 21:00:00,21,lags_meteo,xgboost_direct,11.0,20.398113250732422
2023-09-29,2023-09-29 22:00:00,22,lags_meteo,xgboost_direct,14.0,20.3743896484375
2023-09-29,2023-09-29 23:00:00,23,lags_meteo,xgboost_direct,13.0,19.447053909301758
2023-09-29,2023-09-30 00:00:00,24,lags_meteo,xgboost_direct,15.0,19.775911331176758
2023-09-30,2023-09-30 01:00:00,1,lags_meteo,xgboost_direct,16.0,13.486959457397461
2023-09-30,2023-09-30 02:00:00,2,lags_meteo,xgboost_direct,16.0,13.449317932128906
2023-09-30,2023-09-30 03:00:00,3,lags_meteo,xgboost_direct,7.0,13.302762031555176
2023-09-30,2023-09-30 04:00:00,4,lags_meteo,xgboost_direct,13.0,12.993385314941406
2023-09-30,2023-09-30 05:00:00,5,lags_meteo,xgboost_direct,12.0,11.20834732055664
2023-09-30,2023-09-30 06:00:00,6,lags_meteo,xgboost_direct,6.0,11.251612663269043
2023-09-30,2023-09-30 07:00:00,7,lags_meteo,xgboost_direct,10.0,10.67547607421875
2023-09-30,2023-09-30 08:00:00,8,lags_meteo,xgboost_direct,14.0,11.241934776306152
2023-09-30,2023-09-30 09:00:00,9,lags_meteo,xgboost_direct,10.0,14.455389022827148
2023-09-30,2023-09-30 10:00:00,10,lags_meteo,xgboost_direct,9.0,17.418067932128906
2023-09-30,2023-09-30 11:00:00,11,lags_meteo,xgboost_direct,16.0,19.046443939208984
2023-09-30,2023-09-30 12:00:00,12,lags_meteo,xgboost_direct,19.0,18.304656982421875
2023-09-30,2023-09-30 13:00:00,13,lags_meteo,xgboost_direct,21.0,17.13688087463379
2023-09-30,2023-09-30 14:00:00,14,lags_meteo,xgboost_direct,17.0,16.583709716796875
2023-09-30,2023-09-30 15:00:00,15,lags_meteo,xgboost_direct,16.0,14.901751518249512
2023-09-30,2023-09-30 16:00:00,16,lags_meteo,xgboost_direct,17.0,14.279191017150879
2023-09-30,2023-09-30 17:00:00,17,lags_meteo,xgboost_direct,16.0,13.885392189025879
2023-09-30,2023-09-30 18:00:00,18,lags_meteo,xgboost_direct,15.0,13.657166481018066
2023-09-30,2023-09-30 19:00:00,19,lags_meteo,xgboost_direct,16.0,14.320464134216309
2023-09-30,2023-09-30 20:00:00,20,lags_meteo,xgboost_direct,15.0,14.332947731018066
2023-09-30,2023-09-30 21:00:00,21,lags_meteo,xgboost_direct,18.0,15.29372501373291
2023-09-30,2023-09-30 22:00:00,22,lags_meteo,xgboost_direct,18.0,14.995255470275879
2023-09-30,2023-09-30 23:00:00,23,lags_meteo,xgboost_direct,22.0,15.605254173278809
2023-09-30,2023-10-01 00:00:00,24,lags_meteo,xgboost_direct,21.0,15.795476913452148
2023-10-01,2023-10-01 01:00:00,1,lags_meteo,xgboost_direct,27.0,19.669719696044922
2023-10-01,2023-10-01 02:00:00,2,lags_meteo,xgboost_direct,18.0,17.939411163330078
2023-10-01,2023-10-01 03:00:00,3,lags_meteo,xgboost_direct,18.0,16.711957931518555
2023-10-01,2023-10-01 04:00:00,4,lags_meteo,xgboost_direct,18.0,16.492969512939453
2023-10-01,2023-10-01 05:00:00,5,lags_meteo,xgboost_direct,18.0,16.226985931396484
2023-10-01,2023-10-01 06:00:00,6,lags_meteo,xgboost_direct,16.0,14.634563446044922
2023-10-01,2023-10-01 07:00:00,7,lags_meteo,xgboost_direct,18.0,14.291556358337402
2023-10-01,2023-10-01 08:00:00,8,lags_meteo,xgboost_direct,13.0,15.256233215332031
2023-10-01,2023-10-01 09:00:00,9,lags_meteo,xgboost_direct,15.0,16.959386825561523
2023-10-01,2023-10-01 10:00:00,10,lags_meteo,xgboost_direct,12.0,20.29415512084961
2023-10-01,2023-10-01 11:00:00,11,lags_meteo,xgboost_direct,13.0,21.921655654907227
2023-10-01,2023-10-01 12:00:00,12,lags_meteo,xgboost_direct,18.0,21.256948471069336
2023-10-01,2023-10-01 13:00:00,13,lags_meteo,xgboost_direct,13.0,21.000856399536133
2023-10-01,2023-10-01 14:00:00,14,lags_meteo,xgboost_direct,8.0,20.365131378173828
2023-10-01,2023-10-01 15:00:00,15,lags_meteo,xgboost_direct,12.0,18.887922286987305
2023-10-01,2023-10-01 16:00:00,16,lags_meteo,xgboost_direct,13.0,18.80204200744629
2023-10-01,2023-10-01 17:00:00,17,lags_meteo,xgboost_direct,5.0,18.97709846496582
2023-10-01,2023-10-01 18:00:00,18,lags_meteo,xgboost_direct,4.0,18.748748779296875
2023-10-01,2023-10-01 19:00:00,19,lags_meteo,xgboost_direct,11.0,18.514080047607422
2023-10-01,2023-10-01 20:00:00,20,lags_meteo,xgboost_direct,8.0,19.31167984008789
2023-10-01,2023-10-01 21:00:00,21,lags_meteo,xgboost_direct,11.0,19.900524139404297
2023-10-01,2023-10-01 22:00:00,22,lags_meteo,xgboost_direct,15.0,20.625328063964844
2023-10-01,2023-10-01 23:00:00,23,lags_meteo,xgboost_direct,17.0,20.355344772338867
2023-10-01,2023-10-02 00:00:00,24,lags_meteo,xgboost_direct,16.0,20.80868911743164
2023-10-02,2023-10-02 01:00:00,1,lags_meteo,xgboost_direct,17.0,18.016239166259766
2023-10-02,2023-10-02 02:00:00,2,lags_meteo,xgboost_direct,12.0,17.75013542175293
2023-10-02,2023-10-02 03:00:00,3,lags_meteo,xgboost_direct,17.0,15.190982818603516
2023-10-02,2023-10-02 04:00:00,4,lags_meteo,xgboost_direct,9.0,12.659867286682129
2023-10-02,2023-10-02 05:00:00,5,lags_meteo,xgboost_direct,11.0,12.51377010345459
2023-10-02,2023-10-02 06:00:00,6,lags_meteo,xgboost_direct,15.0,11.348464965820312
2023-10-02,2023-10-02 07:00:00,7,lags_meteo,xgboost_direct,11.0,11.674988746643066
2023-10-02,2023-10-02 08:00:00,8,lags_meteo,xgboost_direct,9.0,14.115020751953125
2023-10-02,2023-10-02 09:00:00,9,lags_meteo,xgboost_direct,12.0,17.216520309448242
2023-10-02,2023-10-02 10:00:00,10,lags_meteo,xgboost_direct,18.0,20.825267791748047
2023-10-02,2023-10-02 11:00:00,11,lags_meteo,xgboost_direct,23.0,22.130937576293945
2023-10-02,2023-10-02 12:00:00,12,lags_meteo,xgboost_direct,18.0,21.875957489013672
2023-10-02,2023-10-02 13:00:00,13,lags_meteo,xgboost_direct,16.0,20.942092895507812
2023-10-02,2023-10-02 14:00:00,14,lags_meteo,xgboost_direct,17.0,18.729997634887695
2023-10-02,2023-10-02 15:00:00,15,lags_meteo,xgboost_direct,22.0,16.13628578186035
2023-10-02,2023-10-02 16:00:00,16,lags_meteo,xgboost_direct,19.0,15.981637954711914
2023-10-02,2023-10-02 17:00:00,17,lags_meteo,xgboost_direct,25.0,15.575618743896484
2023-10-02,2023-10-02 18:00:00,18,lags_meteo,xgboost_direct,17.0,15.44465446472168
2023-10-02,2023-10-02 19:00:00,19,lags_meteo,xgboost_direct,20.0,16.137248992919922
2023-10-02,2023-10-02 20:00:00,20,lags_meteo,xgboost_direct,22.0,16.123701095581055
2023-10-02,2023-10-02 21:00:00,21,lags_meteo,xgboost_direct,24.0,16.834592819213867
2023-10-02,2023-10-02 22:00:00,22,lags_meteo,xgboost_direct,24.0,17.25298309326172
2023-10-02,2023-10-02 23:00:00,23,lags_meteo,xgboost_direct,23.0,17.93620491027832
2023-10-02,2023-10-03 00:00:00,24,lags_meteo,xgboost_direct,19.0,19.529354095458984
2023-10-03,2023-10-03 01:00:00,1,lags_meteo,xgboost_direct,21.0,19.630571365356445
2023-10-03,2023-10-03 02:00:00,2,lags_meteo,xgboost_direct,17.0,19.10858726501465
2023-10-03,2023-10-03 03:00:00,3,lags_meteo,xgboost_direct,23.0,18.440185546875
2023-10-03,2023-10-03 04:00:00,4,lags_meteo,xgboost_direct,24.0,17.55568504333496
2023-10-03,2023-10-03 05:00:00,5,lags_meteo,xgboost_direct,15.0,17.78485107421875
2023-10-03,2023-10-03 06:00:00,6,lags_meteo,xgboost_direct,11.0,16.673978805541992
2023-10-03,2023-10-03 07:00:00,7,lags_meteo,xgboost_direct,13.0,16.71119499206543
2023-10-03,2023-10-03 08:00:00,8,lags_meteo,xgboost_direct,12.0,18.82419776916504
2023-10-03,2023-10-03 09:00:00,9,lags_meteo,xgboost_direct,16.0,19.82683753967285
2023-10-03,2023-10-03 10:00:00,10,lags_meteo,xgboost_direct,18.0,24.083229064941406
2023-10-03,2023-10-03 11:00:00,11,lags_meteo,xgboost_direct,29.0,25.26923942565918
2023-10-03,2023-10-03 12:00:00,12,lags_meteo,xgboost_direct,30.0,23.65349578857422
2023-10-03,2023-10-03 13:00:00,13,lags_meteo,xgboost_direct,26.0,23.61759376525879
2023-10-03,2023-10-03 14:00:00,14,lags_meteo,xgboost_direct,27.0,22.185636520385742
2023-10-03,2023-10-03 15:00:00,15,lags_meteo,xgboost_direct,22.0,20.875757217407227
2023-10-03,2023-10-03 16:00:00,16,lags_meteo,xgboost_direct,20.0,20.22881507873535
2023-10-03,2023-10-03 17:00:00,17,lags_meteo,xgboost_direct,27.0,19.84086799621582
2023-10-03,2023-10-03 18:00:00,18,lags_meteo,xgboost_direct,25.0,20.914396286010742
2023-10-03,2023-10-03 19:00:00,19,lags_meteo,xgboost_direct,19.0,20.665267944335938
2023-10-03,2023-10-03 20:00:00,20,lags_meteo,xgboost_direct,21.0,21.352642059326172
2023-10-03,2023-10-03 21:00:00,21,lags_meteo,xgboost_direct,25.0,22.34661865234375
2023-10-03,2023-10-03 22:00:00,22,lags_meteo,xgboost_direct,21.0,22.27275276184082
2023-10-03,2023-10-03 23:00:00,23,lags_meteo,xgboost_direct,24.0,21.83148193359375
2023-10-03,2023-10-04 00:00:00,24,lags_meteo,xgboost_direct,23.0,21.38611602783203
2023-10-04,2023-10-04 01:00:00,1,lags_meteo,xgboost_direct,24.0,24.371105194091797
2023-10-04,2023-10-04 02:00:00,2,lags_meteo,xgboost_direct,19.0,23.807342529296875
2023-10-04,2023-10-04 03:00:00,3,lags_meteo,xgboost_direct,20.0,23.18222999572754
2023-10-04,2023-10-04 04:00:00,4,lags_meteo,xgboost_direct,18.0,22.093313217163086
2023-10-04,2023-10-04 05:00:00,5,lags_meteo,xgboost_direct,18.0,19.6320743560791
2023-10-04,2023-10-04 06:00:00,6,lags_meteo,xgboost_direct,14.0,18.833444595336914
2023-10-04,2023-10-04 07:00:00,7,lags_meteo,xgboost_direct,20.0,19.817371368408203
2023-10-04,2023-10-04 08:00:00,8,lags_meteo,xgboost_direct,18.0,19.18010711669922
2023-10-04,2023-10-04 09:00:00,9,lags_meteo,xgboost_direct,20.0,24.85590362548828
2023-10-04,2023-10-04 10:00:00,10,lags_meteo,xgboost_direct,26.0,29.06192970275879
2023-10-04,2023-10-04 11:00:00,11,lags_meteo,xgboost_direct,26.0,31.03546142578125
2023-10-04,2023-10-04 12:00:00,12,lags_meteo,xgboost_direct,20.0,30.222930908203125
2023-10-04,2023-10-04 13:00:00,13,lags_meteo,xgboost_direct,22.0,28.679224014282227
2023-10-04,2023-10-04 14:00:00,14,lags_meteo,xgboost_direct,29.0,27.176013946533203
2023-10-04,2023-10-04 15:00:00,15,lags_meteo,xgboost_direct,26.0,25.492206573486328
2023-10-04,2023-10-04 16:00:00,16,lags_meteo,xgboost_direct,29.0,24.24244499206543
2023-10-04,2023-10-04 17:00:00,17,lags_meteo,xgboost_direct,29.0,24.02210235595703
2023-10-04,2023-10-04 18:00:00,18,lags_meteo,xgboost_direct,23.0,23.357450485229492
2023-10-04,2023-10-04 19:00:00,19,lags_meteo,xgboost_direct,22.0,24.30394744873047
2023-10-04,2023-10-04 20:00:00,20,lags_meteo,xgboost_direct,24.0,23.565916061401367
2023-10-04,2023-10-04 21:00:00,21,lags_meteo,xgboost_direct,27.0,23.55099868774414
2023-10-04,2023-10-04 22:00:00,22,lags_meteo,xgboost_direct,29.0,23.276241302490234
2023-10-04,2023-10-04 23:00:00,23,lags_meteo,xgboost_direct,30.0,22.82086944580078
2023-10-04,2023-10-05 00:00:00,24,lags_meteo,xgboost_direct,27.0,22.752750396728516
2023-10-05,2023-10-05 01:00:00,1,lags_meteo,xgboost_direct,33.0,27.298107147216797
2023-10-05,2023-10-05 02:00:00,2,lags_meteo,xgboost_direct,28.0,25.81158447265625
2023-10-05,2023-10-05 03:00:00,3,lags_meteo,xgboost_direct,22.0,25.203439712524414
2023-10-05,2023-10-05 04:00:00,4,lags_meteo,xgboost_direct,18.0,22.835941314697266
2023-10-05,2023-10-05 05:00:00,5,lags_meteo,xgboost_direct,18.0,21.05156898498535
2023-10-05,2023-10-05 06:00:00,6,lags_meteo,xgboost_direct,19.0,20.025827407836914
2023-10-05,2023-10-05 07:00:00,7,lags_meteo,xgboost_direct,23.0,19.410507202148438
2023-10-05,2023-10-05 08:00:00,8,lags_meteo,xgboost_direct,17.0,20.528478622436523
2023-10-05,2023-10-05 09:00:00,9,lags_meteo,xgboost_direct,18.0,23.032752990722656
2023-10-05,2023-10-05 10:00:00,10,lags_meteo,xgboost_direct,26.0,27.39869499206543
2023-10-05,2023-10-05 11:00:00,11,lags_meteo,xgboost_direct,29.0,27.917465209960938
2023-10-05,2023-10-05 12:00:00,12,lags_meteo,xgboost_direct,40.0,26.280603408813477
2023-10-05,2023-10-05 13:00:00,13,lags_meteo,xgboost_direct,40.0,26.320220947265625
2023-10-05,2023-10-05 14:00:00,14,lags_meteo,xgboost_direct,30.0,25.637073516845703
2023-10-05,2023-10-05 15:00:00,15,lags_meteo,xgboost_direct,27.0,25.268556594848633
2023-10-05,2023-10-05 16:00:00,16,lags_meteo,xgboost_direct,23.0,25.0032901763916
2023-10-05,2023-10-05 17:00:00,17,lags_meteo,xgboost_direct,25.0,25.590864181518555
2023-10-05,2023-10-05 18:00:00,18,lags_meteo,xgboost_direct,22.0,26.992809295654297
2023-10-05,2023-10-05 19:00:00,19,lags_meteo,xgboost_direct,24.0,29.638662338256836
2023-10-05,2023-10-05 20:00:00,20,lags_meteo,xgboost_direct,25.0,28.66754913330078
2023-10-05,2023-10-05 21:00:00,21,lags_meteo,xgboost_direct,29.0,29.738895416259766
2023-10-05,2023-10-05 22:00:00,22,lags_meteo,xgboost_direct,32.0,30.300308227539062
2023-10-05,2023-10-05 23:00:00,23,lags_meteo,xgboost_direct,31.0,28.69556427001953
2023-10-05,2023-10-06 00:00:00,24,lags_meteo,xgboost_direct,28.0,26.964101791381836
2023-10-06,2023-10-06 01:00:00,1,lags_meteo,xgboost_direct,29.0,29.938884735107422
2023-10-06,2023-10-06 02:00:00,2,lags_meteo,xgboost_direct,26.0,29.017690658569336
2023-10-06,2023-10-06 03:00:00,3,lags_meteo,xgboost_direct,28.0,27.843708038330078
2023-10-06,2023-10-06 04:00:00,4,lags_meteo,xgboost_direct,25.0,26.408567428588867
2023-10-06,2023-10-06 05:00:00,5,lags_meteo,xgboost_direct,22.0,25.477869033813477
2023-10-06,2023-10-06 06:00:00,6,lags_meteo,xgboost_direct,26.0,24.139556884765625
2023-10-06,2023-10-06 07:00:00,7,lags_meteo,xgboost_direct,22.0,25.926929473876953
2023-10-06,2023-10-06 08:00:00,8,lags_meteo,xgboost_direct,20.0,26.138980865478516
2023-10-06,2023-10-06 09:00:00,9,lags_meteo,xgboost_direct,23.0,27.29715347290039
2023-10-06,2023-10-06 10:00:00,10,lags_meteo,xgboost_direct,23.0,33.11091995239258
2023-10-06,2023-10-06 11:00:00,11,lags_meteo,xgboost_direct,28.0,35.14602279663086
2023-10-06,2023-10-06 12:00:00,12,lags_meteo,xgboost_direct,37.0,34.89571762084961
2023-10-06,2023-10-06 13:00:00,13,lags_meteo,xgboost_direct,36.0,34.250736236572266
2023-10-06,2023-10-06 14:00:00,14,lags_meteo,xgboost_direct,27.0,31.326997756958008
2023-10-06,2023-10-06 15:00:00,15,lags_meteo,xgboost_direct,24.0,29.734695434570312
2023-10-06,2023-10-06 16:00:00,16,lags_meteo,xgboost_direct,25.0,28.129701614379883
2023-10-06,2023-10-06 17:00:00,17,lags_meteo,xgboost_direct,24.0,28.1920223236084
2023-10-06,2023-10-06 18:00:00,18,lags_meteo,xgboost_direct,23.0,28.883907318115234
2023-10-06,2023-10-06 19:00:00,19,lags_meteo,xgboost_direct,19.0,29.277931213378906
2023-10-06,2023-10-06 20:00:00,20,lags_meteo,xgboost_direct,22.0,30.56011962890625
2023-10-06,2023-10-06 21:00:00,21,lags_meteo,xgboost_direct,25.0,30.920631408691406
2023-10-06,2023-10-06 22:00:00,22,lags_meteo,xgboost_direct,23.0,30.416759490966797
2023-10-06,2023-10-06 23:00:00,23,lags_meteo,xgboost_direct,24.0,30.36750602722168
2023-10-06,2023-10-07 00:00:00,24,lags_meteo,xgboost_direct,24.0,29.718090057373047
2023-10-07,2023-10-07 01:00:00,1,lags_meteo,xgboost_direct,26.0,23.425989151000977
2023-10-07,2023-10-07 02:00:00,2,lags_meteo,xgboost_direct,26.0,23.565277099609375
2023-10-07,2023-10-07 03:00:00,3,lags_meteo,xgboost_direct,26.0,23.528690338134766
2023-10-07,2023-10-07 04:00:00,4,lags_meteo,xgboost_direct,23.0,22.010417938232422
2023-10-07,2023-10-07 05:00:00,5,lags_meteo,xgboost_direct,20.0,20.923816680908203
2023-10-07,2023-10-07 06:00:00,6,lags_meteo,xgboost_direct,21.0,19.700563430786133
2023-10-07,2023-10-07 07:00:00,7,lags_meteo,xgboost_direct,18.0,20.160741806030273
2023-10-07,2023-10-07 08:00:00,8,lags_meteo,xgboost_direct,18.0,20.234054565429688
2023-10-07,2023-10-07 09:00:00,9,lags_meteo,xgboost_direct,18.0,22.737998962402344
2023-10-07,2023-10-07 10:00:00,10,lags_meteo,xgboost_direct,20.0,28.063756942749023
2023-10-07,2023-10-07 11:00:00,11,lags_meteo,xgboost_direct,20.0,28.15555191040039
2023-10-07,2023-10-07 12:00:00,12,lags_meteo,xgboost_direct,21.0,27.598621368408203
2023-10-07,2023-10-07 13:00:00,13,lags_meteo,xgboost_direct,21.0,27.53728485107422
2023-10-07,2023-10-07 14:00:00,14,lags_meteo,xgboost_direct,24.0,24.796611785888672
2023-10-07,2023-10-07 15:00:00,15,lags_meteo,xgboost_direct,25.0,23.98678970336914
2023-10-07,2023-10-07 16:00:00,16,lags_meteo,xgboost_direct,19.0,23.06220245361328
2023-10-07,2023-10-07 17:00:00,17,lags_meteo,xgboost_direct,17.0,22.3967227935791
2023-10-07,2023-10-07 18:00:00,18,lags_meteo,xgboost_direct,16.0,23.515710830688477
2023-10-07,2023-10-07 19:00:00,19,lags_meteo,xgboost_direct,19.0,23.786911010742188
2023-10-07,2023-10-07 20:00:00,20,lags_meteo,xgboost_direct,17.0,22.82756996154785
2023-10-07,2023-10-07 21:00:00,21,lags_meteo,xgboost_direct,22.0,23.877044677734375
2023-10-07,2023-10-07 22:00:00,22,lags_meteo,xgboost_direct,21.0,25.467506408691406
2023-10-07,2023-10-07 23:00:00,23,lags_meteo,xgboost_direct,23.0,23.426843643188477
2023-10-07,2023-10-08 00:00:00,24,lags_meteo,xgboost_direct,24.0,23.4683780670166
2023-10-08,2023-10-08 01:00:00,1,lags_meteo,xgboost_direct,21.0,22.22995376586914
2023-10-08,2023-10-08 02:00:00,2,lags_meteo,xgboost_direct,22.0,20.91724395751953
2023-10-08,2023-10-08 03:00:00,3,lags_meteo,xgboost_direct,24.0,18.601293563842773
2023-10-08,2023-10-08 04:00:00,4,lags_meteo,xgboost_direct,21.0,17.118331909179688
2023-10-08,2023-10-08 05:00:00,5,lags_meteo,xgboost_direct,20.0,16.73748016357422
2023-10-08,2023-10-08 06:00:00,6,lags_meteo,xgboost_direct,19.0,15.840418815612793
2023-10-08,2023-10-08 07:00:00,7,lags_meteo,xgboost_direct,16.0,15.39335823059082
2023-10-08,2023-10-08 08:00:00,8,lags_meteo,xgboost_direct,16.0,16.257909774780273
2023-10-08,2023-10-08 09:00:00,9,lags_meteo,xgboost_direct,15.0,16.953153610229492
2023-10-08,2023-10-08 10:00:00,10,lags_meteo,xgboost_direct,17.0,20.909711837768555
2023-10-08,2023-10-08 11:00:00,11,lags_meteo,xgboost_direct,16.0,22.405780792236328
2023-10-08,2023-10-08 12:00:00,12,lags_meteo,xgboost_direct,26.0,22.51506996154785
2023-10-08,2023-10-08 13:00:00,13,lags_meteo,xgboost_direct,28.0,22.98777961730957
2023-10-08,2023-10-08 14:00:00,14,lags_meteo,xgboost_direct,,22.09516716003418
2023-10-08,2023-10-08 15:00:00,15,lags_meteo,xgboost_direct,,21.632883071899414
2023-10-08,2023-10-08 16:00:00,16,lags_meteo,xgboost_direct,24.0,20.736642837524414
2023-10-08,2023-10-08 17:00:00,17,lags_meteo,xgboost_direct,17.0,19.866249084472656
2023-10-08,2023-10-08 18:00:00,18,lags_meteo,xgboost_direct,17.0,20.99836540222168
2023-10-08,2023-10-08 19:00:00,19,lags_meteo,xgboost_direct,15.0,20.477588653564453
2023-10-08,2023-10-08 20:00:00,20,lags_meteo,xgboost_direct,15.0,21.3950138092041
2023-10-08,2023-10-08 21:00:00,21,lags_meteo,xgboost_direct,21.0,22.762842178344727
2023-10-08,2023-10-08 22:00:00,22,lags_meteo,xgboost_direct,21.0,23.391294479370117
2023-10-08,2023-10-08 23:00:00,23,lags_meteo,xgboost_direct,18.0,22.942302703857422
2023-10-08,2023-10-09 00:00:00,24,lags_meteo,xgboost_direct,19.0,23.14948081970215
2023-10-09,2023-10-09 01:00:00,1,lags_meteo,xgboost_direct,16.0,18.65228271484375
2023-10-09,2023-10-09 02:00:00,2,lags_meteo,xgboost_direct,23.0,18.642831802368164
2023-10-09,2023-10-09 03:00:00,3,lags_meteo,xgboost_direct,20.0,17.742727279663086
2023-10-09,2023-10-09 04:00:00,4,lags_meteo,xgboost_direct,18.0,16.969566345214844
2023-10-09,2023-10-09 05:00:00,5,lags_meteo,xgboost_direct,19.0,16.654415130615234
2023-10-09,2023-10-09 06:00:00,6,lags_meteo,xgboost_direct,12.0,16.359472274780273
2023-10-09,2023-10-09 07:00:00,7,lags_meteo,xgboost_direct,12.0,16.40061378479004
2023-10-09,2023-10-09 08:00:00,8,lags_meteo,xgboost_direct,12.0,17.424667358398438
2023-10-09,2023-10-09 09:00:00,9,lags_meteo,xgboost_direct,16.0,21.194719314575195
2023-10-09,2023-10-09 10:00:00,10,lags_meteo,xgboost_direct,18.0,26.98457908630371
2023-10-09,2023-10-09 11:00:00,11,lags_meteo,xgboost_direct,26.0,28.05312728881836
2023-10-09,2023-10-09 12:00:00,12,lags_meteo,xgboost_direct,29.0,28.895057678222656
2023-10-09,2023-10-09 13:00:00,13,lags_meteo,xgboost_direct,26.0,27.8230037689209
2023-10-09,2023-10-09 14:00:00,14,lags_meteo,xgboost_direct,21.0,25.737089157104492
2023-10-09,2023-10-09 15:00:00,15,lags_meteo,xgboost_direct,17.0,24.055400848388672
2023-10-09,2023-10-09 16:00:00,16,lags_meteo,xgboost_direct,28.0,21.661842346191406
2023-10-09,2023-10-09 17:00:00,17,lags_meteo,xgboost_direct,40.0,20.799095153808594
2023-10-09,2023-10-09 18:00:00,18,lags_meteo,xgboost_direct,24.0,21.80636978149414
2023-10-09,2023-10-09 19:00:00,19,lags_meteo,xgboost_direct,20.0,21.70648765563965
2023-10-09,2023-10-09 20:00:00,20,lags_meteo,xgboost_direct,21.0,21.879274368286133
2023-10-09,2023-10-09 21:00:00,21,lags_meteo,xgboost_direct,29.0,22.27115821838379
2023-10-09,2023-10-09 22:00:00,22,lags_meteo,xgboost_direct,28.0,23.24602508544922
2023-10-09,2023-10-09 23:00:00,23,lags_meteo,xgboost_direct,29.0,23.033166885375977
2023-10-09,2023-10-10 00:00:00,24,lags_meteo,xgboost_direct,26.0,22.52686882019043
2023-10-10,2023-10-10 01:00:00,1,lags_meteo,xgboost_direct,31.0,27.663917541503906
2023-10-10,2023-10-10 02:00:00,2,lags_meteo,xgboost_direct,27.0,26.983999252319336
2023-10-10,2023-10-10 03:00:00,3,lags_meteo,xgboost_direct,23.0,25.642080307006836
2023-10-10,2023-10-10 04:00:00,4,lags_meteo,xgboost_direct,23.0,25.44432258605957
2023-10-10,2023-10-10 05:00:00,5,lags_meteo,xgboost_direct,19.0,25.382585525512695
2023-10-10,2023-10-10 06:00:00,6,lags_meteo,xgboost_direct,19.0,24.1014347076416
2023-10-10,2023-10-10 07:00:00,7,lags_meteo,xgboost_direct,12.0,24.439729690551758
2023-10-10,2023-10-10 08:00:00,8,lags_meteo,xgboost_direct,12.0,25.003114700317383
2023-10-10,2023-10-10 09:00:00,9,lags_meteo,xgboost_direct,13.0,27.449243545532227
2023-10-10,2023-10-10 10:00:00,10,lags_meteo,xgboost_direct,18.0,31.931264877319336
2023-10-10,2023-10-10 11:00:00,11,lags_meteo,xgboost_direct,,34.108158111572266
2023-10-10,2023-10-10 12:00:00,12,lags_meteo,xgboost_direct,,32.83501434326172
2023-10-10,2023-10-10 13:00:00,13,lags_meteo,xgboost_direct,27.0,31.35451889038086
2023-10-10,2023-10-10 14:00:00,14,lags_meteo,xgboost_direct,28.0,29.75477409362793
2023-10-10,2023-10-10 15:00:00,15,lags_meteo,xgboost_direct,34.0,28.695301055908203
2023-10-10,2023-10-10 16:00:00,16,lags_meteo,xgboost_direct,30.0,28.633792877197266
2023-10-10,2023-10-10 17:00:00,17,lags_meteo,xgboost_direct,24.0,28.668071746826172
2023-10-10,2023-10-10 18:00:00,18,lags_meteo,xgboost_direct,23.0,28.78547477722168
2023-10-10,2023-10-10 19:00:00,19,lags_meteo,xgboost_direct,25.0,29.566499710083008
2023-10-10,2023-10-10 20:00:00,20,lags_meteo,xgboost_direct,28.0,31.118595123291016
2023-10-10,2023-10-10 21:00:00,21,lags_meteo,xgboost_direct,29.0,31.24867820739746
2023-10-10,2023-10-10 22:00:00,22,lags_meteo,xgboost_direct,31.0,30.98188018798828
2023-10-10,2023-10-10 23:00:00,23,lags_meteo,xgboost_direct,27.0,30.52916717529297
2023-10-10,2023-10-11 00:00:00,24,lags_meteo,xgboost_direct,30.0,29.710939407348633
2023-10-11,2023-10-11 01:00:00,1,lags_meteo,xgboost_direct,30.0,25.473892211914062
2023-10-11,2023-10-11 02:00:00,2,lags_meteo,xgboost_direct,,24.322120666503906
2023-10-11,2023-10-11 03:00:00,3,lags_meteo,xgboost_direct,26.0,23.470468521118164
2023-10-11,2023-10-11 04:00:00,4,lags_meteo,xgboost_direct,23.0,21.497404098510742
2023-10-11,2023-10-11 05:00:00,5,lags_meteo,xgboost_direct,20.0,20.680038452148438
2023-10-11,2023-10-11 06:00:00,6,lags_meteo,xgboost_direct,20.0,20.14588165283203
2023-10-11,2023-10-11 07:00:00,7,lags_meteo,xgboost_direct,21.0,20.18147850036621
2023-10-11,2023-10-11 08:00:00,8,lags_meteo,xgboost_direct,14.0,20.010744094848633
2023-10-11,2023-10-11 09:00:00,9,lags_meteo,xgboost_direct,14.0,20.778366088867188
2023-10-11,2023-10-11 10:00:00,10,lags_meteo,xgboost_direct,,24.23228645324707
2023-10-11,2023-10-11 11:00:00,11,lags_meteo,xgboost_direct,,26.103897094726562
2023-10-11,2023-10-11 12:00:00,12,lags_meteo,xgboost_direct,,25.22171974182129
2023-10-11,2023-10-11 13:00:00,13,lags_meteo,xgboost_direct,,26.088268280029297
2023-10-11,2023-10-11 14:00:00,14,lags_meteo,xgboost_direct,32.0,25.351242065429688
2023-10-11,2023-10-11 15:00:00,15,lags_meteo,xgboost_direct,33.0,25.889606475830078
2023-10-11,2023-10-11 16:00:00,16,lags_meteo,xgboost_direct,28.0,25.624197006225586
2023-10-11,2023-10-11 17:00:00,17,lags_meteo,xgboost_direct,22.0,27.3439884185791
2023-10-11,2023-10-11 18:00:00,18,lags_meteo,xgboost_direct,18.0,29.27798843383789
2023-10-11,2023-10-11 19:00:00,19,lags_meteo,xgboost_direct,18.0,28.86932373046875
2023-10-11,2023-10-11 20:00:00,20,lags_meteo,xgboost_direct,23.0,28.62639808654785
2023-10-11,2023-10-11 21:00:00,21,lags_meteo,xgboost_direct,23.0,31.27505874633789
2023-10-11,2023-10-11 22:00:00,22,lags_meteo,xgboost_direct,23.0,29.58328628540039
2023-10-11,2023-10-11 23:00:00,23,lags_meteo,xgboost_direct,23.0,27.65696907043457
2023-10-11,2023-10-12 00:00:00,24,lags_meteo,xgboost_direct,22.0,27.447818756103516
2023-10-12,2023-10-12 01:00:00,1,lags_meteo,xgboost_direct,26.0,21.240108489990234
2023-10-12,2023-10-12 02:00:00,2,lags_meteo,xgboost_direct,20.0,20.02882194519043
2023-10-12,2023-10-12 03:00:00,3,lags_meteo,xgboost_direct,22.0,19.093839645385742
2023-10-12,2023-10-12 04:00:00,4,lags_meteo,xgboost_direct,19.0,18.517269134521484
2023-10-12,2023-10-12 05:00:00,5,lags_meteo,xgboost_direct,21.0,18.205747604370117
2023-10-12,2023-10-12 06:00:00,6,lags_meteo,xgboost_direct,19.0,17.007383346557617
2023-10-12,2023-10-12 07:00:00,7,lags_meteo,xgboost_direct,15.0,17.94191551208496
2023-10-12,2023-10-12 08:00:00,8,lags_meteo,xgboost_direct,17.0,18.708009719848633
2023-10-12,2023-10-12 09:00:00,9,lags_meteo,xgboost_direct,17.0,19.22766876220703
2023-10-12,2023-10-12 10:00:00,10,lags_meteo,xgboost_direct,19.0,23.5261173248291
2023-10-12,2023-10-12 11:00:00,11,lags_meteo,xgboost_direct,22.0,24.31449317932129
2023-10-12,2023-10-12 12:00:00,12,lags_meteo,xgboost_direct,30.0,22.622522354125977
2023-10-12,2023-10-12 13:00:00,13,lags_meteo,xgboost_direct,21.0,22.07988739013672
2023-10-12,2023-10-12 14:00:00,14,lags_meteo,xgboost_direct,21.0,21.220428466796875
2023-10-12,2023-10-12 15:00:00,15,lags_meteo,xgboost_direct,21.0,20.932764053344727
2023-10-12,2023-10-12 16:00:00,16,lags_meteo,xgboost_direct,28.0,21.078205108642578
2023-10-12,2023-10-12 17:00:00,17,lags_meteo,xgboost_direct,23.0,21.147043228149414
2023-10-12,2023-10-12 18:00:00,18,lags_meteo,xgboost_direct,23.0,21.394908905029297
2023-10-12,2023-10-12 19:00:00,19,lags_meteo,xgboost_direct,21.0,21.1219425201416
2023-10-12,2023-10-12 20:00:00,20,lags_meteo,xgboost_direct,20.0,22.02112579345703
2023-10-12,2023-10-12 21:00:00,21,lags_meteo,xgboost_direct,25.0,22.57272720336914
2023-10-12,2023-10-12 22:00:00,22,lags_meteo,xgboost_direct,26.0,23.203922271728516
2023-10-12,2023-10-12 23:00:00,23,lags_meteo,xgboost_direct,26.0,22.143512725830078
2023-10-12,2023-10-13 00:00:00,24,lags_meteo,xgboost_direct,23.0,22.631437301635742
2023-10-13,2023-10-13 01:00:00,1,lags_meteo,xgboost_direct,22.0,24.481582641601562
2023-10-13,2023-10-13 02:00:00,2,lags_meteo,xgboost_direct,24.0,23.92403793334961
2023-10-13,2023-10-13 03:00:00,3,lags_meteo,xgboost_direct,23.0,24.805070877075195
2023-10-13,2023-10-13 04:00:00,4,lags_meteo,xgboost_direct,25.0,23.40291976928711
2023-10-13,2023-10-13 05:00:00,5,lags_meteo,xgboost_direct,24.0,21.154094696044922
2023-10-13,2023-10-13 06:00:00,6,lags_meteo,xgboost_direct,20.0,19.788040161132812
2023-10-13,2023-10-13 07:00:00,7,lags_meteo,xgboost_direct,20.0,21.255027770996094
2023-10-13,2023-10-13 08:00:00,8,lags_meteo,xgboost_direct,19.0,21.93902015686035
2023-10-13,2023-10-13 09:00:00,9,lags_meteo,xgboost_direct,22.0,24.851085662841797
2023-10-13,2023-10-13 10:00:00,10,lags_meteo,xgboost_direct,24.0,28.894868850708008
2023-10-13,2023-10-13 11:00:00,11,lags_meteo,xgboost_direct,29.0,31.149837493896484
2023-10-13,2023-10-13 12:00:00,12,lags_meteo,xgboost_direct,30.0,29.707504272460938
2023-10-13,2023-10-13 13:00:00,13,lags_meteo,xgboost_direct,33.0,27.688777923583984
2023-10-13,2023-10-13 14:00:00,14,lags_meteo,xgboost_direct,29.0,26.1617374420166
2023-10-13,2023-10-13 15:00:00,15,lags_meteo,xgboost_direct,22.0,25.086963653564453
2023-10-13,2023-10-13 16:00:00,16,lags_meteo,xgboost_direct,21.0,24.86489486694336
2023-10-13,2023-10-13 17:00:00,17,lags_meteo,xgboost_direct,24.0,22.760210037231445
2023-10-13,2023-10-13 18:00:00,18,lags_meteo,xgboost_direct,20.0,23.2818603515625
2023-10-13,2023-10-13 19:00:00,19,lags_meteo,xgboost_direct,25.0,23.869409561157227
2023-10-13,2023-10-13 20:00:00,20,lags_meteo,xgboost_direct,27.0,24.401283264160156
2023-10-13,2023-10-13 21:00:00,21,lags_meteo,xgboost_direct,25.0,25.37482452392578
2023-10-13,2023-10-13 22:00:00,22,lags_meteo,xgboost_direct,17.0,26.819522857666016
2023-10-13,2023-10-13 23:00:00,23,lags_meteo,xgboost_direct,21.0,26.00550651550293
2023-10-13,2023-10-14 00:00:00,24,lags_meteo,xgboost_direct,21.0,26.139955520629883
2023-10-14,2023-10-14 01:00:00,1,lags_meteo,xgboost_direct,21.0,20.52901268005371
2023-10-14,2023-10-14 02:00:00,2,lags_meteo,xgboost_direct,24.0,20.313949584960938
2023-10-14,2023-10-14 03:00:00,3,lags_meteo,xgboost_direct,23.0,20.94525909423828
2023-10-14,2023-10-14 04:00:00,4,lags_meteo,xgboost_direct,22.0,20.348344802856445
2023-10-14,2023-10-14 05:00:00,5,lags_meteo,xgboost_direct,21.0,17.652843475341797
2023-10-14,2023-10-14 06:00:00,6,lags_meteo,xgboost_direct,20.0,16.857635498046875
2023-10-14,2023-10-14 07:00:00,7,lags_meteo,xgboost_direct,17.0,16.096282958984375
2023-10-14,2023-10-14 08:00:00,8,lags_meteo,xgboost_direct,20.0,19.11566925048828
2023-10-14,2023-10-14 09:00:00,9,lags_meteo,xgboost_direct,21.0,22.387325286865234
2023-10-14,2023-10-14 10:00:00,10,lags_meteo,xgboost_direct,23.0,25.24306297302246
2023-10-14,2023-10-14 11:00:00,11,lags_meteo,xgboost_direct,25.0,26.507036209106445
2023-10-14,2023-10-14 12:00:00,12,lags_meteo,xgboost_direct,20.0,26.195663452148438
2023-10-14,2023-10-14 13:00:00,13,lags_meteo,xgboost_direct,21.0,24.426406860351562
2023-10-14,2023-10-14 14:00:00,14,lags_meteo,xgboost_direct,24.0,23.82666778564453
2023-10-14,2023-10-14 15:00:00,15,lags_meteo,xgboost_direct,22.0,22.84606170654297
2023-10-14,2023-10-14 16:00:00,16,lags_meteo,xgboost_direct,19.0,23.084333419799805
2023-10-14,2023-10-14 17:00:00,17,lags_meteo,xgboost_direct,22.0,23.12310028076172
2023-10-14,2023-10-14 18:00:00,18,lags_meteo,xgboost_direct,19.0,23.09403419494629
2023-10-14,2023-10-14 19:00:00,19,lags_meteo,xgboost_direct,22.0,23.109901428222656
2023-10-14,2023-10-14 20:00:00,20,lags_meteo,xgboost_direct,20.0,23.02359962463379
2023-10-14,2023-10-14 21:00:00,21,lags_meteo,xgboost_direct,20.0,23.424388885498047
2023-10-14,2023-10-14 22:00:00,22,lags_meteo,xgboost_direct,18.0,25.4711856842041
2023-10-14,2023-10-14 23:00:00,23,lags_meteo,xgboost_direct,18.0,23.812326431274414
2023-10-14,2023-10-15 00:00:00,24,lags_meteo,xgboost_direct,15.0,22.366716384887695
2023-10-15,2023-10-15 01:00:00,1,lags_meteo,xgboost_direct,17.0,18.44118309020996
2023-10-15,2023-10-15 02:00:00,2,lags_meteo,xgboost_direct,19.0,17.02006721496582
2023-10-15,2023-10-15 03:00:00,3,lags_meteo,xgboost_direct,16.0,16.671621322631836
2023-10-15,2023-10-15 04:00:00,4,lags_meteo,xgboost_direct,16.0,15.769240379333496
2023-10-15,2023-10-15 05:00:00,5,lags_meteo,xgboost_direct,17.0,15.529870986938477
2023-10-15,2023-10-15 06:00:00,6,lags_meteo,xgboost_direct,16.0,14.928932189941406
2023-10-15,2023-10-15 07:00:00,7,lags_meteo,xgboost_direct,12.0,14.199376106262207
2023-10-15,2023-10-15 08:00:00,8,lags_meteo,xgboost_direct,13.0,14.153385162353516
2023-10-15,2023-10-15 09:00:00,9,lags_meteo,xgboost_direct,14.0,17.956539154052734
2023-10-15,2023-10-15 10:00:00,10,lags_meteo,xgboost_direct,15.0,21.149303436279297
2023-10-15,2023-10-15 11:00:00,11,lags_meteo,xgboost_direct,20.0,22.407623291015625
2023-10-15,2023-10-15 12:00:00,12,lags_meteo,xgboost_direct,26.0,21.936208724975586
2023-10-15,2023-10-15 13:00:00,13,lags_meteo,xgboost_direct,26.0,20.772531509399414
2023-10-15,2023-10-15 14:00:00,14,lags_meteo,xgboost_direct,25.0,20.012388229370117
2023-10-15,2023-10-15 15:00:00,15,lags_meteo,xgboost_direct,17.0,20.18337631225586
2023-10-15,2023-10-15 16:00:00,16,lags_meteo,xgboost_direct,15.0,19.504974365234375
2023-10-15,2023-10-15 17:00:00,17,lags_meteo,xgboost_direct,12.0,19.495620727539062
2023-10-15,2023-10-15 18:00:00,18,lags_meteo,xgboost_direct,11.0,20.1771297454834
2023-10-15,2023-10-15 19:00:00,19,lags_meteo,xgboost_direct,10.0,20.33237075805664
2023-10-15,2023-10-15 20:00:00,20,lags_meteo,xgboost_direct,11.0,20.057695388793945
2023-10-15,2023-10-15 21:00:00,21,lags_meteo,xgboost_direct,11.0,20.04264259338379
2023-10-15,2023-10-15 22:00:00,22,lags_meteo,xgboost_direct,12.0,20.300025939941406
2023-10-15,2023-10-15 23:00:00,23,lags_meteo,xgboost_direct,10.0,19.20741844177246
2023-10-15,2023-10-16 00:00:00,24,lags_meteo,xgboost_direct,8.0,18.719648361206055
2023-10-16,2023-10-16 01:00:00,1,lags_meteo,xgboost_direct,10.0,10.676286697387695
2023-10-16,2023-10-16 02:00:00,2,lags_meteo,xgboost_direct,9.0,11.68637752532959
2023-10-16,2023-10-16 03:00:00,3,lags_meteo,xgboost_direct,9.0,11.217564582824707
2023-10-16,2023-10-16 04:00:00,4,lags_meteo,xgboost_direct,7.0,12.045449256896973
2023-10-16,2023-10-16 05:00:00,5,lags_meteo,xgboost_direct,7.0,11.59409236907959
2023-10-16,2023-10-16 06:00:00,6,lags_meteo,xgboost_direct,7.0,11.570745468139648
2023-10-16,2023-10-16 07:00:00,7,lags_meteo,xgboost_direct,11.0,11.715635299682617
2023-10-16,2023-10-16 08:00:00,8,lags_meteo,xgboost_direct,10.0,11.92379093170166
2023-10-16,2023-10-16 09:00:00,9,lags_meteo,xgboost_direct,12.0,14.798140525817871
2023-10-16,2023-10-16 10:00:00,10,lags_meteo,xgboost_direct,10.0,18.92569351196289
2023-10-16,2023-10-16 11:00:00,11,lags_meteo,xgboost_direct,7.0,20.399158477783203
2023-10-16,2023-10-16 12:00:00,12,lags_meteo,xgboost_direct,5.0,20.514816284179688
2023-10-16,2023-10-16 13:00:00,13,lags_meteo,xgboost_direct,7.0,19.97492218017578
2023-10-16,2023-10-16 14:00:00,14,lags_meteo,xgboost_direct,3.0,17.684188842773438
2023-10-16,2023-10-16 15:00:00,15,lags_meteo,xgboost_direct,5.0,16.219871520996094
2023-10-16,2023-10-16 16:00:00,16,lags_meteo,xgboost_direct,8.0,16.975988388061523
2023-10-16,2023-10-16 17:00:00,17,lags_meteo,xgboost_direct,7.0,15.717106819152832
2023-10-16,2023-10-16 18:00:00,18,lags_meteo,xgboost_direct,4.0,14.91191577911377
2023-10-16,2023-10-16 19:00:00,19,lags_meteo,xgboost_direct,5.0,15.205520629882812
2023-10-16,2023-10-16 20:00:00,20,lags_meteo,xgboost_direct,8.0,15.261056900024414
2023-10-16,2023-10-16 21:00:00,21,lags_meteo,xgboost_direct,7.0,15.718470573425293
2023-10-16,2023-10-16 22:00:00,22,lags_meteo,xgboost_direct,9.0,16.735881805419922
2023-10-16,2023-10-16 23:00:00,23,lags_meteo,xgboost_direct,10.0,15.817726135253906
2023-10-16,2023-10-17 00:00:00,24,lags_meteo,xgboost_direct,14.0,15.252931594848633
2023-10-17,2023-10-17 01:00:00,1,lags_meteo,xgboost_direct,12.0,9.202020645141602
2023-10-17,2023-10-17 02:00:00,2,lags_meteo,xgboost_direct,9.0,9.94525146484375
2023-10-17,2023-10-17 03:00:00,3,lags_meteo,xgboost_direct,9.0,9.71425724029541
2023-10-17,2023-10-17 04:00:00,4,lags_meteo,xgboost_direct,8.0,9.301193237304688
2023-10-17,2023-10-17 05:00:00,5,lags_meteo,xgboost_direct,9.0,8.616148948669434
2023-10-17,2023-10-17 06:00:00,6,lags_meteo,xgboost_direct,9.0,9.050858497619629
2023-10-17,2023-10-17 07:00:00,7,lags_meteo,xgboost_direct,6.0,9.280374526977539
2023-10-17,2023-10-17 08:00:00,8,lags_meteo,xgboost_direct,14.0,10.046329498291016
2023-10-17,2023-10-17 09:00:00,9,lags_meteo,xgboost_direct,19.0,11.227668762207031
2023-10-17,2023-10-17 10:00:00,10,lags_meteo,xgboost_direct,19.0,13.489215850830078
2023-10-17,2023-10-17 11:00:00,11,lags_meteo,xgboost_direct,19.0,13.260672569274902
2023-10-17,2023-10-17 12:00:00,12,lags_meteo,xgboost_direct,16.0,13.301321983337402
2023-10-17,2023-10-17 13:00:00,13,lags_meteo,xgboost_direct,17.0,13.107939720153809
2023-10-17,2023-10-17 14:00:00,14,lags_meteo,xgboost_direct,20.0,12.903974533081055
2023-10-17,2023-10-17 15:00:00,15,lags_meteo,xgboost_direct,27.0,10.816165924072266
2023-10-17,2023-10-17 16:00:00,16,lags_meteo,xgboost_direct,36.0,10.531914710998535
2023-10-17,2023-10-17 17:00:00,17,lags_meteo,xgboost_direct,38.0,11.336324691772461
2023-10-17,2023-10-17 18:00:00,18,lags_meteo,xgboost_direct,43.0,12.301856994628906
2023-10-17,2023-10-17 19:00:00,19,lags_meteo,xgboost_direct,35.0,12.051424980163574
2023-10-17,2023-10-17 20:00:00,20,lags_meteo,xgboost_direct,16.0,12.53438663482666
2023-10-17,2023-10-17 21:00:00,21,lags_meteo,xgboost_direct,8.0,12.745277404785156
2023-10-17,2023-10-17 22:00:00,22,lags_meteo,xgboost_direct,11.0,13.02197551727295
2023-10-17,2023-10-17 23:00:00,23,lags_meteo,xgboost_direct,9.0,12.948769569396973
2023-10-17,2023-10-18 00:00:00,24,lags_meteo,xgboost_direct,10.0,12.57520866394043
2023-10-18,2023-10-18 01:00:00,1,lags_meteo,xgboost_direct,11.0,9.436165809631348
2023-10-18,2023-10-18 02:00:00,2,lags_meteo,xgboost_direct,,8.801684379577637
2023-10-18,2023-10-18 03:00:00,3,lags_meteo,xgboost_direct,,8.949748992919922
2023-10-18,2023-10-18 04:00:00,4,lags_meteo,xgboost_direct,3.0,7.655468940734863
2023-10-18,2023-10-18 05:00:00,5,lags_meteo,xgboost_direct,2.0,7.2255048751831055
2023-10-18,2023-10-18 06:00:00,6,lags_meteo,xgboost_direct,3.0,6.738796710968018
2023-10-18,2023-10-18 07:00:00,7,lags_meteo,xgboost_direct,3.0,5.898072242736816
2023-10-18,2023-10-18 08:00:00,8,lags_meteo,xgboost_direct,1.0,6.428519248962402
2023-10-18,2023-10-18 09:00:00,9,lags_meteo,xgboost_direct,3.0,7.504737377166748
2023-10-18,2023-10-18 10:00:00,10,lags_meteo,xgboost_direct,5.0,10.1392240524292
2023-10-18,2023-10-18 11:00:00,11,lags_meteo,xgboost_direct,6.0,10.273401260375977
2023-10-18,2023-10-18 12:00:00,12,lags_meteo,xgboost_direct,3.0,10.343585014343262
2023-10-18,2023-10-18 13:00:00,13,lags_meteo,xgboost_direct,4.0,10.51673698425293
2023-10-18,2023-10-18 14:00:00,14,lags_meteo,xgboost_direct,3.0,10.278654098510742
2023-10-18,2023-10-18 15:00:00,15,lags_meteo,xgboost_direct,3.0,10.83810043334961
2023-10-18,2023-10-18 16:00:00,16,lags_meteo,xgboost_direct,4.0,12.925897598266602
2023-10-18,2023-10-18 17:00:00,17,lags_meteo,xgboost_direct,,11.752696990966797
2023-10-18,2023-10-18 18:00:00,18,lags_meteo,xgboost_direct,,11.556473731994629
2023-10-18,2023-10-18 19:00:00,19,lags_meteo,xgboost_direct,,10.874173164367676
2023-10-18,2023-10-18 20:00:00,20,lags_meteo,xgboost_direct,,9.237645149230957
2023-10-18,2023-10-18 21:00:00,21,lags_meteo,xgboost_direct,,7.1644697189331055
2023-10-18,2023-10-18 22:00:00,22,lags_meteo,xgboost_direct,,7.3210883140563965
2023-10-18,2023-10-18 23:00:00,23,lags_meteo,xgboost_direct,,6.514278888702393
2023-10-18,2023-10-19 00:00:00,24,lags_meteo,xgboost_direct,4.0,6.050410747528076
2023-10-19,2023-10-19 01:00:00,1,lags_meteo,xgboost_direct,3.0,3.979609727859497
2023-10-19,2023-10-19 02:00:00,2,lags_meteo,xgboost_direct,4.0,3.869309902191162
2023-10-19,2023-10-19 03:00:00,3,lags_meteo,xgboost_direct,,3.839730978012085
2023-10-19,2023-10-19 04:00:00,4,lags_meteo,xgboost_direct,,3.768197536468506
2023-10-19,2023-10-19 05:00:00,5,lags_meteo,xgboost_direct,,3.667541742324829
2023-10-19,2023-10-19 06:00:00,6,lags_meteo,xgboost_direct,,3.626433849334717
2023-10-19,2023-10-19 07:00:00,7,lags_meteo,xgboost_direct,2.0,3.352121114730835
2023-10-19,2023-10-19 08:00:00,8,lags_meteo,xgboost_direct,3.0,3.7838449478149414
2023-10-19,2023-10-19 09:00:00,9,lags_meteo,xgboost_direct,4.0,4.85698127746582
2023-10-19,2023-10-19 10:00:00,10,lags_meteo,xgboost_direct,8.0,5.191342830657959
2023-10-19,2023-10-19 11:00:00,11,lags_meteo,xgboost_direct,5.0,4.978897571563721
2023-10-19,2023-10-19 12:00:00,12,lags_meteo,xgboost_direct,5.0,5.075316429138184
2023-10-19,2023-10-19 13:00:00,13,lags_meteo,xgboost_direct,11.0,4.759507179260254
2023-10-19,2023-10-19 14:00:00,14,lags_meteo,xgboost_direct,11.0,4.2678961753845215
2023-10-19,2023-10-19 15:00:00,15,lags_meteo,xgboost_direct,,4.320779323577881
2023-10-19,2023-10-19 16:00:00,16,lags_meteo,xgboost_direct,,5.053401470184326
2023-10-19,2023-10-19 17:00:00,17,lags_meteo,xgboost_direct,,5.044189929962158
2023-10-19,2023-10-19 18:00:00,18,lags_meteo,xgboost_direct,,5.659697532653809
2023-10-19,2023-10-19 19:00:00,19,lags_meteo,xgboost_direct,,5.849498748779297
2023-10-19,2023-10-19 20:00:00,20,lags_meteo,xgboost_direct,,5.742001533508301
2023-10-19,2023-10-19 21:00:00,21,lags_meteo,xgboost_direct,,5.618929862976074
2023-10-19,2023-10-19 22:00:00,22,lags_meteo,xgboost_direct,26.0,6.049864768981934
2023-10-19,2023-10-19 23:00:00,23,lags_meteo,xgboost_direct,9.0,5.519556522369385
2023-10-19,2023-10-20 00:00:00,24,lags_meteo,xgboost_direct,1.0,5.047613620758057
2023-10-20,2023-10-20 01:00:00,1,lags_meteo,xgboost_direct,,7.155722141265869
2023-10-20,2023-10-20 02:00:00,2,lags_meteo,xgboost_direct,,6.841312885284424
2023-10-20,2023-10-20 03:00:00,3,lags_meteo,xgboost_direct,3.0,6.667823314666748
2023-10-20,2023-10-20 04:00:00,4,lags_meteo,xgboost_direct,7.0,6.5647969245910645
2023-10-20,2023-10-20 05:00:00,5,lags_meteo,xgboost_direct,6.0,6.142545700073242
2023-10-20,2023-10-20 06:00:00,6,lags_meteo,xgboost_direct,6.0,5.6178297996521
2023-10-20,2023-10-20 07:00:00,7,lags_meteo,xgboost_direct,6.0,7.0734171867370605
2023-10-20,2023-10-20 08:00:00,8,lags_meteo,xgboost_direct,8.0,7.667096138000488
2023-10-20,2023-10-20 09:00:00,9,lags_meteo,xgboost_direct,5.0,6.985427379608154
2023-10-20,2023-10-20 10:00:00,10,lags_meteo,xgboost_direct,5.0,7.31193733215332
2023-10-20,2023-10-20 11:00:00,11,lags_meteo,xgboost_direct,6.0,7.627218723297119
2023-10-20,2023-10-20 12:00:00,12,lags_meteo,xgboost_direct,3.0,6.7855353355407715
2023-10-20,2023-10-20 13:00:00,13,lags_meteo,xgboost_direct,6.0,6.989612579345703
2023-10-20,2023-10-20 14:00:00,14,lags_meteo,xgboost_direct,5.0,5.1493000984191895
2023-10-20,2023-10-20 15:00:00,15,lags_meteo,xgboost_direct,7.0,6.368862152099609
2023-10-20,2023-10-20 16:00:00,16,lags_meteo,xgboost_direct,6.0,6.180854797363281
2023-10-20,2023-10-20 17:00:00,17,lags_meteo,xgboost_direct,8.0,5.10180139541626
2023-10-20,2023-10-20 18:00:00,18,lags_meteo,xgboost_direct,5.0,5.748690128326416
2023-10-20,2023-10-20 19:00:00,19,lags_meteo,xgboost_direct,2.0,6.76204776763916
2023-10-20,2023-10-20 20:00:00,20,lags_meteo,xgboost_direct,5.0,8.956061363220215
2023-10-20,2023-10-20 21:00:00,21,lags_meteo,xgboost_direct,3.0,9.352736473083496
2023-10-20,2023-10-20 22:00:00,22,lags_meteo,xgboost_direct,4.0,9.119217872619629
2023-10-20,2023-10-20 23:00:00,23,lags_meteo,xgboost_direct,5.0,9.216564178466797
2023-10-20,2023-10-21 00:00:00,24,lags_meteo,xgboost_direct,3.0,7.2759904861450195
2023-10-21,2023-10-21 01:00:00,1,lags_meteo,xgboost_direct,3.0,4.0594353675842285
2023-10-21,2023-10-21 02:00:00,2,lags_meteo,xgboost_direct,2.0,3.834291458129883
2023-10-21,2023-10-21 03:00:00,3,lags_meteo,xgboost_direct,2.0,3.6807637214660645
2023-10-21,2023-10-21 04:00:00,4,lags_meteo,xgboost_direct,3.0,3.6083052158355713
2023-10-21,2023-10-21 05:00:00,5,lags_meteo,xgboost_direct,4.0,3.4128081798553467
2023-10-21,2023-10-21 06:00:00,6,lags_meteo,xgboost_direct,4.0,3.4704928398132324
2023-10-21,2023-10-21 07:00:00,7,lags_meteo,xgboost_direct,2.0,4.165493965148926
2023-10-21,2023-10-21 08:00:00,8,lags_meteo,xgboost_direct,5.0,4.359445571899414
2023-10-21,2023-10-21 09:00:00,9,lags_meteo,xgboost_direct,4.0,4.533774375915527
2023-10-21,2023-10-21 10:00:00,10,lags_meteo,xgboost_direct,4.0,5.3427815437316895
2023-10-21,2023-10-21 11:00:00,11,lags_meteo,xgboost_direct,3.0,5.6428375244140625
2023-10-21,2023-10-21 12:00:00,12,lags_meteo,xgboost_direct,3.0,5.642852783203125
2023-10-21,2023-10-21 13:00:00,13,lags_meteo,xgboost_direct,8.0,5.830580234527588
2023-10-21,2023-10-21 14:00:00,14,lags_meteo,xgboost_direct,7.0,5.464102268218994
2023-10-21,2023-10-21 15:00:00,15,lags_meteo,xgboost_direct,,5.832796573638916
2023-10-21,2023-10-21 16:00:00,16,lags_meteo,xgboost_direct,4.0,6.249091148376465
2023-10-21,2023-10-21 17:00:00,17,lags_meteo,xgboost_direct,3.0,5.8063063621521
2023-10-21,2023-10-21 18:00:00,18,lags_meteo,xgboost_direct,4.0,5.918245315551758
2023-10-21,2023-10-21 19:00:00,19,lags_meteo,xgboost_direct,6.0,6.180840969085693
2023-10-21,2023-10-21 20:00:00,20,lags_meteo,xgboost_direct,5.0,5.922094821929932
2023-10-21,2023-10-21 21:00:00,21,lags_meteo,xgboost_direct,6.0,5.649946689605713
2023-10-21,2023-10-21 22:00:00,22,lags_meteo,xgboost_direct,9.0,5.59309720993042
2023-10-21,2023-10-21 23:00:00,23,lags_meteo,xgboost_direct,16.0,5.599309921264648
2023-10-21,2023-10-22 00:00:00,24,lags_meteo,xgboost_direct,14.0,4.83419132232666
2023-10-22,2023-10-22 01:00:00,1,lags_meteo,xgboost_direct,11.0,12.589426040649414
2023-10-22,2023-10-22 02:00:00,2,lags_meteo,xgboost_direct,7.0,11.697447776794434
2023-10-22,2023-10-22 03:00:00,3,lags_meteo,xgboost_direct,9.0,10.148670196533203
2023-10-22,2023-10-22 04:00:00,4,lags_meteo,xgboost_direct,7.0,9.282793998718262
2023-10-22,2023-10-22 05:00:00,5,lags_meteo,xgboost_direct,10.0,9.791193008422852
2023-10-22,2023-10-22 06:00:00,6,lags_meteo,xgboost_direct,8.0,9.215847969055176
2023-10-22,2023-10-22 07:00:00,7,lags_meteo,xgboost_direct,7.0,8.811295509338379
2023-10-22,2023-10-22 08:00:00,8,lags_meteo,xgboost_direct,7.0,9.765298843383789
2023-10-22,2023-10-22 09:00:00,9,lags_meteo,xgboost_direct,8.0,10.752288818359375
2023-10-22,2023-10-22 10:00:00,10,lags_meteo,xgboost_direct,8.0,12.401765823364258
2023-10-22,2023-10-22 11:00:00,11,lags_meteo,xgboost_direct,7.0,14.037150382995605
2023-10-22,2023-10-22 12:00:00,12,lags_meteo,xgboost_direct,6.0,12.631349563598633
2023-10-22,2023-10-22 13:00:00,13,lags_meteo,xgboost_direct,5.0,12.735353469848633
2023-10-22,2023-10-22 14:00:00,14,lags_meteo,xgboost_direct,7.0,13.47492790222168
2023-10-22,2023-10-22 15:00:00,15,lags_meteo,xgboost_direct,6.0,13.18814754486084
2023-10-22,2023-10-22 16:00:00,16,lags_meteo,xgboost_direct,5.0,13.059121131896973
2023-10-22,2023-10-22 17:00:00,17,lags_meteo,xgboost_direct,5.0,13.179840087890625
2023-10-22,2023-10-22 18:00:00,18,lags_meteo,xgboost_direct,5.0,12.646119117736816
2023-10-22,2023-10-22 19:00:00,19,lags_meteo,xgboost_direct,6.0,12.50505542755127
2023-10-22,2023-10-22 20:00:00,20,lags_meteo,xgboost_direct,7.0,12.46804428100586
2023-10-22,2023-10-22 21:00:00,21,lags_meteo,xgboost_direct,4.0,13.153096199035645
2023-10-22,2023-10-22 22:00:00,22,lags_meteo,xgboost_direct,3.0,13.052255630493164
2023-10-22,2023-10-22 23:00:00,23,lags_meteo,xgboost_direct,2.0,13.671432495117188
2023-10-22,2023-10-23 00:00:00,24,lags_meteo,xgboost_direct,2.0,13.437188148498535
2023-10-23,2023-10-23 01:00:00,1,lags_meteo,xgboost_direct,,2.30576229095459
2023-10-23,2023-10-23 02:00:00,2,lags_meteo,xgboost_direct,,2.568772077560425
2023-10-23,2023-10-23 03:00:00,3,lags_meteo,xgboost_direct,1.0,2.596435070037842
2023-10-23,2023-10-23 04:00:00,4,lags_meteo,xgboost_direct,,2.715043067932129
2023-10-23,2023-10-23 05:00:00,5,lags_meteo,xgboost_direct,3.0,15.323296546936035
2023-10-23,2023-10-23 06:00:00,6,lags_meteo,xgboost_direct,2.0,31.41122055053711
2023-10-23,2023-10-23 07:00:00,7,lags_meteo,xgboost_direct,2.0,18.49220085144043
2023-10-23,2023-10-23 08:00:00,8,lags_meteo,xgboost_direct,3.0,12.185501098632812
2023-10-23,2023-10-23 09:00:00,9,lags_meteo,xgboost_direct,2.0,16.483184814453125
2023-10-23,2023-10-23 10:00:00,10,lags_meteo,xgboost_direct,6.0,14.17374038696289
2023-10-23,2023-10-23 11:00:00,11,lags_meteo,xgboost_direct,1.0,28.3538761138916
2023-10-23,2023-10-23 12:00:00,12,lags_meteo,xgboost_direct,,55.00932312011719
2023-10-23,2023-10-23 13:00:00,13,lags_meteo,xgboost_direct,,38.16210174560547
2023-10-23,2023-10-23 14:00:00,14,lags_meteo,xgboost_direct,,42.79573440551758
2023-10-23,2023-10-23 15:00:00,15,lags_meteo,xgboost_direct,6.0,51.84580993652344
2023-10-23,2023-10-23 16:00:00,16,lags_meteo,xgboost_direct,8.0,85.12266540527344
2023-10-23,2023-10-23 17:00:00,17,lags_meteo,xgboost_direct,7.0,109.21206665039062
2023-10-23,2023-10-23 18:00:00,18,lags_meteo,xgboost_direct,3.0,129.1929168701172
2023-10-23,2023-10-23 19:00:00,19,lags_meteo,xgboost_direct,3.0,129.8031463623047
2023-10-23,2023-10-23 20:00:00,20,lags_meteo,xgboost_direct,5.0,147.0050811767578
2023-10-23,2023-10-23 21:00:00,21,lags_meteo,xgboost_direct,4.0,130.93899536132812
2023-10-23,2023-10-23 22:00:00,22,lags_meteo,xgboost_direct,5.0,117.55883026123047
2023-10-23,2023-10-23 23:00:00,23,lags_meteo,xgboost_direct,4.0,78.49057006835938
2023-10-23,2023-10-24 00:00:00,24,lags_meteo,xgboost_direct,4.0,62.17433166503906
2023-10-24,2023-10-24 01:00:00,1,lags_meteo,xgboost_direct,3.0,3.6357390880584717
2023-10-24,2023-10-24 02:00:00,2,lags_meteo,xgboost_direct,0.0,3.593458890914917
2023-10-24,2023-10-24 03:00:00,3,lags_meteo,xgboost_direct,3.0,3.9007930755615234
2023-10-24,2023-10-24 04:00:00,4,lags_meteo,xgboost_direct,2.0,4.02534294128418
2023-10-24,2023-10-24 05:00:00,5,lags_meteo,xgboost_direct,4.0,4.789177417755127
2023-10-24,2023-10-24 06:00:00,6,lags_meteo,xgboost_direct,4.0,5.185961723327637
2023-10-24,2023-10-24 07:00:00,7,lags_meteo,xgboost_direct,3.0,5.488254547119141
2023-10-24,2023-10-24 08:00:00,8,lags_meteo,xgboost_direct,2.0,5.8744282722473145
2023-10-24,2023-10-24 09:00:00,9,lags_meteo,xgboost_direct,4.0,6.7864532470703125
2023-10-24,2023-10-24 10:00:00,10,lags_meteo,xgboost_direct,6.0,7.565873622894287
2023-10-24,2023-10-24 11:00:00,11,lags_meteo,xgboost_direct,,7.7522430419921875
2023-10-24,2023-10-24 12:00:00,12,lags_meteo,xgboost_direct,,7.67043399810791
2023-10-24,2023-10-24 13:00:00,13,lags_meteo,xgboost_direct,5.0,7.054611682891846
2023-10-24,2023-10-24 14:00:00,14,lags_meteo,xgboost_direct,5.0,6.715610504150391
2023-10-24,2023-10-24 15:00:00,15,lags_meteo,xgboost_direct,7.0,6.6436052322387695
2023-10-24,2023-10-24 16:00:00,16,lags_meteo,xgboost_direct,2.0,6.879794597625732
2023-10-24,2023-10-24 17:00:00,17,lags_meteo,xgboost_direct,3.0,6.8086113929748535
2023-10-24,2023-10-24 18:00:00,18,lags_meteo,xgboost_direct,5.0,7.4582953453063965
2023-10-24,2023-10-24 19:00:00,19,lags_meteo,xgboost_direct,6.0,7.268871307373047
2023-10-24,2023-10-24 20:00:00,20,lags_meteo,xgboost_direct,4.0,8.006573677062988
2023-10-24,2023-10-24 21:00:00,21,lags_meteo,xgboost_direct,4.0,7.745326042175293
2023-10-24,2023-10-24 22:00:00,22,lags_meteo,xgboost_direct,1.0,7.782658576965332
2023-10-24,2023-10-24 23:00:00,23,lags_meteo,xgboost_direct,3.0,8.009695053100586
2023-10-24,2023-10-25 00:00:00,24,lags_meteo,xgboost_direct,3.0,8.127570152282715
2023-10-25,2023-10-25 01:00:00,1,lags_meteo,xgboost_direct,5.0,3.6407244205474854
2023-10-25,2023-10-25 02:00:00,2,lags_meteo,xgboost_direct,3.0,3.754319429397583
2023-10-25,2023-10-25 03:00:00,3,lags_meteo,xgboost_direct,2.0,3.5537097454071045
2023-10-25,2023-10-25 04:00:00,4,lags_meteo,xgboost_direct,,3.9606051445007324
2023-10-25,2023-10-25 05:00:00,5,lags_meteo,xgboost_direct,,4.401212692260742
2023-10-25,2023-10-25 06:00:00,6,lags_meteo,xgboost_direct,2.0,4.193471908569336
2023-10-25,2023-10-25 07:00:00,7,lags_meteo,xgboost_direct,3.0,4.9451398849487305
2023-10-25,2023-10-25 08:00:00,8,lags_meteo,xgboost_direct,,4.634492874145508
2023-10-25,2023-10-25 09:00:00,9,lags_meteo,xgboost_direct,2.0,5.534231185913086
2023-10-25,2023-10-25 10:00:00,10,lags_meteo,xgboost_direct,,7.733723163604736
2023-10-25,2023-10-25 11:00:00,11,lags_meteo,xgboost_direct,4.0,7.565541744232178
2023-10-25,2023-10-25 12:00:00,12,lags_meteo,xgboost_direct,3.0,7.513538360595703
2023-10-25,2023-10-25 13:00:00,13,lags_meteo,xgboost_direct,3.0,6.705423831939697
2023-10-25,2023-10-25 14:00:00,14,lags_meteo,xgboost_direct,5.0,6.0772809982299805
2023-10-25,2023-10-25 15:00:00,15,lags_meteo,xgboost_direct,5.0,6.0219526290893555
2023-10-25,2023-10-25 16:00:00,16,lags_meteo,xgboost_direct,8.0,6.0786824226379395
2023-10-25,2023-10-25 17:00:00,17,lags_meteo,xgboost_direct,7.0,6.165645122528076
2023-10-25,2023-10-25 18:00:00,18,lags_meteo,xgboost_direct,12.0,7.151945114135742
2023-10-25,2023-10-25 19:00:00,19,lags_meteo,xgboost_direct,13.0,7.689731597900391
2023-10-25,2023-10-25 20:00:00,20,lags_meteo,xgboost_direct,13.0,7.4203901290893555
2023-10-25,2023-10-25 21:00:00,21,lags_meteo,xgboost_direct,9.0,7.104335308074951
2023-10-25,2023-10-25 22:00:00,22,lags_meteo,xgboost_direct,9.0,6.686641216278076
2023-10-25,2023-10-25 23:00:00,23,lags_meteo,xgboost_direct,9.0,6.966368675231934
2023-10-25,2023-10-26 00:00:00,24,lags_meteo,xgboost_direct,6.0,6.527352333068848
2023-10-26,2023-10-26 01:00:00,1,lags_meteo,xgboost_direct,7.0,7.325870037078857
2023-10-26,2023-10-26 02:00:00,2,lags_meteo,xgboost_direct,8.0,6.859787464141846
2023-10-26,2023-10-26 03:00:00,3,lags_meteo,xgboost_direct,3.0,6.757731914520264
2023-10-26,2023-10-26 04:00:00,4,lags_meteo,xgboost_direct,3.0,6.998775482177734
2023-10-26,2023-10-26 05:00:00,5,lags_meteo,xgboost_direct,3.0,6.545176029205322
2023-10-26,2023-10-26 06:00:00,6,lags_meteo,xgboost_direct,3.0,6.885737419128418
2023-10-26,2023-10-26 07:00:00,7,lags_meteo,xgboost_direct,6.0,7.023066520690918
2023-10-26,2023-10-26 08:00:00,8,lags_meteo,xgboost_direct,5.0,7.449419021606445
2023-10-26,2023-10-26 09:00:00,9,lags_meteo,xgboost_direct,4.0,7.6480584144592285
2023-10-26,2023-10-26 10:00:00,10,lags_meteo,xgboost_direct,2.0,8.71855640411377
2023-10-26,2023-10-26 11:00:00,11,lags_meteo,xgboost_direct,4.0,8.33299732208252
2023-10-26,2023-10-26 12:00:00,12,lags_meteo,xgboost_direct,2.0,8.110239028930664
2023-10-26,2023-10-26 13:00:00,13,lags_meteo,xgboost_direct,4.0,7.750208854675293
2023-10-26,2023-10-26 14:00:00,14,lags_meteo,xgboost_direct,2.0,8.613577842712402
2023-10-26,2023-10-26 15:00:00,15,lags_meteo,xgboost_direct,3.0,7.375346660614014
2023-10-26,2023-10-26 16:00:00,16,lags_meteo,xgboost_direct,2.0,7.952565670013428
2023-10-26,2023-10-26 17:00:00,17,lags_meteo,xgboost_direct,5.0,8.146310806274414
2023-10-26,2023-10-26 18:00:00,18,lags_meteo,xgboost_direct,6.0,8.233368873596191
2023-10-26,2023-10-26 19:00:00,19,lags_meteo,xgboost_direct,5.0,8.035914421081543
2023-10-26,2023-10-26 20:00:00,20,lags_meteo,xgboost_direct,5.0,8.586215019226074
2023-10-26,2023-10-26 21:00:00,21,lags_meteo,xgboost_direct,5.0,7.965389728546143
2023-10-26,2023-10-26 22:00:00,22,lags_meteo,xgboost_direct,2.0,7.873446464538574
2023-10-26,2023-10-26 23:00:00,23,lags_meteo,xgboost_direct,3.0,7.887283802032471
2023-10-26,2023-10-27 00:00:00,24,lags_meteo,xgboost_direct,1.0,7.394375324249268
2023-10-27,2023-10-27 01:00:00,1,lags_meteo,xgboost_direct,2.0,4.688568115234375
2023-10-27,2023-10-27 02:00:00,2,lags_meteo,xgboost_direct,5.0,4.8704423904418945
2023-10-27,2023-10-27 03:00:00,3,lags_meteo,xgboost_direct,6.0,5.210052967071533
2023-10-27,2023-10-27 04:00:00,4,lags_meteo,xgboost_direct,6.0,5.234869003295898
2023-10-27,2023-10-27 05:00:00,5,lags_meteo,xgboost_direct,4.0,5.701317310333252
2023-10-27,2023-10-27 06:00:00,6,lags_meteo,xgboost_direct,6.0,5.756933212280273
2023-10-27,2023-10-27 07:00:00,7,lags_meteo,xgboost_direct,5.0,6.517773151397705
2023-10-27,2023-10-27 08:00:00,8,lags_meteo,xgboost_direct,7.0,6.662480354309082
2023-10-27,2023-10-27 09:00:00,9,lags_meteo,xgboost_direct,8.0,7.638057708740234
2023-10-27,2023-10-27 10:00:00,10,lags_meteo,xgboost_direct,9.0,9.743900299072266
2023-10-27,2023-10-27 11:00:00,11,lags_meteo,xgboost_direct,8.0,10.348360061645508
2023-10-27,2023-10-27 12:00:00,12,lags_meteo,xgboost_direct,4.0,10.711360931396484
2023-10-27,2023-10-27 13:00:00,13,lags_meteo,xgboost_direct,8.0,9.503753662109375
2023-10-27,2023-10-27 14:00:00,14,lags_meteo,xgboost_direct,10.0,9.370677947998047
2023-10-27,2023-10-27 15:00:00,15,lags_meteo,xgboost_direct,8.0,9.09428882598877
2023-10-27,2023-10-27 16:00:00,16,lags_meteo,xgboost_direct,8.0,8.811416625976562
2023-10-27,2023-10-27 17:00:00,17,lags_meteo,xgboost_direct,9.0,8.816028594970703
2023-10-27,2023-10-27 18:00:00,18,lags_meteo,xgboost_direct,7.0,8.693008422851562
2023-10-27,2023-10-27 19:00:00,19,lags_meteo,xgboost_direct,5.0,8.912566184997559
2023-10-27,2023-10-27 20:00:00,20,lags_meteo,xgboost_direct,6.0,9.000384330749512
2023-10-27,2023-10-27 21:00:00,21,lags_meteo,xgboost_direct,5.0,8.995807647705078
2023-10-27,2023-10-27 22:00:00,22,lags_meteo,xgboost_direct,1.0,9.433262825012207
2023-10-27,2023-10-27 23:00:00,23,lags_meteo,xgboost_direct,4.0,8.629276275634766
2023-10-27,2023-10-28 00:00:00,24,lags_meteo,xgboost_direct,4.0,8.379708290100098
2023-10-28,2023-10-28 01:00:00,1,lags_meteo,xgboost_direct,6.0,3.6002249717712402
2023-10-28,2023-10-28 02:00:00,2,lags_meteo,xgboost_direct,5.0,3.3049774169921875
2023-10-28,2023-10-28 03:00:00,3,lags_meteo,xgboost_direct,1.0,3.230991840362549
2023-10-28,2023-10-28 04:00:00,4,lags_meteo,xgboost_direct,2.0,3.214141845703125
2023-10-28,2023-10-28 05:00:00,5,lags_meteo,xgboost_direct,3.0,3.4052693843841553
2023-10-28,2023-10-28 06:00:00,6,lags_meteo,xgboost_direct,6.0,3.896299362182617
2023-10-28,2023-10-28 07:00:00,7,lags_meteo,xgboost_direct,5.0,3.9739513397216797
2023-10-28,2023-10-28 08:00:00,8,lags_meteo,xgboost_direct,5.0,4.272495269775391
2023-10-28,2023-10-28 09:00:00,9,lags_meteo,xgboost_direct,7.0,4.656336784362793
2023-10-28,2023-10-28 10:00:00,10,lags_meteo,xgboost_direct,7.0,5.332714080810547
2023-10-28,2023-10-28 11:00:00,11,lags_meteo,xgboost_direct,6.0,5.556717872619629
2023-10-28,2023-10-28 12:00:00,12,lags_meteo,xgboost_direct,4.0,4.813050270080566
2023-10-28,2023-10-28 13:00:00,13,lags_meteo,xgboost_direct,5.0,4.853333950042725
2023-10-28,2023-10-28 14:00:00,14,lags_meteo,xgboost_direct,3.0,4.412308692932129
2023-10-28,2023-10-28 15:00:00,15,lags_meteo,xgboost_direct,3.0,4.5785932540893555
2023-10-28,2023-10-28 16:00:00,16,lags_meteo,xgboost_direct,6.0,4.292429447174072
2023-10-28,2023-10-28 17:00:00,17,lags_meteo,xgboost_direct,5.0,5.644752502441406
2023-10-28,2023-10-28 18:00:00,18,lags_meteo,xgboost_direct,4.0,6.223496913909912
2023-10-28,2023-10-28 19:00:00,19,lags_meteo,xgboost_direct,5.0,6.651551723480225
2023-10-28,2023-10-28 20:00:00,20,lags_meteo,xgboost_direct,4.0,6.262876033782959
2023-10-28,2023-10-28 21:00:00,21,lags_meteo,xgboost_direct,7.0,6.055453777313232
2023-10-28,2023-10-28 22:00:00,22,lags_meteo,xgboost_direct,6.0,6.141819953918457
2023-10-28,2023-10-28 23:00:00,23,lags_meteo,xgboost_direct,8.0,5.758216857910156
2023-10-28,2023-10-29 00:00:00,24,lags_meteo,xgboost_direct,2.0,5.303069591522217
2023-10-29,2023-10-29 01:00:00,1,lags_meteo,xgboost_direct,2.0,3.8329710960388184
2023-10-29,2023-10-29 02:00:00,2,lags_meteo,xgboost_direct,8.0,3.997300863265991
2023-10-29,2023-10-29 03:00:00,3,lags_meteo,xgboost_direct,6.0,3.1966099739074707
2023-10-29,2023-10-29 04:00:00,4,lags_meteo,xgboost_direct,4.0,3.656928777694702
2023-10-29,2023-10-29 05:00:00,5,lags_meteo,xgboost_direct,7.0,3.756136178970337
2023-10-29,2023-10-29 06:00:00,6,lags_meteo,xgboost_direct,6.0,4.404430866241455
2023-10-29,2023-10-29 07:00:00,7,lags_meteo,xgboost_direct,6.0,3.4678728580474854
2023-10-29,2023-10-29 08:00:00,8,lags_meteo,xgboost_direct,11.0,3.3649652004241943
2023-10-29,2023-10-29 09:00:00,9,lags_meteo,xgboost_direct,12.0,4.208537578582764
2023-10-29,2023-10-29 10:00:00,10,lags_meteo,xgboost_direct,8.0,4.460407733917236
2023-10-29,2023-10-29 11:00:00,11,lags_meteo,xgboost_direct,8.0,4.977783203125
2023-10-29,2023-10-29 12:00:00,12,lags_meteo,xgboost_direct,7.0,4.235359191894531
2023-10-29,2023-10-29 13:00:00,13,lags_meteo,xgboost_direct,7.0,3.3966989517211914
2023-10-29,2023-10-29 14:00:00,14,lags_meteo,xgboost_direct,6.0,2.387695789337158
2023-10-29,2023-10-29 15:00:00,15,lags_meteo,xgboost_direct,6.0,2.974127769470215
2023-10-29,2023-10-29 16:00:00,16,lags_meteo,xgboost_direct,8.0,2.7827656269073486
2023-10-29,2023-10-29 17:00:00,17,lags_meteo,xgboost_direct,3.0,3.985626697540283
2023-10-29,2023-10-29 18:00:00,18,lags_meteo,xgboost_direct,7.0,5.114699840545654
2023-10-29,2023-10-29 19:00:00,19,lags_meteo,xgboost_direct,6.0,4.550195217132568
2023-10-29,2023-10-29 20:00:00,20,lags_meteo,xgboost_direct,6.0,5.942033767700195
2023-10-29,2023-10-29 21:00:00,21,lags_meteo,xgboost_direct,6.0,6.2390875816345215
2023-10-29,2023-10-29 22:00:00,22,lags_meteo,xgboost_direct,7.0,5.815003395080566
2023-10-29,2023-10-29 23:00:00,23,lags_meteo,xgboost_direct,7.0,5.55105447769165
2023-10-29,2023-10-30 00:00:00,24,lags_meteo,xgboost_direct,7.0,6.007004737854004
2023-10-30,2023-10-30 01:00:00,1,lags_meteo,xgboost_direct,3.0,4.957948684692383
2023-10-30,2023-10-30 02:00:00,2,lags_meteo,xgboost_direct,3.0,4.1662445068359375
2023-10-30,2023-10-30 03:00:00,3,lags_meteo,xgboost_direct,4.0,3.7772529125213623
2023-10-30,2023-10-30 04:00:00,4,lags_meteo,xgboost_direct,7.0,3.6131951808929443
2023-10-30,2023-10-30 05:00:00,5,lags_meteo,xgboost_direct,2.0,4.026828289031982
2023-10-30,2023-10-30 06:00:00,6,lags_meteo,xgboost_direct,4.0,3.890449285507202
2023-10-30,2023-10-30 07:00:00,7,lags_meteo,xgboost_direct,2.0,4.344600200653076
2023-10-30,2023-10-30 08:00:00,8,lags_meteo,xgboost_direct,3.0,5.279442310333252
2023-10-30,2023-10-30 09:00:00,9,lags_meteo,xgboost_direct,1.0,5.9153265953063965
2023-10-30,2023-10-30 10:00:00,10,lags_meteo,xgboost_direct,1.0,5.852382183074951
2023-10-30,2023-10-30 11:00:00,11,lags_meteo,xgboost_direct,4.0,6.7707037925720215
2023-10-30,2023-10-30 12:00:00,12,lags_meteo,xgboost_direct,6.0,5.928420066833496
2023-10-30,2023-10-30 13:00:00,13,lags_meteo,xgboost_direct,4.0,6.541096210479736
2023-10-30,2023-10-30 14:00:00,14,lags_meteo,xgboost_direct,5.0,5.754775047302246
2023-10-30,2023-10-30 15:00:00,15,lags_meteo,xgboost_direct,9.0,7.856815814971924
2023-10-30,2023-10-30 16:00:00,16,lags_meteo,xgboost_direct,1.0,5.902188301086426
2023-10-30,2023-10-30 17:00:00,17,lags_meteo,xgboost_direct,8.0,6.299819469451904
2023-10-30,2023-10-30 18:00:00,18,lags_meteo,xgboost_direct,5.0,5.476873874664307
2023-10-30,2023-10-30 19:00:00,19,lags_meteo,xgboost_direct,1.0,6.639222621917725
2023-10-30,2023-10-30 20:00:00,20,lags_meteo,xgboost_direct,3.0,4.9399919509887695
2023-10-30,2023-10-30 21:00:00,21,lags_meteo,xgboost_direct,5.0,5.395238876342773
2023-10-30,2023-10-30 22:00:00,22,lags_meteo,xgboost_direct,5.0,5.709950923919678
2023-10-30,2023-10-30 23:00:00,23,lags_meteo,xgboost_direct,3.0,4.555819034576416
2023-10-30,2023-10-31 00:00:00,24,lags_meteo,xgboost_direct,3.0,4.683476448059082
2023-10-31,2023-10-31 01:00:00,1,lags_meteo,xgboost_direct,3.0,4.518150329589844
2023-10-31,2023-10-31 02:00:00,2,lags_meteo,xgboost_direct,4.0,4.304232120513916
2023-10-31,2023-10-31 03:00:00,3,lags_meteo,xgboost_direct,4.0,4.611506462097168
2023-10-31,2023-10-31 04:00:00,4,lags_meteo,xgboost_direct,3.0,4.516808032989502
2023-10-31,2023-10-31 05:00:00,5,lags_meteo,xgboost_direct,5.0,4.94936466217041
2023-10-31,2023-10-31 06:00:00,6,lags_meteo,xgboost_direct,2.0,5.5961151123046875
2023-10-31,2023-10-31 07:00:00,7,lags_meteo,xgboost_direct,3.0,5.865296363830566
2023-10-31,2023-10-31 08:00:00,8,lags_meteo,xgboost_direct,6.0,6.064761161804199
2023-10-31,2023-10-31 09:00:00,9,lags_meteo,xgboost_direct,11.0,7.350909233093262
2023-10-31,2023-10-31 10:00:00,10,lags_meteo,xgboost_direct,9.0,9.482122421264648
2023-10-31,2023-10-31 11:00:00,11,lags_meteo,xgboost_direct,17.0,9.466890335083008
2023-10-31,2023-10-31 12:00:00,12,lags_meteo,xgboost_direct,20.0,9.635215759277344
2023-10-31,2023-10-31 13:00:00,13,lags_meteo,xgboost_direct,19.0,8.618172645568848
2023-10-31,2023-10-31 14:00:00,14,lags_meteo,xgboost_direct,21.0,7.887454509735107
2023-10-31,2023-10-31 15:00:00,15,lags_meteo,xgboost_direct,22.0,7.26450777053833
2023-10-31,2023-10-31 16:00:00,16,lags_meteo,xgboost_direct,21.0,7.4192094802856445
2023-10-31,2023-10-31 17:00:00,17,lags_meteo,xgboost_direct,19.0,7.564890384674072
2023-10-31,2023-10-31 18:00:00,18,lags_meteo,xgboost_direct,19.0,7.779758930206299
2023-10-31,2023-10-31 19:00:00,19,lags_meteo,xgboost_direct,21.0,7.51199197769165
2023-10-31,2023-10-31 20:00:00,20,lags_meteo,xgboost_direct,21.0,7.136029243469238
2023-10-31,2023-10-31 21:00:00,21,lags_meteo,xgboost_direct,20.0,7.085554599761963
2023-10-31,2023-10-31 22:00:00,22,lags_meteo,xgboost_direct,25.0,6.655147552490234
2023-10-31,2023-10-31 23:00:00,23,lags_meteo,xgboost_direct,18.0,6.59903621673584
2023-10-31,2023-11-01 00:00:00,24,lags_meteo,xgboost_direct,24.0,6.768409729003906
2023-11-01,2023-11-01 01:00:00,1,lags_meteo,xgboost_direct,24.0,16.38949966430664
2023-11-01,2023-11-01 02:00:00,2,lags_meteo,xgboost_direct,18.0,15.937929153442383
2023-11-01,2023-11-01 03:00:00,3,lags_meteo,xgboost_direct,26.0,15.72238540649414
2023-11-01,2023-11-01 04:00:00,4,lags_meteo,xgboost_direct,22.0,15.204368591308594
2023-11-01,2023-11-01 05:00:00,5,lags_meteo,xgboost_direct,20.0,15.616494178771973
2023-11-01,2023-11-01 06:00:00,6,lags_meteo,xgboost_direct,24.0,14.947901725769043
2023-11-01,2023-11-01 07:00:00,7,lags_meteo,xgboost_direct,16.0,15.033102035522461
2023-11-01,2023-11-01 08:00:00,8,lags_meteo,xgboost_direct,7.0,16.661285400390625
2023-11-01,2023-11-01 09:00:00,9,lags_meteo,xgboost_direct,7.0,20.112138748168945
2023-11-01,2023-11-01 10:00:00,10,lags_meteo,xgboost_direct,6.0,22.854450225830078
2023-11-01,2023-11-01 11:00:00,11,lags_meteo,xgboost_direct,8.0,25.039976119995117
2023-11-01,2023-11-01 12:00:00,12,lags_meteo,xgboost_direct,4.0,24.699581146240234
2023-11-01,2023-11-01 13:00:00,13,lags_meteo,xgboost_direct,1.0,24.360395431518555
2023-11-01,2023-11-01 14:00:00,14,lags_meteo,xgboost_direct,3.0,23.49846649169922
2023-11-01,2023-11-01 15:00:00,15,lags_meteo,xgboost_direct,4.0,21.598255157470703
2023-11-01,2023-11-01 16:00:00,16,lags_meteo,xgboost_direct,2.0,19.827716827392578
2023-11-01,2023-11-01 17:00:00,17,lags_meteo,xgboost_direct,2.0,20.126176834106445
2023-11-01,2023-11-01 18:00:00,18,lags_meteo,xgboost_direct,1.0,20.25506591796875
2023-11-01,2023-11-01 19:00:00,19,lags_meteo,xgboost_direct,2.0,19.501779556274414
2023-11-01,2023-11-01 20:00:00,20,lags_meteo,xgboost_direct,1.0,18.134727478027344
2023-11-01,2023-11-01 21:00:00,21,lags_meteo,xgboost_direct,4.0,16.84364891052246
2023-11-01,2023-11-01 22:00:00,22,lags_meteo,xgboost_direct,6.0,16.69772720336914
2023-11-01,2023-11-01 23:00:00,23,lags_meteo,xgboost_direct,3.0,15.445701599121094
2023-11-01,2023-11-02 00:00:00,24,lags_meteo,xgboost_direct,3.0,16.260780334472656
2023-11-02,2023-11-02 01:00:00,1,lags_meteo,xgboost_direct,5.0,3.176827907562256
2023-11-02,2023-11-02 02:00:00,2,lags_meteo,xgboost_direct,4.0,2.1915698051452637
2023-11-02,2023-11-02 03:00:00,3,lags_meteo,xgboost_direct,3.0,2.212101936340332
2023-11-02,2023-11-02 04:00:00,4,lags_meteo,xgboost_direct,1.0,2.4175455570220947
2023-11-02,2023-11-02 05:00:00,5,lags_meteo,xgboost_direct,1.0,2.131223678588867
2023-11-02,2023-11-02 06:00:00,6,lags_meteo,xgboost_direct,2.0,2.4166603088378906
2023-11-02,2023-11-02 07:00:00,7,lags_meteo,xgboost_direct,4.0,2.2257933616638184
2023-11-02,2023-11-02 08:00:00,8,lags_meteo,xgboost_direct,7.0,3.542287826538086
2023-11-02,2023-11-02 09:00:00,9,lags_meteo,xgboost_direct,7.0,3.188596248626709
2023-11-02,2023-11-02 10:00:00,10,lags_meteo,xgboost_direct,2.0,3.836158037185669
2023-11-02,2023-11-02 11:00:00,11,lags_meteo,xgboost_direct,1.0,3.625539541244507
2023-11-02,2023-11-02 12:00:00,12,lags_meteo,xgboost_direct,1.0,3.687889814376831
2023-11-02,2023-11-02 13:00:00,13,lags_meteo,xgboost_direct,3.0,4.172595024108887
2023-11-02,2023-11-02 14:00:00,14,lags_meteo,xgboost_direct,3.0,3.456019878387451
2023-11-02,2023-11-02 15:00:00,15,lags_meteo,xgboost_direct,2.0,3.5758204460144043
2023-11-02,2023-11-02 16:00:00,16,lags_meteo,xgboost_direct,2.0,4.041990756988525
2023-11-02,2023-11-02 17:00:00,17,lags_meteo,xgboost_direct,5.0,5.054023742675781
2023-11-02,2023-11-02 18:00:00,18,lags_meteo,xgboost_direct,1.0,4.494449138641357
2023-11-02,2023-11-02 19:00:00,19,lags_meteo,xgboost_direct,1.0,4.846608638763428
2023-11-02,2023-11-02 20:00:00,20,lags_meteo,xgboost_direct,4.0,4.491978168487549
2023-11-02,2023-11-02 21:00:00,21,lags_meteo,xgboost_direct,4.0,4.458193778991699
2023-11-02,2023-11-02 22:00:00,22,lags_meteo,xgboost_direct,5.0,4.629733562469482
2023-11-02,2023-11-02 23:00:00,23,lags_meteo,xgboost_direct,4.0,4.827836036682129
2023-11-02,2023-11-03 00:00:00,24,lags_meteo,xgboost_direct,4.0,4.251987934112549
2023-11-03,2023-11-03 01:00:00,1,lags_meteo,xgboost_direct,5.0,3.7053472995758057
2023-11-03,2023-11-03 02:00:00,2,lags_meteo,xgboost_direct,5.0,3.1999080181121826
2023-11-03,2023-11-03 03:00:00,3,lags_meteo,xgboost_direct,7.0,3.182605743408203
2023-11-03,2023-11-03 04:00:00,4,lags_meteo,xgboost_direct,3.0,3.5498831272125244
2023-11-03,2023-11-03 05:00:00,5,lags_meteo,xgboost_direct,4.0,2.921238899230957
2023-11-03,2023-11-03 06:00:00,6,lags_meteo,xgboost_direct,8.0,3.113898515701294
2023-11-03,2023-11-03 07:00:00,7,lags_meteo,xgboost_direct,7.0,2.795020341873169
2023-11-03,2023-11-03 08:00:00,8,lags_meteo,xgboost_direct,3.0,3.3671247959136963
2023-11-03,2023-11-03 09:00:00,9,lags_meteo,xgboost_direct,2.0,3.7049930095672607
2023-11-03,2023-11-03 10:00:00,10,lags_meteo,xgboost_direct,1.0,4.025590419769287
2023-11-03,2023-11-03 11:00:00,11,lags_meteo,xgboost_direct,1.0,4.478003978729248
2023-11-03,2023-11-03 12:00:00,12,lags_meteo,xgboost_direct,2.0,4.489407062530518
2023-11-03,2023-11-03 13:00:00,13,lags_meteo,xgboost_direct,1.0,3.8500468730926514
2023-11-03,2023-11-03 14:00:00,14,lags_meteo,xgboost_direct,2.0,3.6739635467529297
2023-11-03,2023-11-03 15:00:00,15,lags_meteo,xgboost_direct,2.0,3.3084399700164795
2023-11-03,2023-11-03 16:00:00,16,lags_meteo,xgboost_direct,5.0,3.617539167404175
2023-11-03,2023-11-03 17:00:00,17,lags_meteo,xgboost_direct,5.0,3.7643656730651855
2023-11-03,2023-11-03 18:00:00,18,lags_meteo,xgboost_direct,2.0,3.583491802215576
2023-11-03,2023-11-03 19:00:00,19,lags_meteo,xgboost_direct,6.0,4.219679355621338
2023-11-03,2023-11-03 20:00:00,20,lags_meteo,xgboost_direct,6.0,4.619696617126465
2023-11-03,2023-11-03 21:00:00,21,lags_meteo,xgboost_direct,4.0,3.790478467941284
2023-11-03,2023-11-03 22:00:00,22,lags_meteo,xgboost_direct,4.0,3.9381604194641113
2023-11-03,2023-11-03 23:00:00,23,lags_meteo,xgboost_direct,5.0,3.979290008544922
2023-11-03,2023-11-04 00:00:00,24,lags_meteo,xgboost_direct,10.0,3.47707462310791
2023-11-04,2023-11-04 01:00:00,1,lags_meteo,xgboost_direct,6.0,3.662814140319824
2023-11-04,2023-11-04 02:00:00,2,lags_meteo,xgboost_direct,8.0,3.263313055038452
2023-11-04,2023-11-04 03:00:00,3,lags_meteo,xgboost_direct,8.0,3.225778579711914
2023-11-04,2023-11-04 04:00:00,4,lags_meteo,xgboost_direct,1.0,2.988719940185547
2023-11-04,2023-11-04 05:00:00,5,lags_meteo,xgboost_direct,1.0,3.133807420730591
2023-11-04,2023-11-04 06:00:00,6,lags_meteo,xgboost_direct,1.0,2.8563249111175537
2023-11-04,2023-11-04 07:00:00,7,lags_meteo,xgboost_direct,2.0,2.571662425994873
2023-11-04,2023-11-04 08:00:00,8,lags_meteo,xgboost_direct,6.0,2.6153757572174072
2023-11-04,2023-11-04 09:00:00,9,lags_meteo,xgboost_direct,9.0,3.1875178813934326
2023-11-04,2023-11-04 10:00:00,10,lags_meteo,xgboost_direct,3.0,3.044994831085205
2023-11-04,2023-11-04 11:00:00,11,lags_meteo,xgboost_direct,1.0,4.032190322875977
2023-11-04,2023-11-04 12:00:00,12,lags_meteo,xgboost_direct,2.0,4.189707279205322
2023-11-04,2023-11-04 13:00:00,13,lags_meteo,xgboost_direct,3.0,3.6346380710601807
2023-11-04,2023-11-04 14:00:00,14,lags_meteo,xgboost_direct,4.0,3.3131678104400635
2023-11-04,2023-11-04 15:00:00,15,lags_meteo,xgboost_direct,2.0,3.3363890647888184
2023-11-04,2023-11-04 16:00:00,16,lags_meteo,xgboost_direct,1.0,3.519643783569336
2023-11-04,2023-11-04 17:00:00,17,lags_meteo,xgboost_direct,1.0,4.501166343688965
2023-11-04,2023-11-04 18:00:00,18,lags_meteo,xgboost_direct,3.0,4.415278911590576
2023-11-04,2023-11-04 19:00:00,19,lags_meteo,xgboost_direct,9.0,4.214598655700684
2023-11-04,2023-11-04 20:00:00,20,lags_meteo,xgboost_direct,11.0,4.023725509643555
2023-11-04,2023-11-04 21:00:00,21,lags_meteo,xgboost_direct,12.0,4.194514274597168
2023-11-04,2023-11-04 22:00:00,22,lags_meteo,xgboost_direct,12.0,4.216463088989258
2023-11-04,2023-11-04 23:00:00,23,lags_meteo,xgboost_direct,15.0,3.9747374057769775
2023-11-04,2023-11-05 00:00:00,24,lags_meteo,xgboost_direct,10.0,3.657794952392578
2023-11-05,2023-11-05 01:00:00,1,lags_meteo,xgboost_direct,11.0,10.973772048950195
2023-11-05,2023-11-05 02:00:00,2,lags_meteo,xgboost_direct,11.0,9.472500801086426
2023-11-05,2023-11-05 03:00:00,3,lags_meteo,xgboost_direct,13.0,8.57553482055664
2023-11-05,2023-11-05 04:00:00,4,lags_meteo,xgboost_direct,13.0,8.209635734558105
2023-11-05,2023-11-05 05:00:00,5,lags_meteo,xgboost_direct,11.0,7.417258262634277
2023-11-05,2023-11-05 06:00:00,6,lags_meteo,xgboost_direct,10.0,7.137458324432373
2023-11-05,2023-11-05 07:00:00,7,lags_meteo,xgboost_direct,12.0,6.456297397613525
2023-11-05,2023-11-05 08:00:00,8,lags_meteo,xgboost_direct,12.0,7.044848918914795
2023-11-05,2023-11-05 09:00:00,9,lags_meteo,xgboost_direct,13.0,8.26720142364502
2023-11-05,2023-11-05 10:00:00,10,lags_meteo,xgboost_direct,11.0,8.531317710876465
2023-11-05,2023-11-05 11:00:00,11,lags_meteo,xgboost_direct,9.0,8.69836711883545
2023-11-05,2023-11-05 12:00:00,12,lags_meteo,xgboost_direct,5.0,8.035307884216309
2023-11-05,2023-11-05 13:00:00,13,lags_meteo,xgboost_direct,7.0,8.326598167419434
2023-11-05,2023-11-05 14:00:00,14,lags_meteo,xgboost_direct,14.0,8.027145385742188
2023-11-05,2023-11-05 15:00:00,15,lags_meteo,xgboost_direct,11.0,7.136130332946777
2023-11-05,2023-11-05 16:00:00,16,lags_meteo,xgboost_direct,7.0,7.169544696807861
2023-11-05,2023-11-05 17:00:00,17,lags_meteo,xgboost_direct,3.0,6.8573079109191895
2023-11-05,2023-11-05 18:00:00,18,lags_meteo,xgboost_direct,7.0,7.318826675415039
2023-11-05,2023-11-05 19:00:00,19,lags_meteo,xgboost_direct,9.0,7.217955112457275
2023-11-05,2023-11-05 20:00:00,20,lags_meteo,xgboost_direct,9.0,6.607183456420898
2023-11-05,2023-11-05 21:00:00,21,lags_meteo,xgboost_direct,8.0,6.961158752441406
2023-11-05,2023-11-05 22:00:00,22,lags_meteo,xgboost_direct,8.0,7.207899570465088
2023-11-05,2023-11-05 23:00:00,23,lags_meteo,xgboost_direct,8.0,7.53507661819458
2023-11-05,2023-11-06 00:00:00,24,lags_meteo,xgboost_direct,7.0,6.466870307922363
2023-11-06,2023-11-06 01:00:00,1,lags_meteo,xgboost_direct,6.0,6.616237163543701
2023-11-06,2023-11-06 02:00:00,2,lags_meteo,xgboost_direct,6.0,6.305506229400635
2023-11-06,2023-11-06 03:00:00,3,lags_meteo,xgboost_direct,4.0,5.972433567047119
2023-11-06,2023-11-06 04:00:00,4,lags_meteo,xgboost_direct,5.0,5.9987921714782715
2023-11-06,2023-11-06 05:00:00,5,lags_meteo,xgboost_direct,5.0,5.858376979827881
2023-11-06,2023-11-06 06:00:00,6,lags_meteo,xgboost_direct,4.0,5.390013217926025
2023-11-06,2023-11-06 07:00:00,7,lags_meteo,xgboost_direct,5.0,6.000521183013916
2023-11-06,2023-11-06 08:00:00,8,lags_meteo,xgboost_direct,4.0,6.648609638214111
2023-11-06,2023-11-06 09:00:00,9,lags_meteo,xgboost_direct,3.0,7.793047904968262
2023-11-06,2023-11-06 10:00:00,10,lags_meteo,xgboost_direct,4.0,9.62909984588623
2023-11-06,2023-11-06 11:00:00,11,lags_meteo,xgboost_direct,3.0,9.803723335266113
2023-11-06,2023-11-06 12:00:00,12,lags_meteo,xgboost_direct,6.0,9.60692024230957
2023-11-06,2023-11-06 13:00:00,13,lags_meteo,xgboost_direct,2.0,10.282259941101074
2023-11-06,2023-11-06 14:00:00,14,lags_meteo,xgboost_direct,1.0,10.072078704833984
2023-11-06,2023-11-06 15:00:00,15,lags_meteo,xgboost_direct,1.0,10.211258888244629
2023-11-06,2023-11-06 16:00:00,16,lags_meteo,xgboost_direct,2.0,10.351656913757324
2023-11-06,2023-11-06 17:00:00,17,lags_meteo,xgboost_direct,2.0,12.919510841369629
2023-11-06,2023-11-06 18:00:00,18,lags_meteo,xgboost_direct,6.0,10.29531192779541
2023-11-06,2023-11-06 19:00:00,19,lags_meteo,xgboost_direct,7.0,11.220699310302734
2023-11-06,2023-11-06 20:00:00,20,lags_meteo,xgboost_direct,7.0,11.304644584655762
2023-11-06,2023-11-06 21:00:00,21,lags_meteo,xgboost_direct,7.0,11.105920791625977
2023-11-06,2023-11-06 22:00:00,22,lags_meteo,xgboost_direct,10.0,12.547552108764648
2023-11-06,2023-11-06 23:00:00,23,lags_meteo,xgboost_direct,11.0,12.400053977966309
2023-11-06,2023-11-07 00:00:00,24,lags_meteo,xgboost_direct,7.0,12.765166282653809
2023-11-07,2023-11-07 01:00:00,1,lags_meteo,xgboost_direct,5.0,9.222509384155273
2023-11-07,2023-11-07 02:00:00,2,lags_meteo,xgboost_direct,5.0,8.643335342407227
2023-11-07,2023-11-07 03:00:00,3,lags_meteo,xgboost_direct,2.0,7.902146339416504
2023-11-07,2023-11-07 04:00:00,4,lags_meteo,xgboost_direct,2.0,7.994909286499023
2023-11-07,2023-11-07 05:00:00,5,lags_meteo,xgboost_direct,1.0,7.6631999015808105
2023-11-07,2023-11-07 06:00:00,6,lags_meteo,xgboost_direct,5.0,7.181729793548584
2023-11-07,2023-11-07 07:00:00,7,lags_meteo,xgboost_direct,7.0,7.875980377197266
2023-11-07,2023-11-07 08:00:00,8,lags_meteo,xgboost_direct,8.0,9.220945358276367
2023-11-07,2023-11-07 09:00:00,9,lags_meteo,xgboost_direct,8.0,10.78091812133789
2023-11-07,2023-11-07 10:00:00,10,lags_meteo,xgboost_direct,6.0,13.135470390319824
2023-11-07,2023-11-07 11:00:00,11,lags_meteo,xgboost_direct,7.0,12.751093864440918
2023-11-07,2023-11-07 12:00:00,12,lags_meteo,xgboost_direct,5.0,12.322895050048828
2023-11-07,2023-11-07 13:00:00,13,lags_meteo,xgboost_direct,5.0,13.038352966308594
2023-11-07,2023-11-07 14:00:00,14,lags_meteo,xgboost_direct,4.0,11.50710678100586
2023-11-07,2023-11-07 15:00:00,15,lags_meteo,xgboost_direct,4.0,11.176315307617188
2023-11-07,2023-11-07 16:00:00,16,lags_meteo,xgboost_direct,5.0,10.100706100463867
2023-11-07,2023-11-07 17:00:00,17,lags_meteo,xgboost_direct,4.0,10.135637283325195
2023-11-07,2023-11-07 18:00:00,18,lags_meteo,xgboost_direct,5.0,10.735698699951172
2023-11-07,2023-11-07 19:00:00,19,lags_meteo,xgboost_direct,6.0,12.427556037902832
2023-11-07,2023-11-07 20:00:00,20,lags_meteo,xgboost_direct,9.0,11.51387882232666
2023-11-07,2023-11-07 21:00:00,21,lags_meteo,xgboost_direct,7.0,10.796879768371582
2023-11-07,2023-11-07 22:00:00,22,lags_meteo,xgboost_direct,7.0,11.661896705627441
2023-11-07,2023-11-07 23:00:00,23,lags_meteo,xgboost_direct,5.0,10.945430755615234
2023-11-07,2023-11-08 00:00:00,24,lags_meteo,xgboost_direct,6.0,10.948447227478027
2023-11-08,2023-11-08 01:00:00,1,lags_meteo,xgboost_direct,10.0,5.584237098693848
2023-11-08,2023-11-08 02:00:00,2,lags_meteo,xgboost_direct,5.0,5.52791690826416
2023-11-08,2023-11-08 03:00:00,3,lags_meteo,xgboost_direct,7.0,5.33586311340332
2023-11-08,2023-11-08 04:00:00,4,lags_meteo,xgboost_direct,8.0,4.971932411193848
2023-11-08,2023-11-08 05:00:00,5,lags_meteo,xgboost_direct,10.0,5.413576602935791
2023-11-08,2023-11-08 06:00:00,6,lags_meteo,xgboost_direct,8.0,5.153521537780762
2023-11-08,2023-11-08 07:00:00,7,lags_meteo,xgboost_direct,8.0,5.920724868774414
2023-11-08,2023-11-08 08:00:00,8,lags_meteo,xgboost_direct,10.0,6.400010108947754
2023-11-08,2023-11-08 09:00:00,9,lags_meteo,xgboost_direct,13.0,8.49592399597168
2023-11-08,2023-11-08 10:00:00,10,lags_meteo,xgboost_direct,21.0,10.658360481262207
2023-11-08,2023-11-08 11:00:00,11,lags_meteo,xgboost_direct,23.0,11.15279483795166
2023-11-08,2023-11-08 12:00:00,12,lags_meteo,xgboost_direct,21.0,11.487462043762207
2023-11-08,2023-11-08 13:00:00,13,lags_meteo,xgboost_direct,17.0,10.80809211730957
2023-11-08,2023-11-08 14:00:00,14,lags_meteo,xgboost_direct,8.0,10.709949493408203
2023-11-08,2023-11-08 15:00:00,15,lags_meteo,xgboost_direct,11.0,9.965723037719727
2023-11-08,2023-11-08 16:00:00,16,lags_meteo,xgboost_direct,10.0,10.103570938110352
2023-11-08,2023-11-08 17:00:00,17,lags_meteo,xgboost_direct,5.0,9.746808052062988
2023-11-08,2023-11-08 18:00:00,18,lags_meteo,xgboost_direct,5.0,10.003644943237305
2023-11-08,2023-11-08 19:00:00,19,lags_meteo,xgboost_direct,7.0,10.704085350036621
2023-11-08,2023-11-08 20:00:00,20,lags_meteo,xgboost_direct,8.0,10.796677589416504
2023-11-08,2023-11-08 21:00:00,21,lags_meteo,xgboost_direct,7.0,10.47077465057373
2023-11-08,2023-11-08 22:00:00,22,lags_meteo,xgboost_direct,7.0,10.64292049407959
2023-11-08,2023-11-08 23:00:00,23,lags_meteo,xgboost_direct,6.0,10.318099975585938
2023-11-08,2023-11-09 00:00:00,24,lags_meteo,xgboost_direct,8.0,9.393451690673828
2023-11-09,2023-11-09 01:00:00,1,lags_meteo,xgboost_direct,6.0,4.879398822784424
2023-11-09,2023-11-09 02:00:00,2,lags_meteo,xgboost_direct,5.0,3.5017647743225098
2023-11-09,2023-11-09 03:00:00,3,lags_meteo,xgboost_direct,6.0,4.0215325355529785
2023-11-09,2023-11-09 04:00:00,4,lags_meteo,xgboost_direct,3.0,3.6924736499786377
2023-11-09,2023-11-09 05:00:00,5,lags_meteo,xgboost_direct,2.0,3.292818069458008
2023-11-09,2023-11-09 06:00:00,6,lags_meteo,xgboost_direct,1.0,3.109335422515869
2023-11-09,2023-11-09 07:00:00,7,lags_meteo,xgboost_direct,1.0,3.379014730453491
2023-11-09,2023-11-09 08:00:00,8,lags_meteo,xgboost_direct,2.0,4.208690166473389
2023-11-09,2023-11-09 09:00:00,9,lags_meteo,xgboost_direct,2.0,4.906443119049072
2023-11-09,2023-11-09 10:00:00,10,lags_meteo,xgboost_direct,1.0,6.381753921508789
2023-11-09,2023-11-09 11:00:00,11,lags_meteo,xgboost_direct,1.0,6.454771518707275
2023-11-09,2023-11-09 12:00:00,12,lags_meteo,xgboost_direct,1.0,8.472761154174805
2023-11-09,2023-11-09 13:00:00,13,lags_meteo,xgboost_direct,1.0,8.179509162902832
2023-11-09,2023-11-09 14:00:00,14,lags_meteo,xgboost_direct,1.0,7.933548927307129
2023-11-09,2023-11-09 15:00:00,15,lags_meteo,xgboost_direct,3.0,7.453256607055664
2023-11-09,2023-11-09 16:00:00,16,lags_meteo,xgboost_direct,4.0,6.790930271148682
2023-11-09,2023-11-09 17:00:00,17,lags_meteo,xgboost_direct,6.0,7.1960248947143555
2023-11-09,2023-11-09 18:00:00,18,lags_meteo,xgboost_direct,4.0,7.042675495147705
2023-11-09,2023-11-09 19:00:00,19,lags_meteo,xgboost_direct,5.0,7.4189229011535645
2023-11-09,2023-11-09 20:00:00,20,lags_meteo,xgboost_direct,4.0,6.900701522827148
2023-11-09,2023-11-09 21:00:00,21,lags_meteo,xgboost_direct,4.0,7.819868564605713
2023-11-09,2023-11-09 22:00:00,22,lags_meteo,xgboost_direct,4.0,8.10110855102539
2023-11-09,2023-11-09 23:00:00,23,lags_meteo,xgboost_direct,8.0,8.363322257995605
2023-11-09,2023-11-10 00:00:00,24,lags_meteo,xgboost_direct,8.0,8.517592430114746
2023-11-10,2023-11-10 01:00:00,1,lags_meteo,xgboost_direct,6.0,6.098355770111084
2023-11-10,2023-11-10 02:00:00,2,lags_meteo,xgboost_direct,4.0,6.7548089027404785
2023-11-10,2023-11-10 03:00:00,3,lags_meteo,xgboost_direct,6.0,7.363112449645996
2023-11-10,2023-11-10 04:00:00,4,lags_meteo,xgboost_direct,8.0,7.230340957641602
2023-11-10,2023-11-10 05:00:00,5,lags_meteo,xgboost_direct,4.0,6.996829032897949
2023-11-10,2023-11-10 06:00:00,6,lags_meteo,xgboost_direct,4.0,7.022089004516602
2023-11-10,2023-11-10 07:00:00,7,lags_meteo,xgboost_direct,3.0,7.7022786140441895
2023-11-10,2023-11-10 08:00:00,8,lags_meteo,xgboost_direct,4.0,8.077576637268066
2023-11-10,2023-11-10 09:00:00,9,lags_meteo,xgboost_direct,10.0,8.032569885253906
2023-11-10,2023-11-10 10:00:00,10,lags_meteo,xgboost_direct,7.0,11.242781639099121
2023-11-10,2023-11-10 11:00:00,11,lags_meteo,xgboost_direct,8.0,11.054301261901855
2023-11-10,2023-11-10 12:00:00,12,lags_meteo,xgboost_direct,4.0,10.731585502624512
2023-11-10,2023-11-10 13:00:00,13,lags_meteo,xgboost_direct,3.0,9.117417335510254
2023-11-10,2023-11-10 14:00:00,14,lags_meteo,xgboost_direct,5.0,8.997832298278809
2023-11-10,2023-11-10 15:00:00,15,lags_meteo,xgboost_direct,2.0,9.811040878295898
2023-11-10,2023-11-10 16:00:00,16,lags_meteo,xgboost_direct,7.0,8.865523338317871
2023-11-10,2023-11-10 17:00:00,17,lags_meteo,xgboost_direct,9.0,9.60108757019043
2023-11-10,2023-11-10 18:00:00,18,lags_meteo,xgboost_direct,8.0,9.799379348754883
2023-11-10,2023-11-10 19:00:00,19,lags_meteo,xgboost_direct,8.0,10.195266723632812
2023-11-10,2023-11-10 20:00:00,20,lags_meteo,xgboost_direct,8.0,10.167105674743652
2023-11-10,2023-11-10 21:00:00,21,lags_meteo,xgboost_direct,7.0,9.726007461547852
2023-11-10,2023-11-10 22:00:00,22,lags_meteo,xgboost_direct,8.0,9.787907600402832
2023-11-10,2023-11-10 23:00:00,23,lags_meteo,xgboost_direct,8.0,8.883646011352539
2023-11-10,2023-11-11 00:00:00,24,lags_meteo,xgboost_direct,9.0,9.154358863830566
2023-11-11,2023-11-11 01:00:00,1,lags_meteo,xgboost_direct,6.0,5.86265754699707
2023-11-11,2023-11-11 02:00:00,2,lags_meteo,xgboost_direct,2.0,5.574885845184326
2023-11-11,2023-11-11 03:00:00,3,lags_meteo,xgboost_direct,6.0,5.311495780944824
2023-11-11,2023-11-11 04:00:00,4,lags_meteo,xgboost_direct,1.0,5.2151007652282715
2023-11-11,2023-11-11 05:00:00,5,lags_meteo,xgboost_direct,1.0,5.123231410980225
2023-11-11,2023-11-11 06:00:00,6,lags_meteo,xgboost_direct,1.0,4.4444169998168945
2023-11-11,2023-11-11 07:00:00,7,lags_meteo,xgboost_direct,2.0,5.465215682983398
2023-11-11,2023-11-11 08:00:00,8,lags_meteo,xgboost_direct,3.0,5.6682562828063965
2023-11-11,2023-11-11 09:00:00,9,lags_meteo,xgboost_direct,2.0,5.868688583374023
2023-11-11,2023-11-11 10:00:00,10,lags_meteo,xgboost_direct,2.0,7.002227306365967
2023-11-11,2023-11-11 11:00:00,11,lags_meteo,xgboost_direct,1.0,6.937083721160889
2023-11-11,2023-11-11 12:00:00,12,lags_meteo,xgboost_direct,1.0,6.859798908233643
2023-11-11,2023-11-11 13:00:00,13,lags_meteo,xgboost_direct,5.0,6.367372035980225
2023-11-11,2023-11-11 14:00:00,14,lags_meteo,xgboost_direct,1.0,6.363255500793457
2023-11-11,2023-11-11 15:00:00,15,lags_meteo,xgboost_direct,3.0,6.846838474273682
2023-11-11,2023-11-11 16:00:00,16,lags_meteo,xgboost_direct,8.0,7.17218542098999
2023-11-11,2023-11-11 17:00:00,17,lags_meteo,xgboost_direct,2.0,7.7964186668396
2023-11-11,2023-11-11 18:00:00,18,lags_meteo,xgboost_direct,4.0,7.534202575683594
2023-11-11,2023-11-11 19:00:00,19,lags_meteo,xgboost_direct,2.0,8.14981746673584
2023-11-11,2023-11-11 20:00:00,20,lags_meteo,xgboost_direct,1.0,8.762632369995117
2023-11-11,2023-11-11 21:00:00,21,lags_meteo,xgboost_direct,5.0,8.143566131591797
2023-11-11,2023-11-11 22:00:00,22,lags_meteo,xgboost_direct,7.0,9.02523422241211
2023-11-11,2023-11-11 23:00:00,23,lags_meteo,xgboost_direct,8.0,9.164658546447754
2023-11-11,2023-11-12 00:00:00,24,lags_meteo,xgboost_direct,10.0,8.75893783569336
2023-11-12,2023-11-12 01:00:00,1,lags_meteo,xgboost_direct,6.0,5.549071311950684
2023-11-12,2023-11-12 02:00:00,2,lags_meteo,xgboost_direct,8.0,4.991762638092041
2023-11-12,2023-11-12 03:00:00,3,lags_meteo,xgboost_direct,4.0,5.103808879852295
2023-11-12,2023-11-12 04:00:00,4,lags_meteo,xgboost_direct,5.0,4.835064888000488
2023-11-12,2023-11-12 05:00:00,5,lags_meteo,xgboost_direct,5.0,4.708155155181885
2023-11-12,2023-11-12 06:00:00,6,lags_meteo,xgboost_direct,4.0,4.559278964996338
2023-11-12,2023-11-12 07:00:00,7,lags_meteo,xgboost_direct,5.0,4.447885513305664
2023-11-12,2023-11-12 08:00:00,8,lags_meteo,xgboost_direct,1.0,5.832740306854248
2023-11-12,2023-11-12 09:00:00,9,lags_meteo,xgboost_direct,3.0,5.627287864685059
2023-11-12,2023-11-12 10:00:00,10,lags_meteo,xgboost_direct,5.0,6.798792362213135
2023-11-12,2023-11-12 11:00:00,11,lags_meteo,xgboost_direct,5.0,7.153322219848633
2023-11-12,2023-11-12 12:00:00,12,lags_meteo,xgboost_direct,3.0,6.72007417678833
2023-11-12,2023-11-12 13:00:00,13,lags_meteo,xgboost_direct,1.0,6.503441333770752
2023-11-12,2023-11-12 14:00:00,14,lags_meteo,xgboost_direct,3.0,6.245163440704346
2023-11-12,2023-11-12 15:00:00,15,lags_meteo,xgboost_direct,5.0,6.821592807769775
2023-11-12,2023-11-12 16:00:00,16,lags_meteo,xgboost_direct,4.0,6.749358654022217
2023-11-12,2023-11-12 17:00:00,17,lags_meteo,xgboost_direct,6.0,6.965972423553467
2023-11-12,2023-11-12 18:00:00,18,lags_meteo,xgboost_direct,10.0,7.481460094451904
2023-11-12,2023-11-12 19:00:00,19,lags_meteo,xgboost_direct,5.0,8.152762413024902
2023-11-12,2023-11-12 20:00:00,20,lags_meteo,xgboost_direct,7.0,8.371809959411621
2023-11-12,2023-11-12 21:00:00,21,lags_meteo,xgboost_direct,7.0,8.58523178100586
2023-11-12,2023-11-12 22:00:00,22,lags_meteo,xgboost_direct,4.0,8.878666877746582
2023-11-12,2023-11-12 23:00:00,23,lags_meteo,xgboost_direct,8.0,9.111825942993164
2023-11-12,2023-11-13 00:00:00,24,lags_meteo,xgboost_direct,5.0,9.021865844726562
2023-11-13,2023-11-13 01:00:00,1,lags_meteo,xgboost_direct,2.0,6.142716407775879
2023-11-13,2023-11-13 02:00:00,2,lags_meteo,xgboost_direct,3.0,5.784521102905273
2023-11-13,2023-11-13 03:00:00,3,lags_meteo,xgboost_direct,5.0,5.953547477722168
2023-11-13,2023-11-13 04:00:00,4,lags_meteo,xgboost_direct,4.0,6.902304649353027
2023-11-13,2023-11-13 05:00:00,5,lags_meteo,xgboost_direct,3.0,7.352422714233398
2023-11-13,2023-11-13 06:00:00,6,lags_meteo,xgboost_direct,4.0,7.295481204986572
2023-11-13,2023-11-13 07:00:00,7,lags_meteo,xgboost_direct,3.0,8.412759780883789
2023-11-13,2023-11-13 08:00:00,8,lags_meteo,xgboost_direct,5.0,9.448989868164062
2023-11-13,2023-11-13 09:00:00,9,lags_meteo,xgboost_direct,4.0,9.121658325195312
2023-11-13,2023-11-13 10:00:00,10,lags_meteo,xgboost_direct,5.0,10.636724472045898
2023-11-13,2023-11-13 11:00:00,11,lags_meteo,xgboost_direct,4.0,10.488790512084961
2023-11-13,2023-11-13 12:00:00,12,lags_meteo,xgboost_direct,5.0,10.24624252319336
2023-11-13,2023-11-13 13:00:00,13,lags_meteo,xgboost_direct,6.0,9.68902587890625
2023-11-13,2023-11-13 14:00:00,14,lags_meteo,xgboost_direct,5.0,9.83596420288086
2023-11-13,2023-11-13 15:00:00,15,lags_meteo,xgboost_direct,5.0,10.537137031555176
2023-11-13,2023-11-13 16:00:00,16,lags_meteo,xgboost_direct,2.0,11.307845115661621
2023-11-13,2023-11-13 17:00:00,17,lags_meteo,xgboost_direct,4.0,11.471216201782227
2023-11-13,2023-11-13 18:00:00,18,lags_meteo,xgboost_direct,2.0,11.339123725891113
2023-11-13,2023-11-13 19:00:00,19,lags_meteo,xgboost_direct,8.0,11.379908561706543
2023-11-13,2023-11-13 20:00:00,20,lags_meteo,xgboost_direct,10.0,11.785340309143066
2023-11-13,2023-11-13 21:00:00,21,lags_meteo,xgboost_direct,11.0,11.57605266571045
2023-11-13,2023-11-13 22:00:00,22,lags_meteo,xgboost_direct,10.0,12.18759822845459
2023-11-13,2023-11-13 23:00:00,23,lags_meteo,xgboost_direct,15.0,10.948739051818848
2023-11-13,2023-11-14 00:00:00,24,lags_meteo,xgboost_direct,11.0,10.69543743133545
2023-11-14,2023-11-14 01:00:00,1,lags_meteo,xgboost_direct,11.0,12.45091438293457
2023-11-14,2023-11-14 02:00:00,2,lags_meteo,xgboost_direct,10.0,11.282835006713867
2023-11-14,2023-11-14 03:00:00,3,lags_meteo,xgboost_direct,9.0,11.4433012008667
2023-11-14,2023-11-14 04:00:00,4,lags_meteo,xgboost_direct,6.0,10.213947296142578
2023-11-14,2023-11-14 05:00:00,5,lags_meteo,xgboost_direct,10.0,10.435590744018555
2023-11-14,2023-11-14 06:00:00,6,lags_meteo,xgboost_direct,10.0,10.195947647094727
2023-11-14,2023-11-14 07:00:00,7,lags_meteo,xgboost_direct,7.0,11.265923500061035
2023-11-14,2023-11-14 08:00:00,8,lags_meteo,xgboost_direct,9.0,11.956777572631836
2023-11-14,2023-11-14 09:00:00,9,lags_meteo,xgboost_direct,11.0,14.467447280883789
2023-11-14,2023-11-14 10:00:00,10,lags_meteo,xgboost_direct,15.0,16.83005714416504
2023-11-14,2023-11-14 11:00:00,11,lags_meteo,xgboost_direct,23.0,17.073055267333984
2023-11-14,2023-11-14 12:00:00,12,lags_meteo,xgboost_direct,25.0,16.92397689819336
2023-11-14,2023-11-14 13:00:00,13,lags_meteo,xgboost_direct,14.0,16.598405838012695
2023-11-14,2023-11-14 14:00:00,14,lags_meteo,xgboost_direct,14.0,15.188261985778809
2023-11-14,2023-11-14 15:00:00,15,lags_meteo,xgboost_direct,17.0,14.339265823364258
2023-11-14,2023-11-14 16:00:00,16,lags_meteo,xgboost_direct,6.0,15.407134056091309
2023-11-14,2023-11-14 17:00:00,17,lags_meteo,xgboost_direct,12.0,14.98850154876709
2023-11-14,2023-11-14 18:00:00,18,lags_meteo,xgboost_direct,14.0,14.330836296081543
2023-11-14,2023-11-14 19:00:00,19,lags_meteo,xgboost_direct,13.0,14.178641319274902
2023-11-14,2023-11-14 20:00:00,20,lags_meteo,xgboost_direct,15.0,14.68574333190918
2023-11-14,2023-11-14 21:00:00,21,lags_meteo,xgboost_direct,17.0,14.788061141967773
2023-11-14,2023-11-14 22:00:00,22,lags_meteo,xgboost_direct,21.0,14.65003776550293
2023-11-14,2023-11-14 23:00:00,23,lags_meteo,xgboost_direct,18.0,15.425982475280762
2023-11-14,2023-11-15 00:00:00,24,lags_meteo,xgboost_direct,,15.40887451171875
2023-11-15,2023-11-15 01:00:00,1,lags_meteo,xgboost_direct,19.0,17.3530330657959
2023-11-15,2023-11-15 02:00:00,2,lags_meteo,xgboost_direct,14.0,17.185508728027344
2023-11-15,2023-11-15 03:00:00,3,lags_meteo,xgboost_direct,13.0,15.563720703125
2023-11-15,2023-11-15 04:00:00,4,lags_meteo,xgboost_direct,15.0,14.449540138244629
2023-11-15,2023-11-15 05:00:00,5,lags_meteo,xgboost_direct,19.0,13.876649856567383
2023-11-15,2023-11-15 06:00:00,6,lags_meteo,xgboost_direct,17.0,12.834603309631348
2023-11-15,2023-11-15 07:00:00,7,lags_meteo,xgboost_direct,17.0,13.549174308776855
2023-11-15,2023-11-15 08:00:00,8,lags_meteo,xgboost_direct,18.0,15.832539558410645
2023-11-15,2023-11-15 09:00:00,9,lags_meteo,xgboost_direct,24.0,18.257333755493164
2023-11-15,2023-11-15 10:00:00,10,lags_meteo,xgboost_direct,23.0,20.951082229614258
2023-11-15,2023-11-15 11:00:00,11,lags_meteo,xgboost_direct,25.0,21.458580017089844
2023-11-15,2023-11-15 12:00:00,12,lags_meteo,xgboost_direct,25.0,21.159208297729492
2023-11-15,2023-11-15 13:00:00,13,lags_meteo,xgboost_direct,25.0,19.73767852783203
2023-11-15,2023-11-15 14:00:00,14,lags_meteo,xgboost_direct,24.0,17.271663665771484
2023-11-15,2023-11-15 15:00:00,15,lags_meteo,xgboost_direct,15.0,16.42814826965332
2023-11-15,2023-11-15 16:00:00,16,lags_meteo,xgboost_direct,23.0,13.501482009887695
2023-11-15,2023-11-15 17:00:00,17,lags_meteo,xgboost_direct,33.0,14.197135925292969
2023-11-15,2023-11-15 18:00:00,18,lags_meteo,xgboost_direct,36.0,13.510481834411621
2023-11-15,2023-11-15 19:00:00,19,lags_meteo,xgboost_direct,31.0,14.709867477416992
2023-11-15,2023-11-15 20:00:00,20,lags_meteo,xgboost_direct,28.0,15.905594825744629
2023-11-15,2023-11-15 21:00:00,21,lags_meteo,xgboost_direct,29.0,16.69913673400879
2023-11-15,2023-11-15 22:00:00,22,lags_meteo,xgboost_direct,31.0,18.771825790405273
2023-11-15,2023-11-15 23:00:00,23,lags_meteo,xgboost_direct,28.0,17.231380462646484
2023-11-15,2023-11-16 00:00:00,24,lags_meteo,xgboost_direct,17.0,17.148113250732422
2023-11-16,2023-11-16 01:00:00,1,lags_meteo,xgboost_direct,18.0,26.543012619018555
2023-11-16,2023-11-16 02:00:00,2,lags_meteo,xgboost_direct,11.0,25.12514877319336
2023-11-16,2023-11-16 03:00:00,3,lags_meteo,xgboost_direct,8.0,23.00590705871582
2023-11-16,2023-11-16 04:00:00,4,lags_meteo,xgboost_direct,10.0,23.2301082611084
2023-11-16,2023-11-16 05:00:00,5,lags_meteo,xgboost_direct,10.0,22.10757827758789
2023-11-16,2023-11-16 06:00:00,6,lags_meteo,xgboost_direct,7.0,20.659420013427734
2023-11-16,2023-11-16 07:00:00,7,lags_meteo,xgboost_direct,11.0,21.328893661499023
2023-11-16,2023-11-16 08:00:00,8,lags_meteo,xgboost_direct,11.0,21.349327087402344
2023-11-16,2023-11-16 09:00:00,9,lags_meteo,xgboost_direct,8.0,23.65607261657715
2023-11-16,2023-11-16 10:00:00,10,lags_meteo,xgboost_direct,7.0,28.00275421142578
2023-11-16,2023-11-16 11:00:00,11,lags_meteo,xgboost_direct,19.0,29.180814743041992
2023-11-16,2023-11-16 12:00:00,12,lags_meteo,xgboost_direct,24.0,29.349868774414062
2023-11-16,2023-11-16 13:00:00,13,lags_meteo,xgboost_direct,27.0,29.52496910095215
2023-11-16,2023-11-16 14:00:00,14,lags_meteo,xgboost_direct,25.0,26.556135177612305
2023-11-16,2023-11-16 15:00:00,15,lags_meteo,xgboost_direct,36.0,25.64830207824707
2023-11-16,2023-11-16 16:00:00,16,lags_meteo,xgboost_direct,40.0,25.95539665222168
2023-11-16,2023-11-16 17:00:00,17,lags_meteo,xgboost_direct,34.0,27.271852493286133
2023-11-16,2023-11-16 18:00:00,18,lags_meteo,xgboost_direct,35.0,27.243854522705078
2023-11-16,2023-11-16 19:00:00,19,lags_meteo,xgboost_direct,36.0,27.38129234313965
2023-11-16,2023-11-16 20:00:00,20,lags_meteo,xgboost_direct,29.0,26.892152786254883
2023-11-16,2023-11-16 21:00:00,21,lags_meteo,xgboost_direct,24.0,27.995386123657227
2023-11-16,2023-11-16 22:00:00,22,lags_meteo,xgboost_direct,19.0,25.26906967163086
2023-11-16,2023-11-16 23:00:00,23,lags_meteo,xgboost_direct,12.0,25.82134437561035
2023-11-16,2023-11-17 00:00:00,24,lags_meteo,xgboost_direct,13.0,23.48015022277832
2023-11-17,2023-11-17 01:00:00,1,lags_meteo,xgboost_direct,16.0,14.083900451660156
2023-11-17,2023-11-17 02:00:00,2,lags_meteo,xgboost_direct,13.0,14.500031471252441
2023-11-17,2023-11-17 03:00:00,3,lags_meteo,xgboost_direct,11.0,15.779057502746582
2023-11-17,2023-11-17 04:00:00,4,lags_meteo,xgboost_direct,9.0,15.797992706298828
2023-11-17,2023-11-17 05:00:00,5,lags_meteo,xgboost_direct,8.0,15.069704055786133
2023-11-17,2023-11-17 06:00:00,6,lags_meteo,xgboost_direct,10.0,13.534945487976074
2023-11-17,2023-11-17 07:00:00,7,lags_meteo,xgboost_direct,9.0,14.838388442993164
2023-11-17,2023-11-17 08:00:00,8,lags_meteo,xgboost_direct,6.0,16.018314361572266
2023-11-17,2023-11-17 09:00:00,9,lags_meteo,xgboost_direct,6.0,18.610862731933594
2023-11-17,2023-11-17 10:00:00,10,lags_meteo,xgboost_direct,6.0,22.963314056396484
2023-11-17,2023-11-17 11:00:00,11,lags_meteo,xgboost_direct,14.0,23.630584716796875
2023-11-17,2023-11-17 12:00:00,12,lags_meteo,xgboost_direct,27.0,24.288368225097656
2023-11-17,2023-11-17 13:00:00,13,lags_meteo,xgboost_direct,26.0,23.100980758666992
2023-11-17,2023-11-17 14:00:00,14,lags_meteo,xgboost_direct,33.0,22.347747802734375
2023-11-17,2023-11-17 15:00:00,15,lags_meteo,xgboost_direct,33.0,21.36664581298828
2023-11-17,2023-11-17 16:00:00,16,lags_meteo,xgboost_direct,33.0,21.51320457458496
2023-11-17,2023-11-17 17:00:00,17,lags_meteo,xgboost_direct,33.0,20.86520767211914
2023-11-17,2023-11-17 18:00:00,18,lags_meteo,xgboost_direct,26.0,19.906709671020508
2023-11-17,2023-11-17 19:00:00,19,lags_meteo,xgboost_direct,17.0,20.96687889099121
2023-11-17,2023-11-17 20:00:00,20,lags_meteo,xgboost_direct,17.0,18.662660598754883
2023-11-17,2023-11-17 21:00:00,21,lags_meteo,xgboost_direct,18.0,20.259645462036133
2023-11-17,2023-11-17 22:00:00,22,lags_meteo,xgboost_direct,22.0,19.868377685546875
2023-11-17,2023-11-17 23:00:00,23,lags_meteo,xgboost_direct,14.0,18.51985740661621
2023-11-17,2023-11-18 00:00:00,24,lags_meteo,xgboost_direct,16.0,14.365548133850098
2023-11-18,2023-11-18 01:00:00,1,lags_meteo,xgboost_direct,15.0,13.968853950500488
2023-11-18,2023-11-18 02:00:00,2,lags_meteo,xgboost_direct,15.0,13.786023139953613
2023-11-18,2023-11-18 03:00:00,3,lags_meteo,xgboost_direct,13.0,14.426956176757812
2023-11-18,2023-11-18 04:00:00,4,lags_meteo,xgboost_direct,10.0,13.253580093383789
2023-11-18,2023-11-18 05:00:00,5,lags_meteo,xgboost_direct,10.0,13.341922760009766
2023-11-18,2023-11-18 06:00:00,6,lags_meteo,xgboost_direct,8.0,13.95703411102295
2023-11-18,2023-11-18 07:00:00,7,lags_meteo,xgboost_direct,9.0,14.363656997680664
2023-11-18,2023-11-18 08:00:00,8,lags_meteo,xgboost_direct,11.0,14.349706649780273
2023-11-18,2023-11-18 09:00:00,9,lags_meteo,xgboost_direct,13.0,16.238798141479492
2023-11-18,2023-11-18 10:00:00,10,lags_meteo,xgboost_direct,13.0,20.603153228759766
2023-11-18,2023-11-18 11:00:00,11,lags_meteo,xgboost_direct,15.0,22.391357421875
2023-11-18,2023-11-18 12:00:00,12,lags_meteo,xgboost_direct,21.0,22.438501358032227
2023-11-18,2023-11-18 13:00:00,13,lags_meteo,xgboost_direct,17.0,22.60487937927246
2023-11-18,2023-11-18 14:00:00,14,lags_meteo,xgboost_direct,12.0,25.428531646728516
2023-11-18,2023-11-18 15:00:00,15,lags_meteo,xgboost_direct,14.0,21.254741668701172
2023-11-18,2023-11-18 16:00:00,16,lags_meteo,xgboost_direct,13.0,20.85535430908203
2023-11-18,2023-11-18 17:00:00,17,lags_meteo,xgboost_direct,13.0,19.738309860229492
2023-11-18,2023-11-18 18:00:00,18,lags_meteo,xgboost_direct,7.0,20.275802612304688
2023-11-18,2023-11-18 19:00:00,19,lags_meteo,xgboost_direct,10.0,20.06294059753418
2023-11-18,2023-11-18 20:00:00,20,lags_meteo,xgboost_direct,14.0,19.80228614807129
2023-11-18,2023-11-18 21:00:00,21,lags_meteo,xgboost_direct,17.0,19.70958709716797
2023-11-18,2023-11-18 22:00:00,22,lags_meteo,xgboost_direct,18.0,18.339313507080078
2023-11-18,2023-11-18 23:00:00,23,lags_meteo,xgboost_direct,19.0,17.78110122680664
2023-11-18,2023-11-19 00:00:00,24,lags_meteo,xgboost_direct,18.0,16.790433883666992
2023-11-19,2023-11-19 01:00:00,1,lags_meteo,xgboost_direct,16.0,16.58919906616211
2023-11-19,2023-11-19 02:00:00,2,lags_meteo,xgboost_direct,16.0,15.777082443237305
2023-11-19,2023-11-19 03:00:00,3,lags_meteo,xgboost_direct,15.0,13.9865083694458
2023-11-19,2023-11-19 04:00:00,4,lags_meteo,xgboost_direct,13.0,12.871322631835938
2023-11-19,2023-11-19 05:00:00,5,lags_meteo,xgboost_direct,14.0,12.225067138671875
2023-11-19,2023-11-19 06:00:00,6,lags_meteo,xgboost_direct,11.0,11.821006774902344
2023-11-19,2023-11-19 07:00:00,7,lags_meteo,xgboost_direct,11.0,11.671929359436035
2023-11-19,2023-11-19 08:00:00,8,lags_meteo,xgboost_direct,11.0,12.420822143554688
2023-11-19,2023-11-19 09:00:00,9,lags_meteo,xgboost_direct,11.0,15.386574745178223
2023-11-19,2023-11-19 10:00:00,10,lags_meteo,xgboost_direct,12.0,17.495893478393555
2023-11-19,2023-11-19 11:00:00,11,lags_meteo,xgboost_direct,13.0,20.63115882873535
2023-11-19,2023-11-19 12:00:00,12,lags_meteo,xgboost_direct,16.0,20.390522003173828
2023-11-19,2023-11-19 13:00:00,13,lags_meteo,xgboost_direct,18.0,20.187889099121094
2023-11-19,2023-11-19 14:00:00,14,lags_meteo,xgboost_direct,14.0,19.405298233032227
2023-11-19,2023-11-19 15:00:00,15,lags_meteo,xgboost_direct,16.0,18.1697998046875
2023-11-19,2023-11-19 16:00:00,16,lags_meteo,xgboost_direct,15.0,15.806915283203125
2023-11-19,2023-11-19 17:00:00,17,lags_meteo,xgboost_direct,13.0,15.871808052062988
2023-11-19,2023-11-19 18:00:00,18,lags_meteo,xgboost_direct,8.0,15.9893217086792
2023-11-19,2023-11-19 19:00:00,19,lags_meteo,xgboost_direct,12.0,16.08334732055664
2023-11-19,2023-11-19 20:00:00,20,lags_meteo,xgboost_direct,15.0,17.49556541442871
2023-11-19,2023-11-19 21:00:00,21,lags_meteo,xgboost_direct,17.0,18.187713623046875
2023-11-19,2023-11-19 22:00:00,22,lags_meteo,xgboost_direct,17.0,18.83965492248535
2023-11-19,2023-11-19 23:00:00,23,lags_meteo,xgboost_direct,21.0,17.882007598876953
2023-11-19,2023-11-20 00:00:00,24,lags_meteo,xgboost_direct,20.0,17.536827087402344
2023-11-20,2023-11-20 01:00:00,1,lags_meteo,xgboost_direct,19.0,18.205150604248047
2023-11-20,2023-11-20 02:00:00,2,lags_meteo,xgboost_direct,17.0,16.3739013671875
2023-11-20,2023-11-20 03:00:00,3,lags_meteo,xgboost_direct,16.0,15.227161407470703
2023-11-20,2023-11-20 04:00:00,4,lags_meteo,xgboost_direct,15.0,13.810482025146484
2023-11-20,2023-11-20 05:00:00,5,lags_meteo,xgboost_direct,16.0,13.607025146484375
2023-11-20,2023-11-20 06:00:00,6,lags_meteo,xgboost_direct,13.0,12.560412406921387
2023-11-20,2023-11-20 07:00:00,7,lags_meteo,xgboost_direct,12.0,13.006773948669434
2023-11-20,2023-11-20 08:00:00,8,lags_meteo,xgboost_direct,12.0,13.789713859558105
2023-11-20,2023-11-20 09:00:00,9,lags_meteo,xgboost_direct,12.0,17.272523880004883
2023-11-20,2023-11-20 10:00:00,10,lags_meteo,xgboost_direct,20.0,20.431867599487305
2023-11-20,2023-11-20 11:00:00,11,lags_meteo,xgboost_direct,38.0,21.2786922454834
2023-11-20,2023-11-20 12:00:00,12,lags_meteo,xgboost_direct,31.0,21.990787506103516
2023-11-20,2023-11-20 13:00:00,13,lags_meteo,xgboost_direct,37.0,20.250503540039062
2023-11-20,2023-11-20 14:00:00,14,lags_meteo,xgboost_direct,26.0,19.336828231811523
2023-11-20,2023-11-20 15:00:00,15,lags_meteo,xgboost_direct,14.0,17.22692108154297
2023-11-20,2023-11-20 16:00:00,16,lags_meteo,xgboost_direct,9.0,17.114273071289062
2023-11-20,2023-11-20 17:00:00,17,lags_meteo,xgboost_direct,14.0,16.47315216064453
2023-11-20,2023-11-20 18:00:00,18,lags_meteo,xgboost_direct,13.0,16.64874267578125
2023-11-20,2023-11-20 19:00:00,19,lags_meteo,xgboost_direct,5.0,16.53862953186035
2023-11-20,2023-11-20 20:00:00,20,lags_meteo,xgboost_direct,7.0,18.500961303710938
2023-11-20,2023-11-20 21:00:00,21,lags_meteo,xgboost_direct,5.0,18.656204223632812
2023-11-20,2023-11-20 22:00:00,22,lags_meteo,xgboost_direct,5.0,18.663795471191406
2023-11-20,2023-11-20 23:00:00,23,lags_meteo,xgboost_direct,11.0,17.799942016601562
2023-11-20,2023-11-21 00:00:00,24,lags_meteo,xgboost_direct,8.0,17.727495193481445
2023-11-21,2023-11-21 01:00:00,1,lags_meteo,xgboost_direct,5.0,12.323713302612305
2023-11-21,2023-11-21 02:00:00,2,lags_meteo,xgboost_direct,2.0,13.732637405395508
2023-11-21,2023-11-21 03:00:00,3,lags_meteo,xgboost_direct,3.0,12.206099510192871
2023-11-21,2023-11-21 04:00:00,4,lags_meteo,xgboost_direct,3.0,10.991777420043945
2023-11-21,2023-11-21 05:00:00,5,lags_meteo,xgboost_direct,5.0,10.482686042785645
2023-11-21,2023-11-21 06:00:00,6,lags_meteo,xgboost_direct,6.0,9.534072875976562
2023-11-21,2023-11-21 07:00:00,7,lags_meteo,xgboost_direct,4.0,10.377866744995117
2023-11-21,2023-11-21 08:00:00,8,lags_meteo,xgboost_direct,1.0,9.688167572021484
2023-11-21,2023-11-21 09:00:00,9,lags_meteo,xgboost_direct,5.0,12.382760047912598
2023-11-21,2023-11-21 10:00:00,10,lags_meteo,xgboost_direct,11.0,17.39703369140625
2023-11-21,2023-11-21 11:00:00,11,lags_meteo,xgboost_direct,10.0,18.830413818359375
2023-11-21,2023-11-21 12:00:00,12,lags_meteo,xgboost_direct,8.0,19.196826934814453
2023-11-21,2023-11-21 13:00:00,13,lags_meteo,xgboost_direct,4.0,17.643569946289062
2023-11-21,2023-11-21 14:00:00,14,lags_meteo,xgboost_direct,3.0,16.923986434936523
2023-11-21,2023-11-21 15:00:00,15,lags_meteo,xgboost_direct,5.0,15.06139087677002
2023-11-21,2023-11-21 16:00:00,16,lags_meteo,xgboost_direct,2.0,15.071808815002441
2023-11-21,2023-11-21 17:00:00,17,lags_meteo,xgboost_direct,1.0,14.030945777893066
2023-11-21,2023-11-21 18:00:00,18,lags_meteo,xgboost_direct,3.0,14.57328987121582
2023-11-21,2023-11-21 19:00:00,19,lags_meteo,xgboost_direct,1.0,14.1415376663208
2023-11-21,2023-11-21 20:00:00,20,lags_meteo,xgboost_direct,2.0,14.043394088745117
2023-11-21,2023-11-21 21:00:00,21,lags_meteo,xgboost_direct,2.0,13.460367202758789
2023-11-21,2023-11-21 22:00:00,22,lags_meteo,xgboost_direct,4.0,13.736590385437012
2023-11-21,2023-11-21 23:00:00,23,lags_meteo,xgboost_direct,2.0,13.452954292297363
2023-11-21,2023-11-22 00:00:00,24,lags_meteo,xgboost_direct,1.0,14.318791389465332
2023-11-22,2023-11-22 01:00:00,1,lags_meteo,xgboost_direct,4.0,4.067637920379639
2023-11-22,2023-11-22 02:00:00,2,lags_meteo,xgboost_direct,4.0,4.146385669708252
2023-11-22,2023-11-22 03:00:00,3,lags_meteo,xgboost_direct,2.0,4.356778144836426
2023-11-22,2023-11-22 04:00:00,4,lags_meteo,xgboost_direct,1.0,4.460607051849365
2023-11-22,2023-11-22 05:00:00,5,lags_meteo,xgboost_direct,1.0,5.221432685852051
2023-11-22,2023-11-22 06:00:00,6,lags_meteo,xgboost_direct,3.0,5.843824863433838
2023-11-22,2023-11-22 07:00:00,7,lags_meteo,xgboost_direct,5.0,6.56597900390625
2023-11-22,2023-11-22 08:00:00,8,lags_meteo,xgboost_direct,4.0,6.609437942504883
2023-11-22,2023-11-22 09:00:00,9,lags_meteo,xgboost_direct,4.0,8.411185264587402
2023-11-22,2023-11-22 10:00:00,10,lags_meteo,xgboost_direct,3.0,11.835434913635254
2023-11-22,2023-11-22 11:00:00,11,lags_meteo,xgboost_direct,,12.734650611877441
2023-11-22,2023-11-22 12:00:00,12,lags_meteo,xgboost_direct,,12.490727424621582
2023-11-22,2023-11-22 13:00:00,13,lags_meteo,xgboost_direct,,12.893654823303223
2023-11-22,2023-11-22 14:00:00,14,lags_meteo,xgboost_direct,,12.760936737060547
2023-11-22,2023-11-22 15:00:00,15,lags_meteo,xgboost_direct,,11.582074165344238
2023-11-22,2023-11-22 16:00:00,16,lags_meteo,xgboost_direct,,11.265007019042969
2023-11-22,2023-11-22 17:00:00,17,lags_meteo,xgboost_direct,,10.949807167053223
2023-11-22,2023-11-22 18:00:00,18,lags_meteo,xgboost_direct,,11.68446159362793
2023-11-22,2023-11-22 19:00:00,19,lags_meteo,xgboost_direct,,11.703109741210938
2023-11-22,2023-11-22 20:00:00,20,lags_meteo,xgboost_direct,,12.117256164550781
2023-11-22,2023-11-22 21:00:00,21,lags_meteo,xgboost_direct,,12.293465614318848
2023-11-22,2023-11-22 22:00:00,22,lags_meteo,xgboost_direct,,13.48829460144043
2023-11-22,2023-11-22 23:00:00,23,lags_meteo,xgboost_direct,,13.078531265258789
2023-11-22,2023-11-25 00:00:00,24,lags_meteo,xgboost_direct,,12.989304542541504
2023-11-25,2023-11-25 01:00:00,1,lags_meteo,xgboost_direct,,4.486820697784424
2023-11-25,2023-11-25 02:00:00,2,lags_meteo,xgboost_direct,,4.445560455322266
2023-11-25,2023-11-25 03:00:00,3,lags_meteo,xgboost_direct,,4.530669212341309
2023-11-25,2023-11-25 04:00:00,4,lags_meteo,xgboost_direct,,4.488709449768066
2023-11-25,2023-11-25 05:00:00,5,lags_meteo,xgboost_direct,,4.918491840362549
2023-11-25,2023-11-25 06:00:00,6,lags_meteo,xgboost_direct,,4.822271347045898
2023-11-25,2023-11-25 07:00:00,7,lags_meteo,xgboost_direct,,5.311896800994873
2023-11-25,2023-11-25 08:00:00,8,lags_meteo,xgboost_direct,,6.213768482208252
2023-11-25,2023-11-25 09:00:00,9,lags_meteo,xgboost_direct,,6.782654762268066
2023-11-25,2023-11-25 10:00:00,10,lags_meteo,xgboost_direct,,8.496648788452148
2023-11-25,2023-11-25 11:00:00,11,lags_meteo,xgboost_direct,,8.505931854248047
2023-11-25,2023-11-25 12:00:00,12,lags_meteo,xgboost_direct,,8.476097106933594
2023-11-25,2023-11-25 13:00:00,13,lags_meteo,xgboost_direct,,7.812494277954102
2023-11-25,2023-11-25 14:00:00,14,lags_meteo,xgboost_direct,,8.057406425476074
2023-11-25,2023-11-25 15:00:00,15,lags_meteo,xgboost_direct,,8.031432151794434
2023-11-25,2023-11-25 16:00:00,16,lags_meteo,xgboost_direct,29.0,8.16907787322998
2023-11-25,2023-11-25 17:00:00,17,lags_meteo,xgboost_direct,23.0,7.673007488250732
2023-11-25,2023-11-25 18:00:00,18,lags_meteo,xgboost_direct,24.0,8.010807991027832
2023-11-25,2023-11-25 19:00:00,19,lags_meteo,xgboost_direct,25.0,8.343684196472168
2023-11-25,2023-11-25 20:00:00,20,lags_meteo,xgboost_direct,29.0,8.80342960357666
2023-11-25,2023-11-25 21:00:00,21,lags_meteo,xgboost_direct,30.0,10.179553985595703
2023-11-25,2023-11-25 22:00:00,22,lags_meteo,xgboost_direct,36.0,9.592458724975586
2023-11-25,2023-11-25 23:00:00,23,lags_meteo,xgboost_direct,35.0,8.55517864227295
2023-11-25,2023-11-26 00:00:00,24,lags_meteo,xgboost_direct,37.0,7.5113701820373535
2023-11-26,2023-11-26 01:00:00,1,lags_meteo,xgboost_direct,32.0,26.292856216430664
2023-11-26,2023-11-26 02:00:00,2,lags_meteo,xgboost_direct,32.0,23.238039016723633
2023-11-26,2023-11-26 03:00:00,3,lags_meteo,xgboost_direct,31.0,22.191646575927734
2023-11-26,2023-11-26 04:00:00,4,lags_meteo,xgboost_direct,30.0,20.60911750793457
2023-11-26,2023-11-26 05:00:00,5,lags_meteo,xgboost_direct,26.0,19.779996871948242
2023-11-26,2023-11-26 06:00:00,6,lags_meteo,xgboost_direct,23.0,21.419445037841797
2023-11-26,2023-11-26 07:00:00,7,lags_meteo,xgboost_direct,19.0,18.231868743896484
2023-11-26,2023-11-26 08:00:00,8,lags_meteo,xgboost_direct,17.0,15.987505912780762
2023-11-26,2023-11-26 09:00:00,9,lags_meteo,xgboost_direct,16.0,15.919159889221191
2023-11-26,2023-11-26 10:00:00,10,lags_meteo,xgboost_direct,16.0,22.694658279418945
2023-11-26,2023-11-26 11:00:00,11,lags_meteo,xgboost_direct,22.0,22.03990936279297
2023-11-26,2023-11-26 12:00:00,12,lags_meteo,xgboost_direct,27.0,25.3435001373291
2023-11-26,2023-11-26 13:00:00,13,lags_meteo,xgboost_direct,34.0,23.872438430786133
2023-11-26,2023-11-26 14:00:00,14,lags_meteo,xgboost_direct,30.0,23.06179428100586
2023-11-26,2023-11-26 15:00:00,15,lags_meteo,xgboost_direct,34.0,29.310407638549805
2023-11-26,2023-11-26 16:00:00,16,lags_meteo,xgboost_direct,33.0,28.233718872070312
2023-11-26,2023-11-26 17:00:00,17,lags_meteo,xgboost_direct,31.0,24.231887817382812
2023-11-26,2023-11-26 18:00:00,18,lags_meteo,xgboost_direct,31.0,26.556270599365234
2023-11-26,2023-11-26 19:00:00,19,lags_meteo,xgboost_direct,38.0,24.80682945251465
2023-11-26,2023-11-26 20:00:00,20,lags_meteo,xgboost_direct,40.0,25.303274154663086
2023-11-26,2023-11-26 21:00:00,21,lags_meteo,xgboost_direct,38.0,24.339500427246094
2023-11-26,2023-11-26 22:00:00,22,lags_meteo,xgboost_direct,35.0,25.765878677368164
2023-11-26,2023-11-26 23:00:00,23,lags_meteo,xgboost_direct,34.0,26.374134063720703
2023-11-26,2023-11-27 00:00:00,24,lags_meteo,xgboost_direct,34.0,22.009578704833984
2023-11-27,2023-11-27 01:00:00,1,lags_meteo,xgboost_direct,29.0,31.991086959838867
2023-11-27,2023-11-27 02:00:00,2,lags_meteo,xgboost_direct,30.0,31.386215209960938
2023-11-27,2023-11-27 03:00:00,3,lags_meteo,xgboost_direct,27.0,28.676061630249023
2023-11-27,2023-11-27 04:00:00,4,lags_meteo,xgboost_direct,24.0,26.530126571655273
2023-11-27,2023-11-27 05:00:00,5,lags_meteo,xgboost_direct,24.0,24.663869857788086
2023-11-27,2023-11-27 06:00:00,6,lags_meteo,xgboost_direct,22.0,23.10819435119629
2023-11-27,2023-11-27 07:00:00,7,lags_meteo,xgboost_direct,20.0,21.937667846679688
2023-11-27,2023-11-27 08:00:00,8,lags_meteo,xgboost_direct,20.0,21.79001235961914
2023-11-27,2023-11-27 09:00:00,9,lags_meteo,xgboost_direct,22.0,23.881519317626953
2023-11-27,2023-11-27 10:00:00,10,lags_meteo,xgboost_direct,32.0,28.586103439331055
2023-11-27,2023-11-27 11:00:00,11,lags_meteo,xgboost_direct,49.0,31.93709373474121
2023-11-27,2023-11-27 12:00:00,12,lags_meteo,xgboost_direct,24.0,32.98923873901367
2023-11-27,2023-11-27 13:00:00,13,lags_meteo,xgboost_direct,17.0,31.69207763671875
2023-11-27,2023-11-27 14:00:00,14,lags_meteo,xgboost_direct,24.0,31.35236358642578
2023-11-27,2023-11-27 15:00:00,15,lags_meteo,xgboost_direct,18.0,28.753002166748047
2023-11-27,2023-11-27 16:00:00,16,lags_meteo,xgboost_direct,17.0,27.46794891357422
2023-11-27,2023-11-27 17:00:00,17,lags_meteo,xgboost_direct,15.0,30.528650283813477
2023-11-27,2023-11-27 18:00:00,18,lags_meteo,xgboost_direct,12.0,31.68886375427246
2023-11-27,2023-11-27 19:00:00,19,lags_meteo,xgboost_direct,14.0,32.869258880615234
2023-11-27,2023-11-27 20:00:00,20,lags_meteo,xgboost_direct,14.0,31.332626342773438
2023-11-27,2023-11-27 21:00:00,21,lags_meteo,xgboost_direct,17.0,31.993932723999023
2023-11-27,2023-11-27 22:00:00,22,lags_meteo,xgboost_direct,20.0,31.650400161743164
2023-11-27,2023-11-27 23:00:00,23,lags_meteo,xgboost_direct,15.0,30.936126708984375
2023-11-27,2023-11-28 00:00:00,24,lags_meteo,xgboost_direct,12.0,28.97327423095703
2023-11-28,2023-11-28 01:00:00,1,lags_meteo,xgboost_direct,11.0,14.4467191696167
2023-11-28,2023-11-28 02:00:00,2,lags_meteo,xgboost_direct,6.0,13.140336990356445
2023-11-28,2023-11-28 03:00:00,3,lags_meteo,xgboost_direct,9.0,11.989296913146973
2023-11-28,2023-11-28 04:00:00,4,lags_meteo,xgboost_direct,10.0,11.719568252563477
2023-11-28,2023-11-28 05:00:00,5,lags_meteo,xgboost_direct,10.0,11.368350982666016
2023-11-28,2023-11-28 06:00:00,6,lags_meteo,xgboost_direct,8.0,10.75339126586914
2023-11-28,2023-11-28 07:00:00,7,lags_meteo,xgboost_direct,9.0,12.263714790344238
2023-11-28,2023-11-28 08:00:00,8,lags_meteo,xgboost_direct,9.0,14.065641403198242
2023-11-28,2023-11-28 09:00:00,9,lags_meteo,xgboost_direct,7.0,15.130882263183594
2023-11-28,2023-11-28 10:00:00,10,lags_meteo,xgboost_direct,5.0,18.6148738861084
2023-11-28,2023-11-28 11:00:00,11,lags_meteo,xgboost_direct,5.0,19.4276065826416
2023-11-28,2023-11-28 12:00:00,12,lags_meteo,xgboost_direct,7.0,18.743276596069336
2023-11-28,2023-11-28 13:00:00,13,lags_meteo,xgboost_direct,10.0,20.000640869140625
2023-11-28,2023-11-28 14:00:00,14,lags_meteo,xgboost_direct,3.0,18.494701385498047
2023-11-28,2023-11-28 15:00:00,15,lags_meteo,xgboost_direct,6.0,16.979764938354492
2023-11-28,2023-11-28 16:00:00,16,lags_meteo,xgboost_direct,6.0,16.375869750976562
2023-11-28,2023-11-28 17:00:00,17,lags_meteo,xgboost_direct,4.0,15.079253196716309
2023-11-28,2023-11-28 18:00:00,18,lags_meteo,xgboost_direct,4.0,14.54223918914795
2023-11-28,2023-11-28 19:00:00,19,lags_meteo,xgboost_direct,7.0,15.89313793182373
2023-11-28,2023-11-28 20:00:00,20,lags_meteo,xgboost_direct,5.0,16.804271697998047
2023-11-28,2023-11-28 21:00:00,21,lags_meteo,xgboost_direct,5.0,18.43120002746582
2023-11-28,2023-11-28 22:00:00,22,lags_meteo,xgboost_direct,4.0,19.143569946289062
2023-11-28,2023-11-28 23:00:00,23,lags_meteo,xgboost_direct,5.0,18.031028747558594
2023-11-28,2023-11-29 00:00:00,24,lags_meteo,xgboost_direct,4.0,17.50830841064453
2023-11-29,2023-11-29 01:00:00,1,lags_meteo,xgboost_direct,5.0,4.453872203826904
2023-11-29,2023-11-29 02:00:00,2,lags_meteo,xgboost_direct,5.0,4.147674560546875
2023-11-29,2023-11-29 03:00:00,3,lags_meteo,xgboost_direct,1.0,4.169294834136963
2023-11-29,2023-11-29 04:00:00,4,lags_meteo,xgboost_direct,1.0,4.464179039001465
2023-11-29,2023-11-29 05:00:00,5,lags_meteo,xgboost_direct,1.0,4.560395240783691
2023-11-29,2023-11-29 06:00:00,6,lags_meteo,xgboost_direct,1.0,4.84859037399292
2023-11-29,2023-11-29 07:00:00,7,lags_meteo,xgboost_direct,2.0,5.055737495422363
2023-11-29,2023-11-29 08:00:00,8,lags_meteo,xgboost_direct,3.0,5.07025146484375
2023-11-29,2023-11-29 09:00:00,9,lags_meteo,xgboost_direct,4.0,6.380376815795898
2023-11-29,2023-11-29 10:00:00,10,lags_meteo,xgboost_direct,3.0,7.662495136260986
2023-11-29,2023-11-29 11:00:00,11,lags_meteo,xgboost_direct,2.0,7.657429218292236
2023-11-29,2023-11-29 12:00:00,12,lags_meteo,xgboost_direct,1.0,7.783390522003174
2023-11-29,2023-11-29 13:00:00,13,lags_meteo,xgboost_direct,4.0,7.6190314292907715
2023-11-29,2023-11-29 14:00:00,14,lags_meteo,xgboost_direct,2.0,7.333800792694092
2023-11-29,2023-11-29 15:00:00,15,lags_meteo,xgboost_direct,1.0,7.204651355743408
2023-11-29,2023-11-29 16:00:00,16,lags_meteo,xgboost_direct,1.0,7.128083229064941
2023-11-29,2023-11-29 17:00:00,17,lags_meteo,xgboost_direct,2.0,7.087220668792725
2023-11-29,2023-11-29 18:00:00,18,lags_meteo,xgboost_direct,2.0,7.074346542358398
2023-11-29,2023-11-29 19:00:00,19,lags_meteo,xgboost_direct,2.0,7.2099809646606445
2023-11-29,2023-11-29 20:00:00,20,lags_meteo,xgboost_direct,3.0,7.90841007232666
2023-11-29,2023-11-29 21:00:00,21,lags_meteo,xgboost_direct,6.0,8.679049491882324
2023-11-29,2023-11-29 22:00:00,22,lags_meteo,xgboost_direct,4.0,8.660943031311035
2023-11-29,2023-11-29 23:00:00,23,lags_meteo,xgboost_direct,4.0,9.753385543823242
2023-11-29,2023-11-30 00:00:00,24,lags_meteo,xgboost_direct,6.0,9.857200622558594
2023-11-30,2023-11-30 01:00:00,1,lags_meteo,xgboost_direct,4.0,3.8326876163482666
2023-11-30,2023-11-30 02:00:00,2,lags_meteo,xgboost_direct,2.0,3.5621697902679443
2023-11-30,2023-11-30 03:00:00,3,lags_meteo,xgboost_direct,1.0,3.4895641803741455
2023-11-30,2023-11-30 04:00:00,4,lags_meteo,xgboost_direct,1.0,3.7168033123016357
2023-11-30,2023-11-30 05:00:00,5,lags_meteo,xgboost_direct,1.0,3.8615598678588867
2023-11-30,2023-11-30 06:00:00,6,lags_meteo,xgboost_direct,2.0,3.6195812225341797
2023-11-30,2023-11-30 07:00:00,7,lags_meteo,xgboost_direct,2.0,3.470515489578247
2023-11-30,2023-11-30 08:00:00,8,lags_meteo,xgboost_direct,1.0,4.547303676605225
2023-11-30,2023-11-30 09:00:00,9,lags_meteo,xgboost_direct,3.0,4.557885646820068
2023-11-30,2023-11-30 10:00:00,10,lags_meteo,xgboost_direct,8.0,5.516348361968994
2023-11-30,2023-11-30 11:00:00,11,lags_meteo,xgboost_direct,3.0,5.41741943359375
2023-11-30,2023-11-30 12:00:00,12,lags_meteo,xgboost_direct,1.0,5.234985828399658
2023-11-30,2023-11-30 13:00:00,13,lags_meteo,xgboost_direct,2.0,4.937060356140137
2023-11-30,2023-11-30 14:00:00,14,lags_meteo,xgboost_direct,5.0,5.109535217285156
2023-11-30,2023-11-30 15:00:00,15,lags_meteo,xgboost_direct,6.0,4.208033561706543
2023-11-30,2023-11-30 16:00:00,16,lags_meteo,xgboost_direct,4.0,4.562035083770752
2023-11-30,2023-11-30 17:00:00,17,lags_meteo,xgboost_direct,6.0,5.286296367645264
2023-11-30,2023-11-30 18:00:00,18,lags_meteo,xgboost_direct,3.0,5.417313575744629
2023-11-30,2023-11-30 19:00:00,19,lags_meteo,xgboost_direct,2.0,5.430658340454102
2023-11-30,2023-11-30 20:00:00,20,lags_meteo,xgboost_direct,2.0,5.592808246612549
2023-11-30,2023-11-30 21:00:00,21,lags_meteo,xgboost_direct,1.0,5.068305492401123
2023-11-30,2023-11-30 22:00:00,22,lags_meteo,xgboost_direct,3.0,4.789126396179199
2023-11-30,2023-11-30 23:00:00,23,lags_meteo,xgboost_direct,2.0,5.478432655334473
2023-11-30,2023-12-01 00:00:00,24,lags_meteo,xgboost_direct,3.0,4.5152435302734375
2023-12-01,2023-12-01 01:00:00,1,lags_meteo,xgboost_direct,2.0,2.010490655899048
2023-12-01,2023-12-01 02:00:00,2,lags_meteo,xgboost_direct,3.0,2.2301759719848633
2023-12-01,2023-12-01 03:00:00,3,lags_meteo,xgboost_direct,3.0,1.6289877891540527
2023-12-01,2023-12-01 04:00:00,4,lags_meteo,xgboost_direct,2.0,2.40251088142395
2023-12-01,2023-12-01 05:00:00,5,lags_meteo,xgboost_direct,1.0,2.2538721561431885
2023-12-01,2023-12-01 06:00:00,6,lags_meteo,xgboost_direct,1.0,2.902974843978882
2023-12-01,2023-12-01 07:00:00,7,lags_meteo,xgboost_direct,1.0,2.894263505935669
2023-12-01,2023-12-01 08:00:00,8,lags_meteo,xgboost_direct,4.0,3.3087143898010254
2023-12-01,2023-12-01 09:00:00,9,lags_meteo,xgboost_direct,5.0,3.6106574535369873
2023-12-01,2023-12-01 10:00:00,10,lags_meteo,xgboost_direct,1.0,4.622527599334717
2023-12-01,2023-12-01 11:00:00,11,lags_meteo,xgboost_direct,1.0,4.451396465301514
2023-12-01,2023-12-01 12:00:00,12,lags_meteo,xgboost_direct,1.0,3.797079563140869
2023-12-01,2023-12-01 13:00:00,13,lags_meteo,xgboost_direct,2.0,3.6333370208740234
2023-12-01,2023-12-01 14:00:00,14,lags_meteo,xgboost_direct,1.0,2.4239251613616943
2023-12-01,2023-12-01 15:00:00,15,lags_meteo,xgboost_direct,1.0,2.9087843894958496
2023-12-01,2023-12-01 16:00:00,16,lags_meteo,xgboost_direct,1.0,2.785386562347412
2023-12-01,2023-12-01 17:00:00,17,lags_meteo,xgboost_direct,3.0,2.4473013877868652
2023-12-01,2023-12-01 18:00:00,18,lags_meteo,xgboost_direct,1.0,2.6052465438842773
2023-12-01,2023-12-01 19:00:00,19,lags_meteo,xgboost_direct,1.0,2.9177708625793457
2023-12-01,2023-12-01 20:00:00,20,lags_meteo,xgboost_direct,2.0,2.415187358856201
2023-12-01,2023-12-01 21:00:00,21,lags_meteo,xgboost_direct,4.0,3.3613762855529785
2023-12-01,2023-12-01 22:00:00,22,lags_meteo,xgboost_direct,5.0,3.3927295207977295
2023-12-01,2023-12-01 23:00:00,23,lags_meteo,xgboost_direct,4.0,3.3894259929656982
2023-12-01,2023-12-02 00:00:00,24,lags_meteo,xgboost_direct,4.0,3.308292865753174
2023-12-02,2023-12-02 01:00:00,1,lags_meteo,xgboost_direct,3.0,3.598259210586548
2023-12-02,2023-12-02 02:00:00,2,lags_meteo,xgboost_direct,2.0,2.93727707862854
2023-12-02,2023-12-02 03:00:00,3,lags_meteo,xgboost_direct,5.0,2.8632802963256836
2023-12-02,2023-12-02 04:00:00,4,lags_meteo,xgboost_direct,2.0,2.6365153789520264
2023-12-02,2023-12-02 05:00:00,5,lags_meteo,xgboost_direct,2.0,2.9320755004882812
2023-12-02,2023-12-02 06:00:00,6,lags_meteo,xgboost_direct,3.0,2.999518394470215
2023-12-02,2023-12-02 07:00:00,7,lags_meteo,xgboost_direct,3.0,3.2512567043304443
2023-12-02,2023-12-02 08:00:00,8,lags_meteo,xgboost_direct,3.0,3.411625862121582
2023-12-02,2023-12-02 09:00:00,9,lags_meteo,xgboost_direct,2.0,3.7659451961517334
2023-12-02,2023-12-02 10:00:00,10,lags_meteo,xgboost_direct,1.0,3.7897439002990723
2023-12-02,2023-12-02 11:00:00,11,lags_meteo,xgboost_direct,3.0,3.877937078475952
2023-12-02,2023-12-02 12:00:00,12,lags_meteo,xgboost_direct,5.0,4.127583980560303
2023-12-02,2023-12-02 13:00:00,13,lags_meteo,xgboost_direct,5.0,4.507729530334473
2023-12-02,2023-12-02 14:00:00,14,lags_meteo,xgboost_direct,1.0,3.9816458225250244
2023-12-02,2023-12-02 15:00:00,15,lags_meteo,xgboost_direct,2.0,3.8630452156066895
2023-12-02,2023-12-02 16:00:00,16,lags_meteo,xgboost_direct,5.0,4.16881799697876
2023-12-02,2023-12-02 17:00:00,17,lags_meteo,xgboost_direct,3.0,3.686919927597046
2023-12-02,2023-12-02 18:00:00,18,lags_meteo,xgboost_direct,,4.355714797973633
2023-12-02,2023-12-02 19:00:00,19,lags_meteo,xgboost_direct,,4.458895206451416
2023-12-02,2023-12-02 20:00:00,20,lags_meteo,xgboost_direct,,4.706506729125977
2023-12-02,2023-12-02 21:00:00,21,lags_meteo,xgboost_direct,6.0,4.041084289550781
2023-12-02,2023-12-02 22:00:00,22,lags_meteo,xgboost_direct,4.0,4.132719993591309
2023-12-02,2023-12-02 23:00:00,23,lags_meteo,xgboost_direct,8.0,3.8672571182250977
2023-12-02,2023-12-03 00:00:00,24,lags_meteo,xgboost_direct,11.0,3.3601202964782715
2023-12-03,2023-12-03 01:00:00,1,lags_meteo,xgboost_direct,13.0,6.617303371429443
2023-12-03,2023-12-03 02:00:00,2,lags_meteo,xgboost_direct,11.0,7.147025108337402
2023-12-03,2023-12-03 03:00:00,3,lags_meteo,xgboost_direct,8.0,6.940618991851807
2023-12-03,2023-12-03 04:00:00,4,lags_meteo,xgboost_direct,11.0,6.752376079559326
2023-12-03,2023-12-03 05:00:00,5,lags_meteo,xgboost_direct,8.0,6.191627502441406
2023-12-03,2023-12-03 06:00:00,6,lags_meteo,xgboost_direct,6.0,7.02758264541626
2023-12-03,2023-12-03 07:00:00,7,lags_meteo,xgboost_direct,4.0,6.088934421539307
2023-12-03,2023-12-03 08:00:00,8,lags_meteo,xgboost_direct,6.0,5.881669521331787
2023-12-03,2023-12-03 09:00:00,9,lags_meteo,xgboost_direct,11.0,7.0414605140686035
2023-12-03,2023-12-03 10:00:00,10,lags_meteo,xgboost_direct,12.0,9.293787002563477
2023-12-03,2023-12-03 11:00:00,11,lags_meteo,xgboost_direct,21.0,10.48159408569336
2023-12-03,2023-12-03 12:00:00,12,lags_meteo,xgboost_direct,24.0,10.801033020019531
2023-12-03,2023-12-03 13:00:00,13,lags_meteo,xgboost_direct,19.0,10.786163330078125
2023-12-03,2023-12-03 14:00:00,14,lags_meteo,xgboost_direct,22.0,10.582793235778809
2023-12-03,2023-12-03 15:00:00,15,lags_meteo,xgboost_direct,17.0,10.08105182647705
2023-12-03,2023-12-03 16:00:00,16,lags_meteo,xgboost_direct,10.0,9.65677261352539
2023-12-03,2023-12-03 17:00:00,17,lags_meteo,xgboost_direct,7.0,11.1682710647583
2023-12-03,2023-12-03 18:00:00,18,lags_meteo,xgboost_direct,9.0,12.739222526550293
2023-12-03,2023-12-03 19:00:00,19,lags_meteo,xgboost_direct,6.0,12.150230407714844
2023-12-03,2023-12-03 20:00:00,20,lags_meteo,xgboost_direct,8.0,12.136247634887695
2023-12-03,2023-12-03 21:00:00,21,lags_meteo,xgboost_direct,12.0,11.919812202453613
2023-12-03,2023-12-03 22:00:00,22,lags_meteo,xgboost_direct,16.0,10.747469902038574
2023-12-03,2023-12-03 23:00:00,23,lags_meteo,xgboost_direct,18.0,11.328831672668457
2023-12-03,2023-12-04 00:00:00,24,lags_meteo,xgboost_direct,14.0,10.215373039245605
2023-12-04,2023-12-04 01:00:00,1,lags_meteo,xgboost_direct,16.0,16.295991897583008
2023-12-04,2023-12-04 02:00:00,2,lags_meteo,xgboost_direct,12.0,15.972373962402344
2023-12-04,2023-12-04 03:00:00,3,lags_meteo,xgboost_direct,10.0,14.317704200744629
2023-12-04,2023-12-04 04:00:00,4,lags_meteo,xgboost_direct,6.0,13.39328670501709
2023-12-04,2023-12-04 05:00:00,5,lags_meteo,xgboost_direct,6.0,12.447842597961426
2023-12-04,2023-12-04 06:00:00,6,lags_meteo,xgboost_direct,7.0,10.848933219909668
2023-12-04,2023-12-04 07:00:00,7,lags_meteo,xgboost_direct,6.0,10.733770370483398
2023-12-04,2023-12-04 08:00:00,8,lags_meteo,xgboost_direct,7.0,12.627918243408203
2023-12-04,2023-12-04 09:00:00,9,lags_meteo,xgboost_direct,7.0,16.058429718017578
2023-12-04,2023-12-04 10:00:00,10,lags_meteo,xgboost_direct,5.0,20.969789505004883
2023-12-04,2023-12-04 11:00:00,11,lags_meteo,xgboost_direct,3.0,23.342552185058594
2023-12-04,2023-12-04 12:00:00,12,lags_meteo,xgboost_direct,5.0,22.439956665039062
2023-12-04,2023-12-04 13:00:00,13,lags_meteo,xgboost_direct,1.0,22.384891510009766
2023-12-04,2023-12-04 14:00:00,14,lags_meteo,xgboost_direct,3.0,19.63060760498047
2023-12-04,2023-12-04 15:00:00,15,lags_meteo,xgboost_direct,3.0,16.496591567993164
2023-12-04,2023-12-04 16:00:00,16,lags_meteo,xgboost_direct,2.0,15.274693489074707
2023-12-04,2023-12-04 17:00:00,17,lags_meteo,xgboost_direct,1.0,14.479257583618164
2023-12-04,2023-12-04 18:00:00,18,lags_meteo,xgboost_direct,3.0,13.999971389770508
2023-12-04,2023-12-04 19:00:00,19,lags_meteo,xgboost_direct,5.0,14.113227844238281
2023-12-04,2023-12-04 20:00:00,20,lags_meteo,xgboost_direct,3.0,15.550955772399902
2023-12-04,2023-12-04 21:00:00,21,lags_meteo,xgboost_direct,3.0,15.395176887512207
2023-12-04,2023-12-04 22:00:00,22,lags_meteo,xgboost_direct,3.0,17.51411247253418
2023-12-04,2023-12-04 23:00:00,23,lags_meteo,xgboost_direct,4.0,16.568214416503906
2023-12-04,2023-12-05 00:00:00,24,lags_meteo,xgboost_direct,5.0,15.882822036743164
2023-12-05,2023-12-05 01:00:00,1,lags_meteo,xgboost_direct,2.0,4.343862056732178
2023-12-05,2023-12-05 02:00:00,2,lags_meteo,xgboost_direct,2.0,4.2377610206604
2023-12-05,2023-12-05 03:00:00,3,lags_meteo,xgboost_direct,1.0,4.319625377655029
2023-12-05,2023-12-05 04:00:00,4,lags_meteo,xgboost_direct,2.0,4.31272554397583
2023-12-05,2023-12-05 05:00:00,5,lags_meteo,xgboost_direct,4.0,4.597100734710693
2023-12-05,2023-12-05 06:00:00,6,lags_meteo,xgboost_direct,2.0,4.309887409210205
2023-12-05,2023-12-05 07:00:00,7,lags_meteo,xgboost_direct,2.0,4.610716819763184
2023-12-05,2023-12-05 08:00:00,8,lags_meteo,xgboost_direct,2.0,5.430883407592773
2023-12-05,2023-12-05 09:00:00,9,lags_meteo,xgboost_direct,6.0,6.741255283355713
2023-12-05,2023-12-05 10:00:00,10,lags_meteo,xgboost_direct,8.0,8.82438850402832
2023-12-05,2023-12-05 11:00:00,11,lags_meteo,xgboost_direct,11.0,9.145941734313965
2023-12-05,2023-12-05 12:00:00,12,lags_meteo,xgboost_direct,15.0,9.008903503417969
2023-12-05,2023-12-05 13:00:00,13,lags_meteo,xgboost_direct,,9.247040748596191
2023-12-05,2023-12-05 14:00:00,14,lags_meteo,xgboost_direct,8.0,8.860501289367676
2023-12-05,2023-12-05 15:00:00,15,lags_meteo,xgboost_direct,5.0,8.309739112854004
2023-12-05,2023-12-05 16:00:00,16,lags_meteo,xgboost_direct,8.0,8.05016040802002
2023-12-05,2023-12-05 17:00:00,17,lags_meteo,xgboost_direct,6.0,7.966404438018799
2023-12-05,2023-12-05 18:00:00,18,lags_meteo,xgboost_direct,8.0,7.996445178985596
2023-12-05,2023-12-05 19:00:00,19,lags_meteo,xgboost_direct,7.0,7.915071487426758
2023-12-05,2023-12-05 20:00:00,20,lags_meteo,xgboost_direct,7.0,9.19600772857666
2023-12-05,2023-12-05 21:00:00,21,lags_meteo,xgboost_direct,6.0,8.87726879119873
2023-12-05,2023-12-05 22:00:00,22,lags_meteo,xgboost_direct,6.0,8.663186073303223
2023-12-05,2023-12-05 23:00:00,23,lags_meteo,xgboost_direct,4.0,8.001130104064941
2023-12-05,2023-12-06 00:00:00,24,lags_meteo,xgboost_direct,6.0,8.275498390197754
2023-12-06,2023-12-06 01:00:00,1,lags_meteo,xgboost_direct,3.0,5.54111385345459
2023-12-06,2023-12-06 02:00:00,2,lags_meteo,xgboost_direct,7.0,5.889445781707764
2023-12-06,2023-12-06 03:00:00,3,lags_meteo,xgboost_direct,3.0,6.380322456359863
2023-12-06,2023-12-06 04:00:00,4,lags_meteo,xgboost_direct,5.0,6.1940836906433105
2023-12-06,2023-12-06 05:00:00,5,lags_meteo,xgboost_direct,1.0,6.626476764678955
2023-12-06,2023-12-06 06:00:00,6,lags_meteo,xgboost_direct,2.0,6.305030345916748
2023-12-06,2023-12-06 07:00:00,7,lags_meteo,xgboost_direct,2.0,7.419792175292969
2023-12-06,2023-12-06 08:00:00,8,lags_meteo,xgboost_direct,3.0,6.700214862823486
2023-12-06,2023-12-06 09:00:00,9,lags_meteo,xgboost_direct,3.0,9.001063346862793
2023-12-06,2023-12-06 10:00:00,10,lags_meteo,xgboost_direct,4.0,13.034603118896484
2023-12-06,2023-12-06 11:00:00,11,lags_meteo,xgboost_direct,11.0,13.324005126953125
2023-12-06,2023-12-06 12:00:00,12,lags_meteo,xgboost_direct,10.0,13.529592514038086
2023-12-06,2023-12-06 13:00:00,13,lags_meteo,xgboost_direct,7.0,12.526594161987305
2023-12-06,2023-12-06 14:00:00,14,lags_meteo,xgboost_direct,10.0,11.976615905761719
2023-12-06,2023-12-06 15:00:00,15,lags_meteo,xgboost_direct,12.0,11.008234977722168
2023-12-06,2023-12-06 16:00:00,16,lags_meteo,xgboost_direct,12.0,10.677708625793457
2023-12-06,2023-12-06 17:00:00,17,lags_meteo,xgboost_direct,10.0,10.307660102844238
2023-12-06,2023-12-06 18:00:00,18,lags_meteo,xgboost_direct,17.0,10.68923282623291
2023-12-06,2023-12-06 19:00:00,19,lags_meteo,xgboost_direct,19.0,11.788220405578613
2023-12-06,2023-12-06 20:00:00,20,lags_meteo,xgboost_direct,21.0,11.487069129943848
2023-12-06,2023-12-06 21:00:00,21,lags_meteo,xgboost_direct,19.0,12.204365730285645
2023-12-06,2023-12-06 22:00:00,22,lags_meteo,xgboost_direct,17.0,10.60045337677002
2023-12-06,2023-12-06 23:00:00,23,lags_meteo,xgboost_direct,24.0,9.55489444732666
2023-12-06,2023-12-07 00:00:00,24,lags_meteo,xgboost_direct,18.0,11.27993106842041
2023-12-07,2023-12-07 01:00:00,1,lags_meteo,xgboost_direct,20.0,19.849515914916992
2023-12-07,2023-12-07 02:00:00,2,lags_meteo,xgboost_direct,14.0,18.789194107055664
2023-12-07,2023-12-07 03:00:00,3,lags_meteo,xgboost_direct,16.0,17.537771224975586
2023-12-07,2023-12-07 04:00:00,4,lags_meteo,xgboost_direct,14.0,16.83055305480957
2023-12-07,2023-12-07 05:00:00,5,lags_meteo,xgboost_direct,13.0,15.493117332458496
2023-12-07,2023-12-07 06:00:00,6,lags_meteo,xgboost_direct,15.0,15.311882972717285
2023-12-07,2023-12-07 07:00:00,7,lags_meteo,xgboost_direct,14.0,14.944900512695312
2023-12-07,2023-12-07 08:00:00,8,lags_meteo,xgboost_direct,13.0,15.35824966430664
2023-12-07,2023-12-07 09:00:00,9,lags_meteo,xgboost_direct,14.0,16.824657440185547
2023-12-07,2023-12-07 10:00:00,10,lags_meteo,xgboost_direct,13.0,21.00497817993164
2023-12-07,2023-12-07 11:00:00,11,lags_meteo,xgboost_direct,20.0,22.1267147064209
2023-12-07,2023-12-07 12:00:00,12,lags_meteo,xgboost_direct,28.0,21.451990127563477
2023-12-07,2023-12-07 13:00:00,13,lags_meteo,xgboost_direct,28.0,20.35849952697754
2023-12-07,2023-12-07 14:00:00,14,lags_meteo,xgboost_direct,31.0,19.486257553100586
2023-12-07,2023-12-07 15:00:00,15,lags_meteo,xgboost_direct,32.0,18.00052261352539
2023-12-07,2023-12-07 16:00:00,16,lags_meteo,xgboost_direct,30.0,19.46473503112793
2023-12-07,2023-12-07 17:00:00,17,lags_meteo,xgboost_direct,26.0,18.86056137084961
2023-12-07,2023-12-07 18:00:00,18,lags_meteo,xgboost_direct,20.0,19.720834732055664
2023-12-07,2023-12-07 19:00:00,19,lags_meteo,xgboost_direct,19.0,19.44672393798828
2023-12-07,2023-12-07 20:00:00,20,lags_meteo,xgboost_direct,14.0,19.744993209838867
2023-12-07,2023-12-07 21:00:00,21,lags_meteo,xgboost_direct,8.0,19.3466854095459
2023-12-07,2023-12-07 22:00:00,22,lags_meteo,xgboost_direct,11.0,18.567916870117188
2023-12-07,2023-12-07 23:00:00,23,lags_meteo,xgboost_direct,11.0,18.37947654724121
2023-12-07,2023-12-08 00:00:00,24,lags_meteo,xgboost_direct,11.0,16.494657516479492
2023-12-08,2023-12-08 01:00:00,1,lags_meteo,xgboost_direct,8.0,10.540889739990234
2023-12-08,2023-12-08 02:00:00,2,lags_meteo,xgboost_direct,7.0,9.847798347473145
2023-12-08,2023-12-08 03:00:00,3,lags_meteo,xgboost_direct,7.0,9.38321590423584
2023-12-08,2023-12-08 04:00:00,4,lags_meteo,xgboost_direct,6.0,9.203590393066406
2023-12-08,2023-12-08 05:00:00,5,lags_meteo,xgboost_direct,4.0,8.498251914978027
2023-12-08,2023-12-08 06:00:00,6,lags_meteo,xgboost_direct,2.0,8.299941062927246
2023-12-08,2023-12-08 07:00:00,7,lags_meteo,xgboost_direct,3.0,7.278162002563477
2023-12-08,2023-12-08 08:00:00,8,lags_meteo,xgboost_direct,3.0,8.079734802246094
2023-12-08,2023-12-08 09:00:00,9,lags_meteo,xgboost_direct,1.0,10.40806770324707
2023-12-08,2023-12-08 10:00:00,10,lags_meteo,xgboost_direct,4.0,13.027472496032715
2023-12-08,2023-12-08 11:00:00,11,lags_meteo,xgboost_direct,5.0,14.461668968200684
2023-12-08,2023-12-08 12:00:00,12,lags_meteo,xgboost_direct,3.0,15.319578170776367
2023-12-08,2023-12-08 13:00:00,13,lags_meteo,xgboost_direct,5.0,15.048260688781738
2023-12-08,2023-12-08 14:00:00,14,lags_meteo,xgboost_direct,4.0,13.922127723693848
2023-12-08,2023-12-08 15:00:00,15,lags_meteo,xgboost_direct,2.0,13.171964645385742
2023-12-08,2023-12-08 16:00:00,16,lags_meteo,xgboost_direct,4.0,12.349411964416504
2023-12-08,2023-12-08 17:00:00,17,lags_meteo,xgboost_direct,7.0,13.182771682739258
2023-12-08,2023-12-08 18:00:00,18,lags_meteo,xgboost_direct,4.0,12.854907989501953
2023-12-08,2023-12-08 19:00:00,19,lags_meteo,xgboost_direct,6.0,12.226244926452637
2023-12-08,2023-12-08 20:00:00,20,lags_meteo,xgboost_direct,6.0,12.2752685546875
2023-12-08,2023-12-08 21:00:00,21,lags_meteo,xgboost_direct,5.0,11.681547164916992
2023-12-08,2023-12-08 22:00:00,22,lags_meteo,xgboost_direct,5.0,11.29230785369873
2023-12-08,2023-12-08 23:00:00,23,lags_meteo,xgboost_direct,5.0,11.39616584777832
2023-12-08,2023-12-09 00:00:00,24,lags_meteo,xgboost_direct,7.0,12.326837539672852
2023-12-09,2023-12-09 01:00:00,1,lags_meteo,xgboost_direct,9.0,4.859869956970215
2023-12-09,2023-12-09 02:00:00,2,lags_meteo,xgboost_direct,11.0,4.732320308685303
2023-12-09,2023-12-09 03:00:00,3,lags_meteo,xgboost_direct,7.0,4.635887145996094
2023-12-09,2023-12-09 04:00:00,4,lags_meteo,xgboost_direct,8.0,3.799457311630249
2023-12-09,2023-12-09 05:00:00,5,lags_meteo,xgboost_direct,9.0,4.152292728424072
2023-12-09,2023-12-09 06:00:00,6,lags_meteo,xgboost_direct,6.0,4.549073696136475
2023-12-09,2023-12-09 07:00:00,7,lags_meteo,xgboost_direct,6.0,4.50645112991333
2023-12-09,2023-12-09 08:00:00,8,lags_meteo,xgboost_direct,9.0,4.847126483917236
2023-12-09,2023-12-09 09:00:00,9,lags_meteo,xgboost_direct,12.0,5.912130832672119
2023-12-09,2023-12-09 10:00:00,10,lags_meteo,xgboost_direct,9.0,8.485006332397461
2023-12-09,2023-12-09 11:00:00,11,lags_meteo,xgboost_direct,9.0,9.303503036499023
2023-12-09,2023-12-09 12:00:00,12,lags_meteo,xgboost_direct,11.0,9.308205604553223
2023-12-09,2023-12-09 13:00:00,13,lags_meteo,xgboost_direct,9.0,9.279796600341797
2023-12-09,2023-12-09 14:00:00,14,lags_meteo,xgboost_direct,4.0,9.8480806350708
2023-12-09,2023-12-09 15:00:00,15,lags_meteo,xgboost_direct,2.0,9.13636302947998
2023-12-09,2023-12-09 16:00:00,16,lags_meteo,xgboost_direct,1.0,9.148680686950684
2023-12-09,2023-12-09 17:00:00,17,lags_meteo,xgboost_direct,2.0,9.443114280700684
2023-12-09,2023-12-09 18:00:00,18,lags_meteo,xgboost_direct,6.0,9.470470428466797
2023-12-09,2023-12-09 19:00:00,19,lags_meteo,xgboost_direct,5.0,9.518778800964355
2023-12-09,2023-12-09 20:00:00,20,lags_meteo,xgboost_direct,1.0,11.416108131408691
2023-12-09,2023-12-09 21:00:00,21,lags_meteo,xgboost_direct,3.0,12.10637092590332
2023-12-09,2023-12-09 22:00:00,22,lags_meteo,xgboost_direct,5.0,11.598799705505371
2023-12-09,2023-12-09 23:00:00,23,lags_meteo,xgboost_direct,1.0,11.946770668029785
2023-12-09,2023-12-10 00:00:00,24,lags_meteo,xgboost_direct,4.0,12.337382316589355
2023-12-10,2023-12-10 01:00:00,1,lags_meteo,xgboost_direct,3.0,3.4532783031463623
2023-12-10,2023-12-10 02:00:00,2,lags_meteo,xgboost_direct,7.0,3.405567169189453
2023-12-10,2023-12-10 03:00:00,3,lags_meteo,xgboost_direct,7.0,3.6958298683166504
2023-12-10,2023-12-10 04:00:00,4,lags_meteo,xgboost_direct,6.0,3.1455841064453125
2023-12-10,2023-12-10 05:00:00,5,lags_meteo,xgboost_direct,8.0,3.734212636947632
2023-12-10,2023-12-10 06:00:00,6,lags_meteo,xgboost_direct,9.0,4.748344898223877
2023-12-10,2023-12-10 07:00:00,7,lags_meteo,xgboost_direct,9.0,5.720415115356445
2023-12-10,2023-12-10 08:00:00,8,lags_meteo,xgboost_direct,10.0,6.170107841491699
2023-12-10,2023-12-10 09:00:00,9,lags_meteo,xgboost_direct,8.0,7.769100666046143
2023-12-10,2023-12-10 10:00:00,10,lags_meteo,xgboost_direct,4.0,10.851012229919434
2023-12-10,2023-12-10 11:00:00,11,lags_meteo,xgboost_direct,4.0,13.096837043762207
2023-12-10,2023-12-10 12:00:00,12,lags_meteo,xgboost_direct,5.0,11.585875511169434
2023-12-10,2023-12-10 13:00:00,13,lags_meteo,xgboost_direct,6.0,11.17535400390625
2023-12-10,2023-12-10 14:00:00,14,lags_meteo,xgboost_direct,6.0,12.816837310791016
2023-12-10,2023-12-10 15:00:00,15,lags_meteo,xgboost_direct,5.0,13.414636611938477
2023-12-10,2023-12-10 16:00:00,16,lags_meteo,xgboost_direct,7.0,11.895527839660645
2023-12-10,2023-12-10 17:00:00,17,lags_meteo,xgboost_direct,4.0,11.244463920593262
2023-12-10,2023-12-10 18:00:00,18,lags_meteo,xgboost_direct,5.0,10.885247230529785
2023-12-10,2023-12-10 19:00:00,19,lags_meteo,xgboost_direct,4.0,11.384986877441406
2023-12-10,2023-12-10 20:00:00,20,lags_meteo,xgboost_direct,5.0,11.054960250854492
2023-12-10,2023-12-10 21:00:00,21,lags_meteo,xgboost_direct,4.0,11.297124862670898
2023-12-10,2023-12-10 22:00:00,22,lags_meteo,xgboost_direct,3.0,11.020455360412598
2023-12-10,2023-12-10 23:00:00,23,lags_meteo,xgboost_direct,5.0,11.440731048583984
2023-12-10,2023-12-11 00:00:00,24,lags_meteo,xgboost_direct,4.0,11.09894847869873
2023-12-11,2023-12-11 01:00:00,1,lags_meteo,xgboost_direct,3.0,4.194244861602783
2023-12-11,2023-12-11 02:00:00,2,lags_meteo,xgboost_direct,4.0,4.018022060394287
2023-12-11,2023-12-11 03:00:00,3,lags_meteo,xgboost_direct,5.0,3.8892087936401367
2023-12-11,2023-12-11 04:00:00,4,lags_meteo,xgboost_direct,3.0,3.9439821243286133
2023-12-11,2023-12-11 05:00:00,5,lags_meteo,xgboost_direct,1.0,4.6727614402771
2023-12-11,2023-12-11 06:00:00,6,lags_meteo,xgboost_direct,4.0,4.996347904205322
2023-12-11,2023-12-11 07:00:00,7,lags_meteo,xgboost_direct,5.0,5.884160995483398
2023-12-11,2023-12-11 08:00:00,8,lags_meteo,xgboost_direct,4.0,6.676607131958008
2023-12-11,2023-12-11 09:00:00,9,lags_meteo,xgboost_direct,6.0,8.416386604309082
2023-12-11,2023-12-11 10:00:00,10,lags_meteo,xgboost_direct,5.0,9.7206392288208
2023-12-11,2023-12-11 11:00:00,11,lags_meteo,xgboost_direct,4.0,9.687623977661133
2023-12-11,2023-12-11 12:00:00,12,lags_meteo,xgboost_direct,2.0,9.905102729797363
2023-12-11,2023-12-11 13:00:00,13,lags_meteo,xgboost_direct,2.0,10.00017261505127
2023-12-11,2023-12-11 14:00:00,14,lags_meteo,xgboost_direct,5.0,9.250497817993164
2023-12-11,2023-12-11 15:00:00,15,lags_meteo,xgboost_direct,9.0,9.72160530090332
2023-12-11,2023-12-11 16:00:00,16,lags_meteo,xgboost_direct,8.0,9.431843757629395
2023-12-11,2023-12-11 17:00:00,17,lags_meteo,xgboost_direct,8.0,9.200969696044922
2023-12-11,2023-12-11 18:00:00,18,lags_meteo,xgboost_direct,9.0,9.314774513244629
2023-12-11,2023-12-11 19:00:00,19,lags_meteo,xgboost_direct,8.0,9.183725357055664
2023-12-11,2023-12-11 20:00:00,20,lags_meteo,xgboost_direct,8.0,9.473881721496582
2023-12-11,2023-12-11 21:00:00,21,lags_meteo,xgboost_direct,8.0,10.173175811767578
2023-12-11,2023-12-11 22:00:00,22,lags_meteo,xgboost_direct,11.0,9.746437072753906
2023-12-11,2023-12-11 23:00:00,23,lags_meteo,xgboost_direct,11.0,10.322999954223633
2023-12-11,2023-12-12 00:00:00,24,lags_meteo,xgboost_direct,11.0,9.106001853942871
2023-12-12,2023-12-12 01:00:00,1,lags_meteo,xgboost_direct,15.0,8.983692169189453
2023-12-12,2023-12-12 02:00:00,2,lags_meteo,xgboost_direct,14.0,9.001949310302734
2023-12-12,2023-12-12 03:00:00,3,lags_meteo,xgboost_direct,13.0,9.164820671081543
2023-12-12,2023-12-12 04:00:00,4,lags_meteo,xgboost_direct,13.0,9.318266868591309
2023-12-12,2023-12-12 05:00:00,5,lags_meteo,xgboost_direct,16.0,8.806059837341309
2023-12-12,2023-12-12 06:00:00,6,lags_meteo,xgboost_direct,11.0,9.164534568786621
2023-12-12,2023-12-12 07:00:00,7,lags_meteo,xgboost_direct,9.0,9.234514236450195
2023-12-12,2023-12-12 08:00:00,8,lags_meteo,xgboost_direct,10.0,9.17231559753418
2023-12-12,2023-12-12 09:00:00,9,lags_meteo,xgboost_direct,16.0,9.722318649291992
2023-12-12,2023-12-12 10:00:00,10,lags_meteo,xgboost_direct,20.0,13.167128562927246
2023-12-12,2023-12-12 11:00:00,11,lags_meteo,xgboost_direct,30.0,13.26015853881836
2023-12-12,2023-12-12 12:00:00,12,lags_meteo,xgboost_direct,35.0,12.816230773925781
2023-12-12,2023-12-12 13:00:00,13,lags_meteo,xgboost_direct,39.0,12.156420707702637
2023-12-12,2023-12-12 14:00:00,14,lags_meteo,xgboost_direct,36.0,10.972664833068848
2023-12-12,2023-12-12 15:00:00,15,lags_meteo,xgboost_direct,32.0,11.692276000976562
2023-12-12,2023-12-12 16:00:00,16,lags_meteo,xgboost_direct,27.0,11.087807655334473
2023-12-12,2023-12-12 17:00:00,17,lags_meteo,xgboost_direct,22.0,11.15788459777832
2023-12-12,2023-12-12 18:00:00,18,lags_meteo,xgboost_direct,15.0,11.767805099487305
2023-12-12,2023-12-12 19:00:00,19,lags_meteo,xgboost_direct,12.0,11.549858093261719
2023-12-12,2023-12-12 20:00:00,20,lags_meteo,xgboost_direct,9.0,11.941006660461426
2023-12-12,2023-12-12 21:00:00,21,lags_meteo,xgboost_direct,10.0,11.68738842010498
2023-12-12,2023-12-12 22:00:00,22,lags_meteo,xgboost_direct,4.0,11.72596263885498
2023-12-12,2023-12-12 23:00:00,23,lags_meteo,xgboost_direct,9.0,11.496455192565918
2023-12-12,2023-12-13 00:00:00,24,lags_meteo,xgboost_direct,8.0,10.477558135986328
2023-12-13,2023-12-13 01:00:00,1,lags_meteo,xgboost_direct,10.0,9.393935203552246
2023-12-13,2023-12-13 02:00:00,2,lags_meteo,xgboost_direct,2.0,8.271859169006348
2023-12-13,2023-12-13 03:00:00,3,lags_meteo,xgboost_direct,3.0,8.372978210449219
2023-12-13,2023-12-13 04:00:00,4,lags_meteo,xgboost_direct,4.0,7.910914897918701
2023-12-13,2023-12-13 05:00:00,5,lags_meteo,xgboost_direct,6.0,6.151859283447266
2023-12-13,2023-12-13 06:00:00,6,lags_meteo,xgboost_direct,3.0,8.147915840148926
2023-12-13,2023-12-13 07:00:00,7,lags_meteo,xgboost_direct,1.0,7.931049346923828
2023-12-13,2023-12-13 08:00:00,8,lags_meteo,xgboost_direct,4.0,9.6134033203125
2023-12-13,2023-12-13 09:00:00,9,lags_meteo,xgboost_direct,3.0,12.299500465393066
2023-12-13,2023-12-13 10:00:00,10,lags_meteo,xgboost_direct,1.0,13.719446182250977
2023-12-13,2023-12-13 11:00:00,11,lags_meteo,xgboost_direct,3.0,13.825474739074707
2023-12-13,2023-12-13 12:00:00,12,lags_meteo,xgboost_direct,5.0,12.366393089294434
2023-12-13,2023-12-13 13:00:00,13,lags_meteo,xgboost_direct,4.0,12.697602272033691
2023-12-13,2023-12-13 14:00:00,14,lags_meteo,xgboost_direct,4.0,10.267878532409668
2023-12-13,2023-12-13 15:00:00,15,lags_meteo,xgboost_direct,3.0,10.734182357788086
2023-12-13,2023-12-13 16:00:00,16,lags_meteo,xgboost_direct,2.0,12.040583610534668
2023-12-13,2023-12-13 17:00:00,17,lags_meteo,xgboost_direct,2.0,11.524627685546875
2023-12-13,2023-12-13 18:00:00,18,lags_meteo,xgboost_direct,1.0,10.687177658081055
2023-12-13,2023-12-13 19:00:00,19,lags_meteo,xgboost_direct,3.0,10.21798038482666
2023-12-13,2023-12-13 20:00:00,20,lags_meteo,xgboost_direct,3.0,10.447653770446777
2023-12-13,2023-12-13 21:00:00,21,lags_meteo,xgboost_direct,2.0,9.721900939941406
2023-12-13,2023-12-13 22:00:00,22,lags_meteo,xgboost_direct,2.0,9.578341484069824
2023-12-13,2023-12-13 23:00:00,23,lags_meteo,xgboost_direct,1.0,9.323606491088867
2023-12-13,2023-12-14 00:00:00,24,lags_meteo,xgboost_direct,2.0,10.844390869140625
2023-12-14,2023-12-14 01:00:00,1,lags_meteo,xgboost_direct,1.0,2.795992374420166
2023-12-14,2023-12-14 02:00:00,2,lags_meteo,xgboost_direct,1.0,2.4354569911956787
2023-12-14,2023-12-14 03:00:00,3,lags_meteo,xgboost_direct,3.0,3.044515371322632
2023-12-14,2023-12-14 04:00:00,4,lags_meteo,xgboost_direct,1.0,3.1732678413391113
2023-12-14,2023-12-14 05:00:00,5,lags_meteo,xgboost_direct,4.0,3.3422086238861084
2023-12-14,2023-12-14 06:00:00,6,lags_meteo,xgboost_direct,5.0,4.313568592071533
2023-12-14,2023-12-14 07:00:00,7,lags_meteo,xgboost_direct,4.0,4.220729351043701
2023-12-14,2023-12-14 08:00:00,8,lags_meteo,xgboost_direct,7.0,4.740625858306885
2023-12-14,2023-12-14 09:00:00,9,lags_meteo,xgboost_direct,8.0,6.001824378967285
2023-12-14,2023-12-14 10:00:00,10,lags_meteo,xgboost_direct,10.0,8.042938232421875
2023-12-14,2023-12-14 11:00:00,11,lags_meteo,xgboost_direct,27.0,9.37342357635498
2023-12-14,2023-12-14 12:00:00,12,lags_meteo,xgboost_direct,20.0,8.650262832641602
2023-12-14,2023-12-14 13:00:00,13,lags_meteo,xgboost_direct,12.0,8.652006149291992
2023-12-14,2023-12-14 14:00:00,14,lags_meteo,xgboost_direct,13.0,8.434314727783203
2023-12-14,2023-12-14 15:00:00,15,lags_meteo,xgboost_direct,11.0,8.133583068847656
2023-12-14,2023-12-14 16:00:00,16,lags_meteo,xgboost_direct,9.0,8.744872093200684
2023-12-14,2023-12-14 17:00:00,17,lags_meteo,xgboost_direct,7.0,7.836191177368164
2023-12-14,2023-12-14 18:00:00,18,lags_meteo,xgboost_direct,5.0,8.350293159484863
2023-12-14,2023-12-14 19:00:00,19,lags_meteo,xgboost_direct,4.0,9.615826606750488
2023-12-14,2023-12-14 20:00:00,20,lags_meteo,xgboost_direct,7.0,9.489972114562988
2023-12-14,2023-12-14 21:00:00,21,lags_meteo,xgboost_direct,8.0,9.519184112548828
2023-12-14,2023-12-14 22:00:00,22,lags_meteo,xgboost_direct,6.0,9.355305671691895
2023-12-14,2023-12-14 23:00:00,23,lags_meteo,xgboost_direct,10.0,9.800090789794922
2023-12-14,2023-12-15 00:00:00,24,lags_meteo,xgboost_direct,9.0,9.544652938842773
2023-12-15,2023-12-15 01:00:00,1,lags_meteo,xgboost_direct,4.0,8.917266845703125
2023-12-15,2023-12-15 02:00:00,2,lags_meteo,xgboost_direct,9.0,9.380301475524902
2023-12-15,2023-12-15 03:00:00,3,lags_meteo,xgboost_direct,8.0,8.405938148498535
2023-12-15,2023-12-15 04:00:00,4,lags_meteo,xgboost_direct,5.0,7.957389831542969
2023-12-15,2023-12-15 05:00:00,5,lags_meteo,xgboost_direct,7.0,5.9557342529296875
2023-12-15,2023-12-15 06:00:00,6,lags_meteo,xgboost_direct,7.0,6.778718948364258
2023-12-15,2023-12-15 07:00:00,7,lags_meteo,xgboost_direct,4.0,6.404047966003418
2023-12-15,2023-12-15 08:00:00,8,lags_meteo,xgboost_direct,4.0,7.4155473709106445
2023-12-15,2023-12-15 09:00:00,9,lags_meteo,xgboost_direct,9.0,10.528690338134766
2023-12-15,2023-12-15 10:00:00,10,lags_meteo,xgboost_direct,11.0,14.661471366882324
2023-12-15,2023-12-15 11:00:00,11,lags_meteo,xgboost_direct,13.0,16.94381332397461
2023-12-15,2023-12-15 12:00:00,12,lags_meteo,xgboost_direct,9.0,16.280248641967773
2023-12-15,2023-12-15 13:00:00,13,lags_meteo,xgboost_direct,2.0,15.563705444335938
2023-12-15,2023-12-15 14:00:00,14,lags_meteo,xgboost_direct,5.0,13.366147994995117
2023-12-15,2023-12-15 15:00:00,15,lags_meteo,xgboost_direct,3.0,12.605098724365234
2023-12-15,2023-12-15 16:00:00,16,lags_meteo,xgboost_direct,1.0,12.00710391998291
2023-12-15,2023-12-15 17:00:00,17,lags_meteo,xgboost_direct,2.0,12.164116859436035
2023-12-15,2023-12-15 18:00:00,18,lags_meteo,xgboost_direct,3.0,12.903168678283691
2023-12-15,2023-12-15 19:00:00,19,lags_meteo,xgboost_direct,4.0,14.121386528015137
2023-12-15,2023-12-15 20:00:00,20,lags_meteo,xgboost_direct,8.0,13.274110794067383
2023-12-15,2023-12-15 21:00:00,21,lags_meteo,xgboost_direct,10.0,13.661345481872559
2023-12-15,2023-12-15 22:00:00,22,lags_meteo,xgboost_direct,11.0,13.573678970336914
2023-12-15,2023-12-15 23:00:00,23,lags_meteo,xgboost_direct,8.0,12.62533950805664
2023-12-15,2023-12-16 00:00:00,24,lags_meteo,xgboost_direct,10.0,12.85457992553711
2023-12-16,2023-12-16 01:00:00,1,lags_meteo,xgboost_direct,10.0,8.030068397521973
2023-12-16,2023-12-16 02:00:00,2,lags_meteo,xgboost_direct,16.0,8.071996688842773
2023-12-16,2023-12-16 03:00:00,3,lags_meteo,xgboost_direct,15.0,7.4144606590271
2023-12-16,2023-12-16 04:00:00,4,lags_meteo,xgboost_direct,11.0,6.842380046844482
2023-12-16,2023-12-16 05:00:00,5,lags_meteo,xgboost_direct,12.0,6.804819583892822
2023-12-16,2023-12-16 06:00:00,6,lags_meteo,xgboost_direct,11.0,6.635969638824463
2023-12-16,2023-12-16 07:00:00,7,lags_meteo,xgboost_direct,7.0,8.51816177368164
2023-12-16,2023-12-16 08:00:00,8,lags_meteo,xgboost_direct,7.0,7.748777866363525
2023-12-16,2023-12-16 09:00:00,9,lags_meteo,xgboost_direct,13.0,8.89233112335205
2023-12-16,2023-12-16 10:00:00,10,lags_meteo,xgboost_direct,13.0,10.895254135131836
2023-12-16,2023-12-16 11:00:00,11,lags_meteo,xgboost_direct,12.0,12.239794731140137
2023-12-16,2023-12-16 12:00:00,12,lags_meteo,xgboost_direct,16.0,13.020139694213867
2023-12-16,2023-12-16 13:00:00,13,lags_meteo,xgboost_direct,14.0,12.99609661102295
2023-12-16,2023-12-16 14:00:00,14,lags_meteo,xgboost_direct,20.0,12.553449630737305
2023-12-16,2023-12-16 15:00:00,15,lags_meteo,xgboost_direct,20.0,12.148998260498047
2023-12-16,2023-12-16 16:00:00,16,lags_meteo,xgboost_direct,18.0,12.545819282531738
2023-12-16,2023-12-16 17:00:00,17,lags_meteo,xgboost_direct,18.0,11.836252212524414
2023-12-16,2023-12-16 18:00:00,18,lags_meteo,xgboost_direct,14.0,12.78207015991211
2023-12-16,2023-12-16 19:00:00,19,lags_meteo,xgboost_direct,20.0,13.417040824890137
2023-12-16,2023-12-16 20:00:00,20,lags_meteo,xgboost_direct,20.0,13.81164836883545
2023-12-16,2023-12-16 21:00:00,21,lags_meteo,xgboost_direct,16.0,13.289717674255371
2023-12-16,2023-12-16 22:00:00,22,lags_meteo,xgboost_direct,22.0,13.060321807861328
2023-12-16,2023-12-16 23:00:00,23,lags_meteo,xgboost_direct,25.0,12.70362663269043
2023-12-16,2023-12-17 00:00:00,24,lags_meteo,xgboost_direct,19.0,10.94298267364502
2023-12-17,2023-12-17 01:00:00,1,lags_meteo,xgboost_direct,28.0,19.54827308654785
2023-12-17,2023-12-17 02:00:00,2,lags_meteo,xgboost_direct,22.0,18.05523681640625
2023-12-17,2023-12-17 03:00:00,3,lags_meteo,xgboost_direct,21.0,15.699042320251465
2023-12-17,2023-12-17 04:00:00,4,lags_meteo,xgboost_direct,21.0,14.595256805419922
2023-12-17,2023-12-17 05:00:00,5,lags_meteo,xgboost_direct,15.0,12.736984252929688
2023-12-17,2023-12-17 06:00:00,6,lags_meteo,xgboost_direct,16.0,11.770024299621582
2023-12-17,2023-12-17 07:00:00,7,lags_meteo,xgboost_direct,16.0,11.42651653289795
2023-12-17,2023-12-17 08:00:00,8,lags_meteo,xgboost_direct,14.0,10.111385345458984
2023-12-17,2023-12-17 09:00:00,9,lags_meteo,xgboost_direct,7.0,11.915532112121582
2023-12-17,2023-12-17 10:00:00,10,lags_meteo,xgboost_direct,6.0,14.32909107208252
2023-12-17,2023-12-17 11:00:00,11,lags_meteo,xgboost_direct,13.0,17.60398292541504
2023-12-17,2023-12-17 12:00:00,12,lags_meteo,xgboost_direct,16.0,17.344345092773438
2023-12-17,2023-12-17 13:00:00,13,lags_meteo,xgboost_direct,17.0,17.815444946289062
2023-12-17,2023-12-17 14:00:00,14,lags_meteo,xgboost_direct,12.0,18.362133026123047
2023-12-17,2023-12-17 15:00:00,15,lags_meteo,xgboost_direct,15.0,17.243318557739258
2023-12-17,2023-12-17 16:00:00,16,lags_meteo,xgboost_direct,16.0,16.775371551513672
2023-12-17,2023-12-17 17:00:00,17,lags_meteo,xgboost_direct,11.0,16.42780303955078
2023-12-17,2023-12-17 18:00:00,18,lags_meteo,xgboost_direct,13.0,16.683626174926758
2023-12-17,2023-12-17 19:00:00,19,lags_meteo,xgboost_direct,16.0,17.79436683654785
2023-12-17,2023-12-17 20:00:00,20,lags_meteo,xgboost_direct,14.0,18.920625686645508
2023-12-17,2023-12-17 21:00:00,21,lags_meteo,xgboost_direct,14.0,19.67643165588379
2023-12-17,2023-12-17 22:00:00,22,lags_meteo,xgboost_direct,12.0,18.400209426879883
2023-12-17,2023-12-17 23:00:00,23,lags_meteo,xgboost_direct,17.0,18.0368595123291
2023-12-17,2023-12-18 00:00:00,24,lags_meteo,xgboost_direct,17.0,17.588842391967773
2023-12-18,2023-12-18 01:00:00,1,lags_meteo,xgboost_direct,18.0,15.008705139160156
2023-12-18,2023-12-18 02:00:00,2,lags_meteo,xgboost_direct,21.0,13.985799789428711
2023-12-18,2023-12-18 03:00:00,3,lags_meteo,xgboost_direct,16.0,12.478462219238281
2023-12-18,2023-12-18 04:00:00,4,lags_meteo,xgboost_direct,13.0,11.374175071716309
2023-12-18,2023-12-18 05:00:00,5,lags_meteo,xgboost_direct,14.0,10.94133472442627
2023-12-18,2023-12-18 06:00:00,6,lags_meteo,xgboost_direct,15.0,10.401358604431152
2023-12-18,2023-12-18 07:00:00,7,lags_meteo,xgboost_direct,14.0,10.65261459350586
2023-12-18,2023-12-18 08:00:00,8,lags_meteo,xgboost_direct,14.0,9.937512397766113
2023-12-18,2023-12-18 09:00:00,9,lags_meteo,xgboost_direct,19.0,14.285469055175781
2023-12-18,2023-12-18 10:00:00,10,lags_meteo,xgboost_direct,25.0,18.251218795776367
2023-12-18,2023-12-18 11:00:00,11,lags_meteo,xgboost_direct,12.0,19.56260871887207
2023-12-18,2023-12-18 12:00:00,12,lags_meteo,xgboost_direct,27.0,19.851911544799805
2023-12-18,2023-12-18 13:00:00,13,lags_meteo,xgboost_direct,32.0,19.25442886352539
2023-12-18,2023-12-18 14:00:00,14,lags_meteo,xgboost_direct,33.0,17.638668060302734
2023-12-18,2023-12-18 15:00:00,15,lags_meteo,xgboost_direct,30.0,15.9436674118042
2023-12-18,2023-12-18 16:00:00,16,lags_meteo,xgboost_direct,27.0,15.28584098815918
2023-12-18,2023-12-18 17:00:00,17,lags_meteo,xgboost_direct,32.0,16.51559829711914
2023-12-18,2023-12-18 18:00:00,18,lags_meteo,xgboost_direct,24.0,16.297016143798828
2023-12-18,2023-12-18 19:00:00,19,lags_meteo,xgboost_direct,20.0,16.878007888793945
2023-12-18,2023-12-18 20:00:00,20,lags_meteo,xgboost_direct,25.0,16.720922470092773
2023-12-18,2023-12-18 21:00:00,21,lags_meteo,xgboost_direct,25.0,16.052066802978516
2023-12-18,2023-12-18 22:00:00,22,lags_meteo,xgboost_direct,21.0,16.959379196166992
2023-12-18,2023-12-18 23:00:00,23,lags_meteo,xgboost_direct,30.0,16.22300148010254
2023-12-18,2023-12-19 00:00:00,24,lags_meteo,xgboost_direct,28.0,15.49067497253418
2023-12-19,2023-12-19 01:00:00,1,lags_meteo,xgboost_direct,22.0,27.229970932006836
2023-12-19,2023-12-19 02:00:00,2,lags_meteo,xgboost_direct,22.0,24.825559616088867
2023-12-19,2023-12-19 03:00:00,3,lags_meteo,xgboost_direct,21.0,22.426692962646484
2023-12-19,2023-12-19 04:00:00,4,lags_meteo,xgboost_direct,24.0,20.908720016479492
2023-12-19,2023-12-19 05:00:00,5,lags_meteo,xgboost_direct,19.0,18.66843605041504
2023-12-19,2023-12-19 06:00:00,6,lags_meteo,xgboost_direct,15.0,16.741310119628906
2023-12-19,2023-12-19 07:00:00,7,lags_meteo,xgboost_direct,19.0,17.516357421875
2023-12-19,2023-12-19 08:00:00,8,lags_meteo,xgboost_direct,19.0,16.690967559814453
2023-12-19,2023-12-19 09:00:00,9,lags_meteo,xgboost_direct,14.0,18.91114044189453
2023-12-19,2023-12-19 10:00:00,10,lags_meteo,xgboost_direct,19.0,24.074880599975586
2023-12-19,2023-12-19 11:00:00,11,lags_meteo,xgboost_direct,33.0,26.491058349609375
2023-12-19,2023-12-19 12:00:00,12,lags_meteo,xgboost_direct,44.0,27.839969635009766
2023-12-19,2023-12-19 13:00:00,13,lags_meteo,xgboost_direct,45.0,27.926345825195312
2023-12-19,2023-12-19 14:00:00,14,lags_meteo,xgboost_direct,47.0,26.58965492248535
2023-12-19,2023-12-19 15:00:00,15,lags_meteo,xgboost_direct,31.0,25.192110061645508
2023-12-19,2023-12-19 16:00:00,16,lags_meteo,xgboost_direct,12.0,23.496124267578125
2023-12-19,2023-12-19 17:00:00,17,lags_meteo,xgboost_direct,22.0,22.160053253173828
2023-12-19,2023-12-19 18:00:00,18,lags_meteo,xgboost_direct,27.0,23.51144790649414
2023-12-19,2023-12-19 19:00:00,19,lags_meteo,xgboost_direct,31.0,25.23147964477539
2023-12-19,2023-12-19 20:00:00,20,lags_meteo,xgboost_direct,33.0,24.862014770507812
2023-12-19,2023-12-19 21:00:00,21,lags_meteo,xgboost_direct,27.0,22.623714447021484
2023-12-19,2023-12-19 22:00:00,22,lags_meteo,xgboost_direct,22.0,24.168222427368164
2023-12-19,2023-12-19 23:00:00,23,lags_meteo,xgboost_direct,21.0,24.679691314697266
2023-12-19,2023-12-20 00:00:00,24,lags_meteo,xgboost_direct,22.0,22.79477882385254
2023-12-20,2023-12-20 01:00:00,1,lags_meteo,xgboost_direct,23.0,21.726335525512695
2023-12-20,2023-12-20 02:00:00,2,lags_meteo,xgboost_direct,21.0,21.07637596130371
2023-12-20,2023-12-20 03:00:00,3,lags_meteo,xgboost_direct,22.0,20.27284049987793
2023-12-20,2023-12-20 04:00:00,4,lags_meteo,xgboost_direct,18.0,18.579275131225586
2023-12-20,2023-12-20 05:00:00,5,lags_meteo,xgboost_direct,26.0,17.452913284301758
2023-12-20,2023-12-20 06:00:00,6,lags_meteo,xgboost_direct,21.0,16.771833419799805
2023-12-20,2023-12-20 07:00:00,7,lags_meteo,xgboost_direct,19.0,15.191017150878906
2023-12-20,2023-12-20 08:00:00,8,lags_meteo,xgboost_direct,18.0,16.814403533935547
2023-12-20,2023-12-20 09:00:00,9,lags_meteo,xgboost_direct,23.0,19.837425231933594
2023-12-20,2023-12-20 10:00:00,10,lags_meteo,xgboost_direct,16.0,23.551563262939453
2023-12-20,2023-12-20 11:00:00,11,lags_meteo,xgboost_direct,3.0,28.781034469604492
2023-12-20,2023-12-20 12:00:00,12,lags_meteo,xgboost_direct,2.0,30.002904891967773
2023-12-20,2023-12-20 13:00:00,13,lags_meteo,xgboost_direct,4.0,27.68939781188965
2023-12-20,2023-12-20 14:00:00,14,lags_meteo,xgboost_direct,7.0,25.5402889251709
2023-12-20,2023-12-20 15:00:00,15,lags_meteo,xgboost_direct,2.0,25.78598403930664
2023-12-20,2023-12-20 16:00:00,16,lags_meteo,xgboost_direct,6.0,25.374481201171875
2023-12-20,2023-12-20 17:00:00,17,lags_meteo,xgboost_direct,4.0,24.71174430847168
2023-12-20,2023-12-20 18:00:00,18,lags_meteo,xgboost_direct,3.0,24.009090423583984
2023-12-20,2023-12-20 19:00:00,19,lags_meteo,xgboost_direct,4.0,24.95110321044922
2023-12-20,2023-12-20 20:00:00,20,lags_meteo,xgboost_direct,2.0,23.1175479888916
2023-12-20,2023-12-20 21:00:00,21,lags_meteo,xgboost_direct,2.0,24.959102630615234
2023-12-20,2023-12-20 22:00:00,22,lags_meteo,xgboost_direct,2.0,22.832035064697266
2023-12-20,2023-12-20 23:00:00,23,lags_meteo,xgboost_direct,3.0,20.46347999572754
2023-12-20,2023-12-21 00:00:00,24,lags_meteo,xgboost_direct,2.0,19.73027992248535
2023-12-21,2023-12-21 01:00:00,1,lags_meteo,xgboost_direct,5.0,4.510678768157959
2023-12-21,2023-12-21 02:00:00,2,lags_meteo,xgboost_direct,8.0,4.694793224334717
2023-12-21,2023-12-21 03:00:00,3,lags_meteo,xgboost_direct,7.0,4.829977512359619
2023-12-21,2023-12-21 04:00:00,4,lags_meteo,xgboost_direct,3.0,4.676320552825928
2023-12-21,2023-12-21 05:00:00,5,lags_meteo,xgboost_direct,8.0,5.057690143585205
2023-12-21,2023-12-21 06:00:00,6,lags_meteo,xgboost_direct,8.0,4.872596263885498
2023-12-21,2023-12-21 07:00:00,7,lags_meteo,xgboost_direct,9.0,5.4311113357543945
2023-12-21,2023-12-21 08:00:00,8,lags_meteo,xgboost_direct,5.0,6.014342784881592
2023-12-21,2023-12-21 09:00:00,9,lags_meteo,xgboost_direct,4.0,7.396071434020996
2023-12-21,2023-12-21 10:00:00,10,lags_meteo,xgboost_direct,5.0,9.524965286254883
2023-12-21,2023-12-21 11:00:00,11,lags_meteo,xgboost_direct,21.0,9.185172080993652
2023-12-21,2023-12-21 12:00:00,12,lags_meteo,xgboost_direct,26.0,9.47143840789795
2023-12-21,2023-12-21 13:00:00,13,lags_meteo,xgboost_direct,26.0,8.658875465393066
2023-12-21,2023-12-21 14:00:00,14,lags_meteo,xgboost_direct,22.0,8.749470710754395
2023-12-21,2023-12-21 15:00:00,15,lags_meteo,xgboost_direct,17.0,8.452367782592773
2023-12-21,2023-12-21 16:00:00,16,lags_meteo,xgboost_direct,13.0,8.162168502807617
2023-12-21,2023-12-21 17:00:00,17,lags_meteo,xgboost_direct,15.0,8.60830307006836
2023-12-21,2023-12-21 18:00:00,18,lags_meteo,xgboost_direct,13.0,8.988871574401855
2023-12-21,2023-12-21 19:00:00,19,lags_meteo,xgboost_direct,16.0,9.127309799194336
2023-12-21,2023-12-21 20:00:00,20,lags_meteo,xgboost_direct,17.0,9.646796226501465
2023-12-21,2023-12-21 21:00:00,21,lags_meteo,xgboost_direct,23.0,10.590400695800781
2023-12-21,2023-12-21 22:00:00,22,lags_meteo,xgboost_direct,22.0,10.337811470031738
2023-12-21,2023-12-21 23:00:00,23,lags_meteo,xgboost_direct,21.0,10.975154876708984
2023-12-21,2023-12-22 00:00:00,24,lags_meteo,xgboost_direct,23.0,11.493046760559082
2023-12-22,2023-12-22 01:00:00,1,lags_meteo,xgboost_direct,17.0,18.334941864013672
2023-12-22,2023-12-22 02:00:00,2,lags_meteo,xgboost_direct,16.0,17.50901222229004
2023-12-22,2023-12-22 03:00:00,3,lags_meteo,xgboost_direct,20.0,16.833663940429688
2023-12-22,2023-12-22 04:00:00,4,lags_meteo,xgboost_direct,12.0,16.477195739746094
2023-12-22,2023-12-22 05:00:00,5,lags_meteo,xgboost_direct,14.0,15.674052238464355
2023-12-22,2023-12-22 06:00:00,6,lags_meteo,xgboost_direct,14.0,14.756258964538574
2023-12-22,2023-12-22 07:00:00,7,lags_meteo,xgboost_direct,15.0,15.039362907409668
2023-12-22,2023-12-22 08:00:00,8,lags_meteo,xgboost_direct,13.0,14.981696128845215
2023-12-22,2023-12-22 09:00:00,9,lags_meteo,xgboost_direct,10.0,19.345867156982422
2023-12-22,2023-12-22 10:00:00,10,lags_meteo,xgboost_direct,16.0,22.15201187133789
2023-12-22,2023-12-22 11:00:00,11,lags_meteo,xgboost_direct,21.0,25.96244239807129
2023-12-22,2023-12-22 12:00:00,12,lags_meteo,xgboost_direct,25.0,25.340600967407227
2023-12-22,2023-12-22 13:00:00,13,lags_meteo,xgboost_direct,22.0,24.820180892944336
2023-12-22,2023-12-22 14:00:00,14,lags_meteo,xgboost_direct,15.0,23.21492576599121
2023-12-22,2023-12-22 15:00:00,15,lags_meteo,xgboost_direct,18.0,21.462764739990234
2023-12-22,2023-12-22 16:00:00,16,lags_meteo,xgboost_direct,11.0,18.60565757751465
2023-12-22,2023-12-22 17:00:00,17,lags_meteo,xgboost_direct,7.0,17.784486770629883
2023-12-22,2023-12-22 18:00:00,18,lags_meteo,xgboost_direct,7.0,17.806716918945312
2023-12-22,2023-12-22 19:00:00,19,lags_meteo,xgboost_direct,10.0,19.3460636138916
2023-12-22,2023-12-22 20:00:00,20,lags_meteo,xgboost_direct,15.0,20.398536682128906
2023-12-22,2023-12-22 21:00:00,21,lags_meteo,xgboost_direct,13.0,22.181350708007812
2023-12-22,2023-12-22 22:00:00,22,lags_meteo,xgboost_direct,16.0,22.386083602905273
2023-12-22,2023-12-22 23:00:00,23,lags_meteo,xgboost_direct,14.0,22.147388458251953
2023-12-22,2023-12-23 00:00:00,24,lags_meteo,xgboost_direct,17.0,20.255374908447266
2023-12-23,2023-12-23 01:00:00,1,lags_meteo,xgboost_direct,17.0,13.260144233703613
2023-12-23,2023-12-23 02:00:00,2,lags_meteo,xgboost_direct,14.0,13.174480438232422
2023-12-23,2023-12-23 03:00:00,3,lags_meteo,xgboost_direct,14.0,12.688008308410645
2023-12-23,2023-12-23 04:00:00,4,lags_meteo,xgboost_direct,16.0,11.156534194946289
2023-12-23,2023-12-23 05:00:00,5,lags_meteo,xgboost_direct,11.0,10.643357276916504
2023-12-23,2023-12-23 06:00:00,6,lags_meteo,xgboost_direct,16.0,10.133883476257324
2023-12-23,2023-12-23 07:00:00,7,lags_meteo,xgboost_direct,14.0,11.021084785461426
2023-12-23,2023-12-23 08:00:00,8,lags_meteo,xgboost_direct,11.0,10.876975059509277
2023-12-23,2023-12-23 09:00:00,9,lags_meteo,xgboost_direct,7.0,14.446569442749023
2023-12-23,2023-12-23 10:00:00,10,lags_meteo,xgboost_direct,5.0,17.61740493774414
2023-12-23,2023-12-23 11:00:00,11,lags_meteo,xgboost_direct,8.0,19.75201416015625
2023-12-23,2023-12-23 12:00:00,12,lags_meteo,xgboost_direct,8.0,19.037992477416992
2023-12-23,2023-12-23 13:00:00,13,lags_meteo,xgboost_direct,10.0,18.3844051361084
2023-12-23,2023-12-23 14:00:00,14,lags_meteo,xgboost_direct,11.0,15.671932220458984
2023-12-23,2023-12-23 15:00:00,15,lags_meteo,xgboost_direct,10.0,15.20058536529541
2023-12-23,2023-12-23 16:00:00,16,lags_meteo,xgboost_direct,11.0,14.370352745056152
2023-12-23,2023-12-23 17:00:00,17,lags_meteo,xgboost_direct,6.0,13.824634552001953
2023-12-23,2023-12-23 18:00:00,18,lags_meteo,xgboost_direct,12.0,14.507193565368652
2023-12-23,2023-12-23 19:00:00,19,lags_meteo,xgboost_direct,17.0,15.169759750366211
2023-12-23,2023-12-23 20:00:00,20,lags_meteo,xgboost_direct,17.0,16.03006935119629
2023-12-23,2023-12-23 21:00:00,21,lags_meteo,xgboost_direct,15.0,16.72393226623535
2023-12-23,2023-12-23 22:00:00,22,lags_meteo,xgboost_direct,21.0,17.165861129760742
2023-12-23,2023-12-23 23:00:00,23,lags_meteo,xgboost_direct,19.0,16.152189254760742
2023-12-23,2023-12-24 00:00:00,24,lags_meteo,xgboost_direct,20.0,16.286745071411133
2023-12-24,2023-12-24 01:00:00,1,lags_meteo,xgboost_direct,21.0,16.25653076171875
2023-12-24,2023-12-24 02:00:00,2,lags_meteo,xgboost_direct,19.0,14.836079597473145
2023-12-24,2023-12-24 03:00:00,3,lags_meteo,xgboost_direct,11.0,14.337745666503906
2023-12-24,2023-12-24 04:00:00,4,lags_meteo,xgboost_direct,25.0,12.577402114868164
2023-12-24,2023-12-24 05:00:00,5,lags_meteo,xgboost_direct,12.0,12.056866645812988
2023-12-24,2023-12-24 06:00:00,6,lags_meteo,xgboost_direct,9.0,11.833210945129395
2023-12-24,2023-12-24 07:00:00,7,lags_meteo,xgboost_direct,8.0,12.00653076171875
2023-12-24,2023-12-24 08:00:00,8,lags_meteo,xgboost_direct,12.0,11.733844757080078
2023-12-24,2023-12-24 09:00:00,9,lags_meteo,xgboost_direct,10.0,12.055243492126465
2023-12-24,2023-12-24 10:00:00,10,lags_meteo,xgboost_direct,5.0,15.61523151397705
2023-12-24,2023-12-24 11:00:00,11,lags_meteo,xgboost_direct,17.0,19.060075759887695
2023-12-24,2023-12-24 12:00:00,12,lags_meteo,xgboost_direct,15.0,17.725805282592773
2023-12-24,2023-12-24 13:00:00,13,lags_meteo,xgboost_direct,13.0,17.17268180847168
2023-12-24,2023-12-24 14:00:00,14,lags_meteo,xgboost_direct,18.0,16.507850646972656
2023-12-24,2023-12-24 15:00:00,15,lags_meteo,xgboost_direct,16.0,17.23504066467285
2023-12-24,2023-12-24 16:00:00,16,lags_meteo,xgboost_direct,13.0,16.07906150817871
2023-12-24,2023-12-24 17:00:00,17,lags_meteo,xgboost_direct,10.0,16.708707809448242
2023-12-24,2023-12-24 18:00:00,18,lags_meteo,xgboost_direct,11.0,17.37689208984375
2023-12-24,2023-12-24 19:00:00,19,lags_meteo,xgboost_direct,17.0,17.583885192871094
2023-12-24,2023-12-24 20:00:00,20,lags_meteo,xgboost_direct,20.0,18.665464401245117
2023-12-24,2023-12-24 21:00:00,21,lags_meteo,xgboost_direct,21.0,19.761091232299805
2023-12-24,2023-12-24 22:00:00,22,lags_meteo,xgboost_direct,24.0,19.736236572265625
2023-12-24,2023-12-24 23:00:00,23,lags_meteo,xgboost_direct,28.0,19.14303207397461
2023-12-24,2023-12-25 00:00:00,24,lags_meteo,xgboost_direct,32.0,18.934049606323242
2023-12-25,2023-12-25 01:00:00,1,lags_meteo,xgboost_direct,26.0,23.02324676513672
2023-12-25,2023-12-25 02:00:00,2,lags_meteo,xgboost_direct,25.0,21.106903076171875
2023-12-25,2023-12-25 03:00:00,3,lags_meteo,xgboost_direct,31.0,18.71712303161621
2023-12-25,2023-12-25 04:00:00,4,lags_meteo,xgboost_direct,30.0,17.105430603027344
2023-12-25,2023-12-25 05:00:00,5,lags_meteo,xgboost_direct,25.0,17.425634384155273
2023-12-25,2023-12-25 06:00:00,6,lags_meteo,xgboost_direct,25.0,15.656396865844727
2023-12-25,2023-12-25 07:00:00,7,lags_meteo,xgboost_direct,19.0,16.282339096069336
2023-12-25,2023-12-25 08:00:00,8,lags_meteo,xgboost_direct,18.0,15.18634033203125
2023-12-25,2023-12-25 09:00:00,9,lags_meteo,xgboost_direct,16.0,16.364519119262695
2023-12-25,2023-12-25 10:00:00,10,lags_meteo,xgboost_direct,5.0,22.352636337280273
2023-12-25,2023-12-25 11:00:00,11,lags_meteo,xgboost_direct,23.0,23.583993911743164
2023-12-25,2023-12-25 12:00:00,12,lags_meteo,xgboost_direct,21.0,23.331327438354492
2023-12-25,2023-12-25 13:00:00,13,lags_meteo,xgboost_direct,20.0,22.81241226196289
2023-12-25,2023-12-25 14:00:00,14,lags_meteo,xgboost_direct,23.0,20.9888916015625
2023-12-25,2023-12-25 15:00:00,15,lags_meteo,xgboost_direct,27.0,19.34966468811035
2023-12-25,2023-12-25 16:00:00,16,lags_meteo,xgboost_direct,27.0,18.707447052001953
2023-12-25,2023-12-25 17:00:00,17,lags_meteo,xgboost_direct,21.0,18.195026397705078
2023-12-25,2023-12-25 18:00:00,18,lags_meteo,xgboost_direct,18.0,18.485368728637695
2023-12-25,2023-12-25 19:00:00,19,lags_meteo,xgboost_direct,23.0,19.549123764038086
2023-12-25,2023-12-25 20:00:00,20,lags_meteo,xgboost_direct,29.0,21.412818908691406
2023-12-25,2023-12-25 21:00:00,21,lags_meteo,xgboost_direct,33.0,23.71776008605957
2023-12-25,2023-12-25 22:00:00,22,lags_meteo,xgboost_direct,32.0,22.515548706054688
2023-12-25,2023-12-25 23:00:00,23,lags_meteo,xgboost_direct,29.0,23.619659423828125
2023-12-25,2023-12-26 00:00:00,24,lags_meteo,xgboost_direct,24.0,21.801427841186523
2023-12-26,2023-12-26 01:00:00,1,lags_meteo,xgboost_direct,25.0,26.733137130737305
2023-12-26,2023-12-26 02:00:00,2,lags_meteo,xgboost_direct,28.0,24.568666458129883
2023-12-26,2023-12-26 03:00:00,3,lags_meteo,xgboost_direct,29.0,22.32186508178711
2023-12-26,2023-12-26 04:00:00,4,lags_meteo,xgboost_direct,26.0,20.046894073486328
2023-12-26,2023-12-26 05:00:00,5,lags_meteo,xgboost_direct,24.0,19.134315490722656
2023-12-26,2023-12-26 06:00:00,6,lags_meteo,xgboost_direct,20.0,19.584287643432617
2023-12-26,2023-12-26 07:00:00,7,lags_meteo,xgboost_direct,21.0,18.152223587036133
2023-12-26,2023-12-26 08:00:00,8,lags_meteo,xgboost_direct,20.0,17.630876541137695
2023-12-26,2023-12-26 09:00:00,9,lags_meteo,xgboost_direct,23.0,19.758670806884766
2023-12-26,2023-12-26 10:00:00,10,lags_meteo,xgboost_direct,8.0,24.849145889282227
2023-12-26,2023-12-26 11:00:00,11,lags_meteo,xgboost_direct,27.0,27.607206344604492
2023-12-26,2023-12-26 12:00:00,12,lags_meteo,xgboost_direct,33.0,28.230716705322266
2023-12-26,2023-12-26 13:00:00,13,lags_meteo,xgboost_direct,48.0,28.556262969970703
2023-12-26,2023-12-26 14:00:00,14,lags_meteo,xgboost_direct,58.0,26.325899124145508
2023-12-26,2023-12-26 15:00:00,15,lags_meteo,xgboost_direct,60.0,25.21491241455078
2023-12-26,2023-12-26 16:00:00,16,lags_meteo,xgboost_direct,59.0,22.93141746520996
2023-12-26,2023-12-26 17:00:00,17,lags_meteo,xgboost_direct,59.0,22.729887008666992
2023-12-26,2023-12-26 18:00:00,18,lags_meteo,xgboost_direct,56.0,23.6026611328125
2023-12-26,2023-12-26 19:00:00,19,lags_meteo,xgboost_direct,50.0,25.14267921447754
2023-12-26,2023-12-26 20:00:00,20,lags_meteo,xgboost_direct,44.0,26.59748077392578
2023-12-26,2023-12-26 21:00:00,21,lags_meteo,xgboost_direct,44.0,28.350032806396484
2023-12-26,2023-12-26 22:00:00,22,lags_meteo,xgboost_direct,43.0,29.079500198364258
2023-12-26,2023-12-26 23:00:00,23,lags_meteo,xgboost_direct,40.0,26.49359703063965
2023-12-26,2023-12-27 00:00:00,24,lags_meteo,xgboost_direct,36.0,25.26337432861328
2023-12-27,2023-12-27 01:00:00,1,lags_meteo,xgboost_direct,36.0,35.8209228515625
2023-12-27,2023-12-27 02:00:00,2,lags_meteo,xgboost_direct,29.0,35.55326843261719
2023-12-27,2023-12-27 03:00:00,3,lags_meteo,xgboost_direct,35.0,33.947914123535156
2023-12-27,2023-12-27 04:00:00,4,lags_meteo,xgboost_direct,31.0,33.91184997558594
2023-12-27,2023-12-27 05:00:00,5,lags_meteo,xgboost_direct,29.0,32.39349365234375
2023-12-27,2023-12-27 06:00:00,6,lags_meteo,xgboost_direct,28.0,32.667015075683594
2023-12-27,2023-12-27 07:00:00,7,lags_meteo,xgboost_direct,22.0,32.49907684326172
2023-12-27,2023-12-27 08:00:00,8,lags_meteo,xgboost_direct,22.0,31.01909637451172
2023-12-27,2023-12-27 09:00:00,9,lags_meteo,xgboost_direct,22.0,36.321502685546875
2023-12-27,2023-12-27 10:00:00,10,lags_meteo,xgboost_direct,17.0,41.409236907958984
2023-12-27,2023-12-27 11:00:00,11,lags_meteo,xgboost_direct,28.0,47.51970672607422
2023-12-27,2023-12-27 12:00:00,12,lags_meteo,xgboost_direct,32.0,46.79363250732422
2023-12-27,2023-12-27 13:00:00,13,lags_meteo,xgboost_direct,32.0,42.38351058959961
2023-12-27,2023-12-27 14:00:00,14,lags_meteo,xgboost_direct,37.0,42.176212310791016
2023-12-27,2023-12-27 15:00:00,15,lags_meteo,xgboost_direct,34.0,40.02893829345703
2023-12-27,2023-12-27 16:00:00,16,lags_meteo,xgboost_direct,33.0,37.48044204711914
2023-12-27,2023-12-27 17:00:00,17,lags_meteo,xgboost_direct,32.0,35.986351013183594
2023-12-27,2023-12-27 18:00:00,18,lags_meteo,xgboost_direct,27.0,32.85246658325195
2023-12-27,2023-12-27 19:00:00,19,lags_meteo,xgboost_direct,34.0,37.06201171875
2023-12-27,2023-12-27 20:00:00,20,lags_meteo,xgboost_direct,33.0,34.8268928527832
2023-12-27,2023-12-27 21:00:00,21,lags_meteo,xgboost_direct,37.0,38.17951202392578
2023-12-27,2023-12-27 22:00:00,22,lags_meteo,xgboost_direct,36.0,35.35213088989258
2023-12-27,2023-12-27 23:00:00,23,lags_meteo,xgboost_direct,36.0,34.006675720214844
2023-12-27,2023-12-28 00:00:00,24,lags_meteo,xgboost_direct,35.0,33.7039680480957
2023-12-28,2023-12-28 01:00:00,1,lags_meteo,xgboost_direct,32.0,31.213533401489258
2023-12-28,2023-12-28 02:00:00,2,lags_meteo,xgboost_direct,31.0,27.846675872802734
2023-12-28,2023-12-28 03:00:00,3,lags_meteo,xgboost_direct,28.0,26.79644203186035
2023-12-28,2023-12-28 04:00:00,4,lags_meteo,xgboost_direct,28.0,24.433616638183594
2023-12-28,2023-12-28 05:00:00,5,lags_meteo,xgboost_direct,27.0,23.26792335510254
2023-12-28,2023-12-28 06:00:00,6,lags_meteo,xgboost_direct,24.0,22.404916763305664
2023-12-28,2023-12-28 07:00:00,7,lags_meteo,xgboost_direct,22.0,22.00535011291504
2023-12-28,2023-12-28 08:00:00,8,lags_meteo,xgboost_direct,20.0,19.003454208374023
2023-12-28,2023-12-28 09:00:00,9,lags_meteo,xgboost_direct,18.0,22.330280303955078
2023-12-28,2023-12-28 10:00:00,10,lags_meteo,xgboost_direct,29.0,26.540950775146484
2023-12-28,2023-12-28 11:00:00,11,lags_meteo,xgboost_direct,24.0,32.3101692199707
2023-12-28,2023-12-28 12:00:00,12,lags_meteo,xgboost_direct,37.0,32.69346618652344
2023-12-28,2023-12-28 13:00:00,13,lags_meteo,xgboost_direct,38.0,31.581287384033203
2023-12-28,2023-12-28 14:00:00,14,lags_meteo,xgboost_direct,41.0,31.188793182373047
2023-12-28,2023-12-28 15:00:00,15,lags_meteo,xgboost_direct,48.0,28.1641788482666
2023-12-28,2023-12-28 16:00:00,16,lags_meteo,xgboost_direct,42.0,28.182188034057617
2023-12-28,2023-12-28 17:00:00,17,lags_meteo,xgboost_direct,40.0,26.959245681762695
2023-12-28,2023-12-28 18:00:00,18,lags_meteo,xgboost_direct,38.0,26.363311767578125
2023-12-28,2023-12-28 19:00:00,19,lags_meteo,xgboost_direct,40.0,23.3592529296875
2023-12-28,2023-12-28 20:00:00,20,lags_meteo,xgboost_direct,42.0,24.96183204650879
2023-12-28,2023-12-28 21:00:00,21,lags_meteo,xgboost_direct,41.0,22.427772521972656
2023-12-28,2023-12-28 22:00:00,22,lags_meteo,xgboost_direct,46.0,24.42850112915039
2023-12-28,2023-12-28 23:00:00,23,lags_meteo,xgboost_direct,53.0,21.84134292602539
2023-12-28,2023-12-29 00:00:00,24,lags_meteo,xgboost_direct,53.0,21.441043853759766
2023-12-29,2023-12-29 01:00:00,1,lags_meteo,xgboost_direct,47.0,43.87528610229492
2023-12-29,2023-12-29 02:00:00,2,lags_meteo,xgboost_direct,47.0,41.857460021972656
2023-12-29,2023-12-29 03:00:00,3,lags_meteo,xgboost_direct,44.0,41.92010498046875
2023-12-29,2023-12-29 04:00:00,4,lags_meteo,xgboost_direct,37.0,42.26338577270508
2023-12-29,2023-12-29 05:00:00,5,lags_meteo,xgboost_direct,33.0,38.78986740112305
2023-12-29,2023-12-29 06:00:00,6,lags_meteo,xgboost_direct,30.0,37.152809143066406
2023-12-29,2023-12-29 07:00:00,7,lags_meteo,xgboost_direct,31.0,35.476531982421875
2023-12-29,2023-12-29 08:00:00,8,lags_meteo,xgboost_direct,28.0,32.442203521728516
2023-12-29,2023-12-29 09:00:00,9,lags_meteo,xgboost_direct,28.0,33.03993606567383
2023-12-29,2023-12-29 10:00:00,10,lags_meteo,xgboost_direct,26.0,37.04034423828125
2023-12-29,2023-12-29 11:00:00,11,lags_meteo,xgboost_direct,28.0,41.050228118896484
2023-12-29,2023-12-29 12:00:00,12,lags_meteo,xgboost_direct,36.0,44.200321197509766
2023-12-29,2023-12-29 13:00:00,13,lags_meteo,xgboost_direct,41.0,49.82933807373047
2023-12-29,2023-12-29 14:00:00,14,lags_meteo,xgboost_direct,50.0,48.305763244628906
2023-12-29,2023-12-29 15:00:00,15,lags_meteo,xgboost_direct,45.0,46.93593978881836
2023-12-29,2023-12-29 16:00:00,16,lags_meteo,xgboost_direct,46.0,46.048194885253906
2023-12-29,2023-12-29 17:00:00,17,lags_meteo,xgboost_direct,42.0,42.08832550048828
2023-12-29,2023-12-29 18:00:00,18,lags_meteo,xgboost_direct,37.0,38.357784271240234
2023-12-29,2023-12-29 19:00:00,19,lags_meteo,xgboost_direct,40.0,37.937469482421875
2023-12-29,2023-12-29 20:00:00,20,lags_meteo,xgboost_direct,37.0,36.893680572509766
2023-12-29,2023-12-29 21:00:00,21,lags_meteo,xgboost_direct,33.0,39.522789001464844
2023-12-29,2023-12-29 22:00:00,22,lags_meteo,xgboost_direct,28.0,38.593685150146484
2023-12-29,2023-12-29 23:00:00,23,lags_meteo,xgboost_direct,25.0,41.56045150756836
2023-12-29,2023-12-30 00:00:00,24,lags_meteo,xgboost_direct,30.0,36.50792694091797
2023-12-30,2023-12-30 01:00:00,1,lags_meteo,xgboost_direct,23.0,25.7309513092041
2023-12-30,2023-12-30 02:00:00,2,lags_meteo,xgboost_direct,17.0,24.43729019165039
2023-12-30,2023-12-30 03:00:00,3,lags_meteo,xgboost_direct,21.0,23.384429931640625
2023-12-30,2023-12-30 04:00:00,4,lags_meteo,xgboost_direct,20.0,22.757156372070312
2023-12-30,2023-12-30 05:00:00,5,lags_meteo,xgboost_direct,18.0,21.14736557006836
2023-12-30,2023-12-30 06:00:00,6,lags_meteo,xgboost_direct,16.0,21.290424346923828
2023-12-30,2023-12-30 07:00:00,7,lags_meteo,xgboost_direct,17.0,20.410293579101562
2023-12-30,2023-12-30 08:00:00,8,lags_meteo,xgboost_direct,14.0,18.105276107788086
2023-12-30,2023-12-30 09:00:00,9,lags_meteo,xgboost_direct,11.0,21.505245208740234
2023-12-30,2023-12-30 10:00:00,10,lags_meteo,xgboost_direct,13.0,23.930465698242188
2023-12-30,2023-12-30 11:00:00,11,lags_meteo,xgboost_direct,30.0,32.67232894897461
2023-12-30,2023-12-30 12:00:00,12,lags_meteo,xgboost_direct,27.0,31.108646392822266
2023-12-30,2023-12-30 13:00:00,13,lags_meteo,xgboost_direct,30.0,33.78421401977539
2023-12-30,2023-12-30 14:00:00,14,lags_meteo,xgboost_direct,30.0,32.50542449951172
2023-12-30,2023-12-30 15:00:00,15,lags_meteo,xgboost_direct,28.0,30.020700454711914
2023-12-30,2023-12-30 16:00:00,16,lags_meteo,xgboost_direct,26.0,31.144514083862305
2023-12-30,2023-12-30 17:00:00,17,lags_meteo,xgboost_direct,23.0,31.28091049194336
2023-12-30,2023-12-30 18:00:00,18,lags_meteo,xgboost_direct,18.0,33.710968017578125
2023-12-30,2023-12-30 19:00:00,19,lags_meteo,xgboost_direct,19.0,31.916677474975586
2023-12-30,2023-12-30 20:00:00,20,lags_meteo,xgboost_direct,28.0,34.239280700683594
2023-12-30,2023-12-30 21:00:00,21,lags_meteo,xgboost_direct,27.0,34.58598709106445
2023-12-30,2023-12-30 22:00:00,22,lags_meteo,xgboost_direct,23.0,32.74062728881836
2023-12-30,2023-12-30 23:00:00,23,lags_meteo,xgboost_direct,21.0,31.748905181884766
2023-12-30,2023-12-31 00:00:00,24,lags_meteo,xgboost_direct,22.0,32.238685607910156
